Date,spot,risk_free,raw_rows,put_iv_ew,call_iv_ew,atm_put_iv_ew,delta_put_iv_ew,delta_call_iv_ew,put_iv_qw,call_iv_qw,atm_put_iv_qw,n_put,n_call,n_delta_put,n_delta_call,vs_ew,vs_qw,vs_delta_ew,atm_cp_ew,atm_cp_qw,log_ret_1d,rf_1d,excess_1d,log_ret_5d,rf_5d,excess_5d,log_ret_10d,rf_10d,excess_10d,log_ret_21d,rf_21d,excess_21d,next_year
2017-01-03,2257.83,0.0080686135714285,872,0.22115527725856696,0.1124805652173913,0.11993406086956522,0.1479093777777778,0.10966904761904761,0.20113079384071772,0.12161983638425006,0.11849444035780642,321,230,135,21,0.10867471204117565,0.07951095745646766,0.038240330158730185,-0.0074534956521739165,0.0031253960264436415,0.005705998372356855,3.201830782312897e-05,0.005673980064533726,0.004890957520127443,0.00016196210742630278,0.00472899541270114,0.006207909166050327,0.0003171548410121603,0.005890754325038167,0.010144005480794705,0.0006683297495384341,0.009475675731256272,2017
2017-01-04,2270.75,0.0080301842857142,862,0.21241949546827793,0.10644111555555556,0.1066173256880734,0.13307577685950414,0.10169372222222223,0.1886565125844244,0.1147385695605013,0.10721689190461448,331,225,121,18,0.10597837991272237,0.0739179430239231,0.031382054637281914,-0.00017621013251784,0.0075216776558868215,-0.0007709676024811847,3.186581065759603e-05,-0.0008028334131387808,0.002010528451789763,0.0001643451488095226,0.0018461833029802402,-0.003113948229494827,0.0003156732886690008,-0.0034296215181638277,0.011676580784254558,0.0006685978391075953,0.011007982945146962,2017
2017-01-05,2269.0,0.0080371046428571,1001,0.2118682235649547,0.10712149333333333,0.10446568325791855,0.13084607826086958,0.10208977777777778,0.18549170611677826,0.1164727647141985,0.10520834120615563,331,225,115,18,0.10474673023162136,0.06901894140257976,0.0287563004830918,0.00265581007541478,0.011264423508042867,0.0035107977582784673,3.189327239229008e-05,0.0034789044858861773,0.000634439511614454,0.0001626722878873762,0.0004717672237270778,0.001017551752773206,0.0003142482220590238,0.0007033035307141822,0.010329891309270828,0.0006689973359896819,0.009660893973281147,2017
2017-01-06,2276.98,0.0080418957142857,1002,0.20908383081570997,0.1087985,0.10242829268292683,0.12547308181818181,0.10246315789473685,0.18592169910061723,0.10858861607779122,0.10384388073687163,331,230,110,19,0.10028533081570996,0.07733308302282602,0.02300992392344496,0.006370207317073176,0.004744735340919584,-0.003554871008026604,3.191228458049881e-05,-0.0035867832926071027,-0.0010282054328592954,0.0001608887575585782,-0.0011890941904178737,-0.00518694829847041,0.0003126723076450127,-0.005499620606115423,0.007045888503159983,0.0006717535137107703,0.006374134989449212,2017
2017-01-09,2268.9,0.0086366528571428,859,0.20595288379204893,0.10900962222222223,0.10635887019230769,0.132792432,0.10470215000000001,0.1856462520318561,0.11088468311395244,0.1084764161058779,327,225,125,20,0.0969432615698267,0.07476156891790367,0.02809028199999998,0.0026507520299145354,0.0024082670080745466,0.0,3.4272431972788885e-05,-3.4272431972788885e-05,-0.00044524874049098594,0.00015909067602040716,-0.000604339416511393,0.004911011701489772,0.0003132315012391167,0.0045977802002506556,0.01129390977598353,0.0006746025896744888,0.010619307186309043,2017
2017-01-10,2268.9,0.0086691399999999,858,0.206632877675841,0.10751567111111111,0.10721319711538461,0.13267397560975608,0.10363226315789473,0.18814401402227143,0.11666849441594393,0.10517253778063787,327,225,123,19,0.09911720656472987,0.0714755196063275,0.02904171245186135,0.0003024739957264988,0.01149595663530606,0.00282556930401906,3.4401349206348806e-05,0.0027911679548127113,0.0013169516459227493,0.00015519273358585752,0.0011617589123368917,0.01290504349149942,0.00031147976937970635,0.012593563722119715,0.01702988868831434,0.0006708746229322364,0.016359014065382104,2017
2017-01-11,2275.32,0.0076086233333333,853,0.20455970030581042,0.10282228888888889,0.10667358666666668,0.1298814537815126,0.09861344444444445,0.18268174894519196,0.10994586941563704,0.10630304527439303,327,225,119,18,0.10173741141692152,0.07273587952955492,0.031268009337068164,-0.00385129777777779,0.0036428241412440054,-0.00214705654265648,3.0192949735449605e-05,-0.0021772494923919298,-0.005124476681284579,0.00015132813985947816,-0.0052758048211440575,0.009343900003869256,0.00030965398706678135,0.009034246016802475,0.017764034819553617,0.0006668412045648897,0.017097193614988727,2017
2017-01-12,2270.44,0.007587655,849,0.2091331987767584,0.10728046666666667,0.1029463640776699,0.13013168907563025,0.10242484210526316,0.1861344486652558,0.11799672974024739,0.10306519949414315,327,225,119,19,0.10185273211009173,0.06813771892500842,0.027706846970367086,0.004334102588996774,0.014931530246104233,0.0018481528138047062,3.010974206349206e-05,0.0018180430717412142,0.0003831122411586415,0.0001515759341716476,0.00023153630698699392,0.01062411282684743,0.00031196805830638807,0.010312144768541042,0.02514326711031089,0.0006669042601204452,0.024476362850190444,2017
2017-01-13,2274.64,0.0075887791666666,858,0.21506378614457833,0.10035832444444444,0.1039465971563981,0.13037501680672267,0.09559823529411765,0.19233547019706512,0.10958093774420319,0.10435840418552585,332,225,119,17,0.11470546170013389,0.08275453245286193,0.03477678151260502,-0.003588272711953666,0.005222533558677342,-0.0029719143156583245,3.011420304232778e-05,-0.003002028518700652,-0.004158742865611173,0.00015178355008643453,-0.004310526415697608,0.002748303797239762,0.000314330374066025,0.0024339734231737372,0.02729440807086323,0.0006674541779208984,0.026626953892942333,2017
2017-01-17,2267.89,0.0076543713636363,706,0.2194324431372549,0.10103170652173912,0.11124400000000001,0.13783098058252427,0.09688006666666667,0.20089548922823502,0.11005291263494019,0.10961781041924762,255,184,103,15,0.11840073661551578,0.09084257659329484,0.040950913915857604,-0.010212293478260887,0.0004351022156925677,0.0017622003864136812,3.0374489538239285e-05,0.001731825896875442,0.005356260441980557,0.00015414082521870954,0.005202119616761847,0.004829822266565428,0.00031669647431167895,0.0045131257922537485,0.03524624447357165,0.0006678909310388123,0.03457835354253284,2017
2017-01-18,2271.89,0.0076952623809523,710,0.22627746718146716,0.10235476630434782,0.10723918478260869,0.13565008823529412,0.09614500000000001,0.2062344351728891,0.11272042809765216,0.1061570069182252,259,184,102,14,0.12392270087711933,0.09351400707523695,0.03950508823529411,-0.004884418478260863,0.006563421179426959,-0.0036158590231882884,3.053675547996944e-05,-0.0036463957786682577,0.011588091845576553,0.0001562870357938488,0.011431804809782705,0.0033659708717076195,0.0003187695230387456,0.003047201348668874,0.0326195649671285,0.0006680588262322432,0.03195150614089626,2017
2017-01-19,2263.69,0.0076710675,763,0.22797279215686275,0.10770267222222223,0.10785347777777778,0.1406271067961165,0.10227764285714287,0.21074241100750096,0.11972768804023642,0.10813238636282148,255,180,103,14,0.12027011993464053,0.09101472296726454,0.038349463938973635,-0.00015080555555554986,0.011595301677414946,0.0033605323797867037,3.0440744047619046e-05,0.0033300916357390845,0.014468376685154051,0.00015832584720730316,0.014310050837946748,0.007551955337932711,0.0003206381530463043,0.007231317184886407,0.03791259821784752,0.0006682141044824325,0.03724438411336509,2017
2017-01-20,2271.31,0.0076399742105263,757,0.2212724671814672,0.09647610555555555,0.10349962222222223,0.12784531914893618,0.08974892307692307,0.19957358955065585,0.10796775013683606,0.10244218454970026,259,180,94,13,0.12479636162591165,0.09160583941381979,0.03809639607201311,-0.007023516666666674,0.0055255655871357945,-0.00269370229296495,3.031735797827897e-05,-0.0027240196509432293,0.010241000585688758,0.0001603921241347405,0.010080608461554017,0.011429996633962608,0.00032248380639097546,0.011107512827571633,0.04058192801909665,0.0006682532518299678,0.039913674767266684,2017
2017-01-23,2265.2,0.0081828124999999,611,0.214493455026455,0.1014064,0.10305576296296297,0.1330701333333333,0.09646972727272728,0.1976106954091002,0.11323493569832481,0.10297278484691359,189,135,75,11,0.11308705502645501,0.08437575971077539,0.036600406060606036,-0.0016493629629629747,0.010262150851411217,0.006543088991933502,3.247147817460278e-05,0.0065106175137589,0.00690704666285084,0.00016254682397959046,0.0067444998388712495,0.012006041849462759,0.00032443175595237895,0.01168161009351038,0.04219276569121065,0.0006707405004276524,0.041522025190783,2017
2017-01-24,2280.07,0.0081952164285714,608,0.20852821025641027,0.09610880000000001,0.09822004444444445,0.12238060869565218,0.09021436363636363,0.19054530711836917,0.10403992581438609,0.09935744771369649,195,135,69,11,0.11241941025641027,0.08650538130398308,0.03216624505928854,-0.002111244444444438,0.004682478100689599,0.007994031790009634,3.2520700113378574e-05,0.007961511089896256,-0.000526438175415343,0.00016255564909296944,-0.0006889938245083125,0.005689747809697015,0.00032660972789115474,0.005363138081805861,0.036068579813960146,0.0006709217750875167,0.035397658038872626,2017
2017-01-25,2298.37,0.0082090428571428,602,0.2060168181818182,0.0962557463768116,0.09751649999999999,0.11541785714285714,0.0892831,0.18848815271611383,0.0962373673453564,0.0971361722917062,198,138,63,10,0.10976107180500659,0.09225078537075743,0.026134757142857137,-0.0012607536231883931,-0.0008988049463497932,-0.0007355741836108801,3.2575566893423804e-05,-0.0007681497505043039,-0.008222120973869053,0.00016248248724489683,-0.00838460346111395,-0.001611133715515919,0.00032885038832199364,-0.0019399841038379125,0.029566785917504054,0.0007134780591011222,0.02885330785840293,2017
2017-01-26,2296.68,0.0081917692857142,733,0.2034723137254902,0.09786390217391305,0.10078465217391304,0.1216014,0.09244792857142857,0.1857143833797976,0.10494142244556266,0.09927606725245035,255,184,95,14,0.10560841155157716,0.08077296093423493,0.02915347142857143,-0.002920749999999986,0.005665355193112315,-0.0008668437196784661,3.250702097505635e-05,-0.0008993507406535224,-0.006916421347221228,0.00016231230583900117,-0.007078733653060229,0.0048604193804257624,0.00032681928665910634,0.004533600093766656,0.03131986249516904,0.0007133919740671087,0.030606470521101933,2017
2017-01-27,2294.69,0.0081829585714285,736,0.2039653107569721,0.09293398369565217,0.10218491847826087,0.11974378651685394,0.08708584615384615,0.18444572574309384,0.0993887814242461,0.09920341495762275,251,184,89,13,0.11103132706131993,0.08505694431884774,0.03265794036300779,-0.009250934782608702,0.00018536646662335732,-0.006027656215802972,3.247205782312897e-05,-0.006060128273626101,0.0011889960482739375,0.00016209168225623494,0.0010269043660177026,0.009286978535362691,0.000324680196523052,0.008962298338839639,0.02960504554729992,0.0007133887456090591,0.02889165680169086,2017
2017-01-30,2280.9,0.0081850364285714,738,0.21629228888888888,0.10146784444444444,0.10914215111111111,0.13589869291338583,0.09783327777777778,0.1975941252348142,0.11010624877190825,0.10772561380449287,315,225,127,18,0.11482444444444444,0.08748787646290596,0.038065415135608044,-0.007674306666666672,0.0023806349674153765,-0.0008903958463327385,3.2480303287981745e-05,-0.0009228761496207202,0.00509899518661207,0.0001618849319727885,0.004937110254639282,0.020546810499266453,0.0003224641439909282,0.020224346355275525,0.04921388370266675,0.0007134575880126873,0.04850042611465406,2017
2017-01-31,2278.87,0.0081767796428571,745,0.2213129935483871,0.10017502173913043,0.11313293913043478,0.13817874809160305,0.09759177777777778,0.20329583250663483,0.10893111788756958,0.10989365482848476,310,230,131,18,0.12113797180925667,0.09436471461906525,0.04058697031382527,-0.01295791739130435,-0.000962536940915179,0.0002983489915560355,3.244753826530595e-05,0.0002659014532907295,0.006216185985112259,0.00016405407879818533,0.006052131906314074,0.02543650011995641,0.00032064350056689166,0.025115856619389518,0.04422717907257923,0.0007137937121623472,0.043513385360416885,2017
2017-02-01,2279.55,0.0081661571428571,737,0.21862520000000002,0.09906510666666667,0.10772150666666666,0.13375724390243904,0.09519164705882353,0.1991292080310473,0.10875319043464822,0.10575748590860257,315,225,123,17,0.11956009333333335,0.09037601759639909,0.038565596843615504,-0.008656399999999995,0.0029957045260456533,0.0005701254430369949,3.2405385487528175e-05,0.0005377200575494667,0.006610987258353054,0.0001663679010770968,0.006444619357275957,0.030118073215450427,0.00031874691846182733,0.0297993262969886,0.04443249847640626,0.000714263339429921,0.04371823513697634,2017
2017-02-02,2280.85,0.0081361721428571,863,0.22231108253968254,0.10024101333333332,0.10984421777777778,0.136174890625,0.09587622222222222,0.2012794522310401,0.1104354486625663,0.1088727412576998,315,225,128,18,0.12207006920634922,0.0908440035684738,0.040298668402777765,-0.009603204444444458,0.001562707404866498,0.007238573675816557,3.228639739229008e-05,0.007206287278424267,0.011776840727647021,0.00016450698082010517,0.011612333746826915,0.028683468652384088,0.0003168839177059695,0.028366584734678117,0.040579774775951746,0.0007146488847813949,0.039865125891170354,2017
2017-02-03,2297.42,0.0081308575,851,0.21523638940809967,0.0899337268722467,0.10558724782608696,0.12437108035714285,0.08702176470588234,0.19557897679332908,0.09793451165270474,0.10428940074366619,321,227,112,17,0.12530266253585298,0.09764446514062435,0.03734931565126051,-0.01565352095384026,-0.006354889090961449,-0.002117657077464753,3.226530753968254e-05,-0.0021499223850044357,0.008097982487088705,0.00016258851426681706,0.007935393972821888,0.023122069204098206,0.00031528955404383805,0.022806779650054367,0.03042364522237625,0.0007174270077972679,0.02970621821457898,2017
2017-02-06,2292.56,0.0087316614285714,723,0.21077278571428573,0.09646120869565217,0.10889363913043477,0.1329143203125,0.09471242105263158,0.19313653634862035,0.10589310729108858,0.10683778154082679,308,230,128,19,0.11431157701863356,0.08724342905753177,0.038201899259868416,-0.012432430434782607,-0.0009446742497382088,0.0002267949521675034,3.4649450113378576e-05,0.00019214550205412482,0.015447815312654475,0.0001605792120181397,0.015287236100636335,0.03126958846259881,0.0003135041378993099,0.030956084324699498,0.030254437244795377,0.0007202880710058845,0.029534149173789492,2017
2017-02-07,2293.08,0.0087598628571428,722,0.21242924675324676,0.09646818695652173,0.11071035652173913,0.13412696062992124,0.09528152631578947,0.19515913161996176,0.10544834077540277,0.10806514169273326,308,230,127,19,0.11596105979672502,0.08971079084455899,0.038845434314131774,-0.0142421695652174,-0.002616800917330492,0.0006931502647968556,3.476136054421746e-05,0.0006583889042526381,0.019220314134843968,0.00015658942176870636,0.019063724713075263,0.029959928889580323,0.0003116592943618948,0.029648269595218428,0.030827160086414895,0.0007184964648078495,0.030108663621607044,2017
2017-02-08,2294.67,0.0076972052380952,720,0.21540841883116885,0.09955850869565218,0.10729888695652175,0.13351712500000001,0.09779158823529412,0.19588997286646487,0.11059888092926609,0.10611510949187301,308,230,128,17,0.11584991013551667,0.08529109193719878,0.0357255367647059,-0.007740378260869568,0.004483771437393078,0.005735978912330699,3.0544465230536506e-05,0.005705434447100162,0.023507085957097273,0.00015237901738473055,0.023354706939712543,0.029685681739466407,0.0003095506866521444,0.029376131052814263,0.03339735792092586,0.0007181937897795051,0.032679164131146354,2017
2017-02-09,2307.87,0.0076527185714285,845,0.209482190625,0.10038579475982533,0.09836540707964601,0.12522991596638655,0.09634289473684211,0.18707718581574082,0.10972172820796094,0.09982643524976632,320,229,119,19,0.10909639586517468,0.07735545760777987,0.028887021229544438,0.002020387680179314,0.00989529295819462,0.003559715435258431,3.0367930839001984e-05,0.003529347504419429,0.016906627924737055,0.0001523769368858643,0.01675425098785119,0.025441940720689005,0.0003540832055485921,0.02508785751514041,0.02802799813125644,0.0007227265963743655,0.027305271534882075,2017
2017-02-10,2316.1,0.0076245133333333,869,0.21016290461538462,0.09788441739130435,0.09886496956521738,0.12149972321428572,0.09291905882352941,0.19150219515271552,0.10603074350299743,0.09778589499420315,325,230,112,17,0.11227848722408026,0.08547145164971809,0.028580664390756308,-0.0009805521739130324,0.008244848508794284,0.005232175748100871,3.025600529100516e-05,0.005201919742809866,0.015024086717009347,0.00015270103977702105,0.014871385677232325,0.022899727679484748,0.00035620475656900037,0.022543522922915747,0.021083542013842892,0.000728716850059173,0.02035482516378372,2017
2017-02-13,2328.25,0.0077262342857142,729,0.20520992331288346,0.09836425652173912,0.09867660434782609,0.12321379838709677,0.09454621052631579,0.18665707041335458,0.10519951825389436,0.0977399798446298,326,230,124,19,0.10684566679114434,0.08145755215946023,0.028667587860780983,-0.0003123478260869672,0.0074595384092645545,0.003999293774357182,3.0659659863945236e-05,0.0039686341144932365,0.015821773149944127,0.00015292492588117024,0.01566884822406296,0.01508589126383629,0.00035845254379500196,0.014727438720041288,0.024191220654059105,0.0007355733414612893,0.023455647312597815,2017
2017-02-14,2337.58,0.0076988409523809,835,0.20458703592814373,0.09428417826086957,0.09616380000000001,0.11677340677966101,0.08962123529411764,0.18594537865538774,0.09994976541112469,0.09445835710469004,334,230,118,17,0.11030285766727416,0.08599561324426305,0.027152171485543372,-0.0018796217391304354,0.005491408306434645,0.004979922087050161,3.0550956160241665e-05,0.004949371130889919,0.010739614754736181,0.00015506987259318846,0.010584544882142994,0.024667779429042993,0.0003603337841578139,0.02430744564488518,0.018563945384586767,0.0007425617503804126,0.017821383634206354,2017
2017-02-15,2349.25,0.0076966809523809,844,0.2147445280235988,0.10243001731601732,0.10017919047619048,0.12175386776859504,0.09579794736842107,0.19493891059759808,0.10786984014857165,0.09886515927506831,339,231,121,19,0.11231451070758149,0.08706907044902643,0.02595592040017397,0.0022508268398268444,0.00900468087350334,-0.0008644791200295176,3.0542384731670235e-05,-0.0008950215047611879,0.00617859578236914,0.0001571716692674139,0.006021424113101726,0.013810756865572702,0.00036259925543521385,0.013448157610137488,0.012268794823392121,0.0007508614291408059,0.011517933394251315,2017
2017-02-16,2347.22,0.0077343925,1012,0.21702891916167663,0.10248894893617022,0.09896542307692308,0.12195869166666666,0.09654125,0.1986669663744939,0.11005037665467016,0.09860804041641955,334,235,120,20,0.11453997022550641,0.08861658971982375,0.025417441666666665,0.0035235258592471452,0.011442336238250611,0.0016771742275309119,3.069203373015873e-05,0.0016464821938007531,0.008535312795952134,0.0002017062686627278,0.008333606527289405,0.015178904380985396,0.00036497403623642343,0.014813930344748972,0.011121370206519305,0.0007590729928218341,0.01036229721369747,2017
2017-02-17,2351.16,0.0076809326315789,1004,0.21618369461077844,0.09368282978723404,0.10307806382978722,0.122266725,0.08968935294117647,0.19712648098536417,0.1008824784499457,0.10054654862530164,334,235,120,17,0.1225008648235444,0.09624400253541847,0.03257737205882354,-0.009395234042553186,0.00033592982464406007,0.006029862181035704,3.0479891395154366e-05,0.0059993822896405495,0.007875640962475205,0.00020350371679197932,0.007672137245683226,0.010219131896037053,0.00036707293334526666,0.009852058962691786,-0.0030414192869651748,0.000767324656469177,-0.0038087439434343518,2017
2017-02-21,2365.38,0.0082667608571428,851,0.21037412915129153,0.10106034042553191,0.10004940957446809,0.12375447474747474,0.09585706666666667,0.19446477796900555,0.10864559644969136,0.09980024065514638,271,188,99,15,0.10931378872575961,0.08581918151931418,0.027897408080808067,0.0010109308510638237,0.008845355794544985,-0.0010828646208509895,3.280460657596349e-05,-0.001115669227426953,-0.0007358818861079244,0.00020552761791383175,-0.0009414095040217562,0.0012717138372423888,0.0003716575623582754,0.0009000562748841133,-0.0071831494965255375,0.0007757296099513676,-0.007958879106476906,2017
2017-02-22,2362.82,0.0082284937142857,868,0.21382002996254681,0.10260403125,0.100355734375,0.12514103092783507,0.0976384,0.2011965918824306,0.1095829472693218,0.1006498589048552,267,192,97,15,0.11121599871254681,0.09161364461310881,0.027502630927835073,0.002248296875,0.008933088364466601,0.0004189031146829564,3.265275283446707e-05,0.00038625036184848936,0.013928164674306817,0.0002052639115646254,0.013722900762742192,6.771340304744861e-05,0.0003739793265306111,-0.0003062659234831625,-0.007161121161177852,0.0007819075884094174,-0.007943028749587269,2017
2017-02-23,2363.81,0.0189194,1017,0.21582111070110702,0.10055660638297872,0.10126354787234043,0.1260325612244898,0.09564586666666666,0.2018992648922082,0.10946679951661821,0.10127511182974032,271,188,98,15,0.11526450431812829,0.09243246537558998,0.03038669455782314,-0.0007069414893617065,0.008191687686877891,0.0014922378935534736,7.507698412698413e-05,0.0014171609094264894,0.007632161083203707,0.00020542758616779998,0.007426733497035907,0.00044832808215182046,0.0003741844176114877,7.414366454033274e-05,-0.008424384808249648,0.000788107887162252,-0.0092124926954119,2017
2017-02-24,2367.34,0.0081873494285714,1002,0.21549158671586716,0.09659504687499999,0.10310886979166667,0.12527965625,0.09216585714285715,0.20001273410977577,0.10443417877298358,0.10218126062480277,271,192,96,14,0.11889653984086716,0.09557855533679219,0.03311379910714286,-0.006513822916666676,0.0022529181481808075,0.0010175023940541276,3.248948185941032e-05,0.0009850129121947173,0.006643591585033374,0.00016326776757369564,0.006480323817459679,0.0022194382879059974,0.0003335661190003766,0.0018858721689056209,-0.010936776154755636,0.0007535403233867417,-0.011690316478142377,2017
2017-02-27,2369.75,0.0081909557142857,994,0.21877096793002918,0.10880688936170213,0.1022940353982301,0.13148386046511626,0.10461509523809524,0.19983419310280723,0.10595370683860966,0.10872333294979065,343,235,129,21,0.10996407856832704,0.09388048626419757,0.026868765227021016,0.006512853963472037,-0.0027696261111809922,-0.0025816606675474183,3.250379251700674e-05,-0.002614164460064425,0.0023434909335617138,0.00016356921655328734,0.0021799217170084266,0.0015685550165132733,0.0003361539089663631,0.0012324011075469101,-0.004728961167993054,0.0007614651725930908,-0.005490426340586145,2017
2017-02-28,2363.64,0.0082003068571428,1009,0.22412711209439526,0.11527685957446808,0.10574329777777779,0.1367383969465649,0.11062745454545454,0.20815384021971536,0.12964184079171584,0.09917585287645238,339,235,131,22,0.10885025251992718,0.07851199942799952,0.02611094240111035,0.009533561796690293,0.030465987915263462,0.013581181939563836,3.254090022675714e-05,0.013548641039337079,0.002007595723350205,0.00016612994444444365,0.001841465778905761,0.0007654750019056393,0.0003400083009731659,0.0004254667009324734,-0.0010624856812598506,0.0007694061915840206,-0.0018318918728438712,2017
2017-03-01,2395.96,0.0082697397142857,1012,0.22347623876404493,0.11374396234309624,0.10208627927927927,0.12733768852459015,0.10821529999999999,0.200915782024299,0.12227664298413875,0.10065972133224765,356,239,122,20,0.1097322764209487,0.07863913904016025,0.019122388524590167,0.011657683063816968,0.021616921651891094,-0.0058771004764203,3.281642743764166e-05,-0.005909916903857941,-0.013860451271259408,0.0001687154149659857,-0.014029166686225393,-0.004475852549341135,0.00034457989743953016,-0.004820432446780665,-0.011712931084430844,0.0007772684588742703,-0.012490199543305113,2017
2017-03-02,2381.92,0.0082951257142857,1038,0.2211419365994236,0.10609271249999999,0.10344321097046415,0.1262658879310345,0.10211311111111111,0.1982386773247025,0.11517827321136986,0.10206255552552373,347,240,116,18,0.11504922409942361,0.08306040411333263,0.02415277681992338,0.0026495015295358443,0.013115717685846129,0.0005036683953830516,3.2917165532879765e-05,0.0004707512298501718,-0.007183833001051977,0.0001687568314436877,-0.007352589832495664,-0.00022673356803616011,0.0003494115387849572,-0.0005761451068211173,-0.008093387403283468,0.0007849636683413904,-0.008878351071624858,2017
2017-03-03,2383.12,0.0082633145714285,1032,0.2163526023054755,0.0987655375,0.0977419375,0.11549384615384616,0.09477658823529411,0.19107071811931173,0.10569866018010919,0.09678946592078345,347,240,104,17,0.11758706480547551,0.08537205793920254,0.020717257918552043,0.0010235999999999995,0.008909194259325737,-0.003282598257417541,3.2790930839001984e-05,-0.003315389188256543,-0.004424153297127348,0.00017029835142668096,-0.004594451648554029,-0.002045630437563783,0.0003553450081727123,-0.0024009754457364955,-0.010240580766422565,0.0007925055419241568,-0.011033086308346722,2017
2017-03-06,2375.31,0.0088362591428571,880,0.21026639644970416,0.1070325914893617,0.09689265700483092,0.12049649152542373,0.1028261,0.19070843784271643,0.11613342333102104,0.09336901570148823,338,235,118,20,0.10323380496034246,0.07457501451169539,0.017670391525423726,0.01013993448453078,0.022764407629532815,-0.002917555877758864,3.50645204081631e-05,-0.002952620398167027,-0.0007749359170484823,0.0001725846924130758,-0.0009475206094615581,-0.0007749359170484823,0.00036130802574640877,-0.001136243942794891,-0.00639854193497374,0.0008001555464593043,-0.007198697481433044,2017
2017-03-07,2368.39,0.0088518454285714,870,0.21656185928143712,0.1050075875,0.10027629957805907,0.12573904958677687,0.10125015,0.19547129866866794,0.11499489367023219,0.09918318487066276,334,240,121,20,0.11155427178143712,0.08047640499843575,0.02448889958677687,0.004731287921940927,0.015811708799569432,-0.0022868650550458714,3.51263707482992e-05,-0.0023219914257941706,-0.0012421207214445664,0.0001738783565287222,-0.0014159990779732887,-0.010342995305243347,0.00036518720271574724,-0.010708182507959093,-0.006540539356127804,0.000805489338125971,-0.007346028694253775,2017
2017-03-08,2362.98,0.0082801766666666,870,0.21989300607902734,0.10844648333333334,0.10129270422535211,0.12815694400000002,0.1044187,0.2000080627343764,0.11980778171991711,0.09871925088821051,329,240,125,20,0.111446522745694,0.0802002810144593,0.02373824400000002,0.007153779107981234,0.0210885308317066,0.0007995177937872365,3.2857843915343654e-05,0.0007666599498718928,0.009384598721918255,0.00017586448247354446,0.00920873423944471,-0.006167998278722138,0.0003689456768447929,-0.006536943955566931,-0.0023260406168401568,0.0008107215402234766,-0.0031367621570636333,2017
2017-03-09,2364.87,0.00868358875,853,0.22570656886227544,0.11212865106382978,0.1051937548076923,0.13411843410852714,0.10755166666666667,0.20597234227554723,0.11918183312599835,0.10516442688711602,334,235,129,21,0.11357791779844566,0.08679050914954888,0.02656676744186047,0.006934896256137482,0.014017406238882327,0.0032633480993077457,3.445868551587302e-05,0.0032288894137918727,0.00695709943301578,0.00018065470734126944,0.0067764447256745105,-0.008028352358012603,0.0003750704179634627,-0.008403422775976065,-0.00395305159920067,0.0008182771912060922,-0.004771328790406762,2017
2017-03-10,2372.6,0.0088394725,852,0.22424841420118344,0.10378271308016877,0.10198375916230366,0.1263686,0.10158061111111111,0.2027157027189618,0.11186578673636453,0.10121343365498028,338,237,120,18,0.12046570112101466,0.09084991598259727,0.02478798888888889,0.0017989539178651093,0.01065235308138425,0.00036661912266134326,3.507727182539683e-05,0.00033154185083594643,0.0023785228595635606,0.00018504665674603135,0.0021934762028175295,-0.01213606098970921,0.00037946478403489125,-0.012515525773744101,-0.006528895692817719,0.0008242256542162961,-0.007353121347034015,2017
2017-03-13,2373.47,0.0091622625,715,0.21390386503067482,0.10816822083333334,0.10148456872037914,0.13055030534351145,0.1058074761904762,0.19459029771344413,0.11770151595315191,0.10207571523832613,326,240,131,21,0.10573564419734148,0.07688878176029222,0.024742829153035245,0.0066836521129542,0.015625800714825777,-0.003384740682155033,3.635818452380953e-05,-0.003421098866678843,0.0,0.00018872333333333293,-0.00018872333333333293,-0.013522833565322894,0.00038489693256096825,-0.013907730497883863,-0.008330472840833051,0.0008310624243410123,-0.009161535265174063,2017
2017-03-14,2365.45,0.0093523491666666,716,0.22003792211838005,0.1113908170212766,0.10431025352112677,0.13504418518518518,0.10816533333333334,0.20504624964152202,0.12429415128560238,0.10035123189657866,321,235,135,21,0.10864710509710346,0.08075209835591964,0.026878851851851848,0.007080563500149822,0.023942919389023723,0.008339854388317126,3.7112496693121426e-05,0.008302741891624004,-0.009100874583798688,0.000191308846187025,-0.009292183429985713,-0.0029127755023512173,0.00038895307910291827,-0.0033017285814541356,-0.008712727978940547,0.0008366492794997424,-0.00954937725844029,2017
2017-03-15,2385.26,0.0094873133333333,712,0.21835743154761905,0.10938478297872341,0.09891753571428571,0.12566721774193548,0.10473144999999999,0.20110801743276088,0.11941919208978692,0.09574875985651972,336,235,124,20,0.10897264856889564,0.08168882534297396,0.020935767741935493,0.010467247264437693,0.023670432233267202,-0.0016279814951152382,3.7648068783068646e-05,-0.0016656295638983068,-0.015552597000640328,0.0001930811943712484,-0.015745678195011575,-0.010167815071482482,0.00039228539391773337,-0.010560100465400214,-0.02389061084332673,0.000838938563344923,-0.024729549406671655,2017
2017-03-16,2381.38,0.00979036,713,0.21927738670694866,0.09897265833333332,0.09709997046413502,0.12288856666666666,0.09404815789473685,0.20400220856601392,0.10783201248559003,0.09554484798036088,331,240,120,19,0.12030472837361533,0.09617019608042389,0.02884040877192981,0.0018726878691983084,0.012287164505229153,-0.001315228474144621,3.8850634920634916e-05,-0.001354079109065256,-0.014985451791028358,0.00019441571062219323,-0.01517986750165055,-0.005609097039974453,0.00039504049265167145,-0.006004137532626124,-0.013686188780165753,0.000840600247839977,-0.01452678902800573,2017
2017-03-17,2378.25,0.009765995,711,0.22474761349693254,0.10220112916666667,0.09797915609756097,0.12212805,0.09735811764705882,0.20739028397582127,0.1132844647610381,0.09497444188467857,326,240,120,17,0.12254648433026587,0.09410581921478317,0.024769932352941185,0.004221973069105697,0.018310022876359522,-0.002011903736902209,3.875394841269841e-05,-0.0020506576853149077,-0.014514583849272658,0.00019441812728885992,-0.014709001976561518,-0.006551425361102723,0.00039670149463579837,-0.0069481268557385215,-0.015278533977866682,0.0008416608637820059,-0.01612019484164869,2017
2017-03-20,2373.47,0.0098138117391304,566,0.21878150000000002,0.10349345312500001,0.09932168452380953,0.12588426,0.09861299999999999,0.20194491244679502,0.11595966079692654,0.0952031801642633,258,192,100,14,0.11528804687500001,0.08598525164986848,0.027271260000000005,0.004171768601190479,0.02075648063266325,-0.012485615265953647,3.894369737750159e-05,-0.012524558963331147,-0.013522833565322894,0.00019617359922763532,-0.01371900716455053,-0.006183046591956578,0.000398406585338746,-0.0065814531772953235,-0.01498444724160111,0.0008423574312423233,-0.015826804672843434,2017
2017-03-21,2344.02,0.0097989809090909,565,0.22513300833333333,0.1100575159574468,0.11022540860215055,0.1430526936936937,0.1070429375,0.21247974984744877,0.11875193531435478,0.10811393809942901,240,188,111,16,0.11507549237588653,0.09372781453309399,0.03600975619369369,-0.00016789264470375154,0.010637997214925768,0.00188813197147545,3.8884844877344846e-05,0.001849247126598105,0.006188099081447507,0.00019764423291589324,0.005990454848531613,0.006862009248028394,0.000399903823335394,0.0064621054246930005,0.005029947666891117,0.0008427236677272556,0.004187223999163861,2017
2017-03-22,2348.45,0.0098236114285714,560,0.2245991926229508,0.11668950531914893,0.10841861635220125,0.1396474859813084,0.11298976470588235,0.20725152556469945,0.12871704205261478,0.10538156342131069,244,188,107,17,0.10790968730380188,0.07853448351208467,0.026657721275426066,0.008270888966947679,0.023335478631304085,-0.0010608362855033045,3.898258503401349e-05,-0.001099818870537318,0.005384781929157906,0.0001992041995464849,0.005185577729611421,0.001914323977640079,0.000401417290532879,0.0015129066871072,0.00010218984327021713,0.0008429703506276884,-0.0007407805073574713,2017
2017-03-23,2345.96,0.009790969,835,0.2284990125,0.12006484042553191,0.1120428735632184,0.14571404672897195,0.11574983333333333,0.20971890408137636,0.13330762671934493,0.10686290865265785,240,188,107,18,0.10843417207446808,0.07641127736203143,0.029964213395638623,0.008021966862313504,0.02644471806668708,-0.0008443605323889107,3.8853051587301585e-05,-0.0008832135839762123,0.009376354751054056,0.00020062478202947814,0.009175729969024578,0.004902793947385298,0.0004027932783446702,0.004500000669040627,0.011944778902610823,0.0008431089498042012,0.011101669952806622,2017
2017-03-24,2343.98,0.0102083739285714,697,0.2167288571428571,0.11440517021276597,0.11142795161290323,0.1446665172413793,0.11243969230769231,0.20614779752154205,0.12229171242013459,0.11173523154146517,175,141,87,13,0.10232368693009114,0.08385608510140746,0.03222682493368699,0.0029772185998627465,0.010556480878669422,-0.0010201534529525073,4.050942035147381e-05,-0.0010606628733039812,0.007963158488170034,0.0002022833673469385,0.007760875120823095,0.00491966129120076,0.00040435372165532776,0.004515307569545432,0.01886126754106173,0.0008449908585343598,0.018016276682527373,2017
2017-03-27,2341.59,0.0101844114285714,693,0.2112859356223176,0.11227437234042553,0.10986277714285714,0.14075479130434781,0.10877016666666667,0.19942086209077844,0.12172616621670918,0.10878763328425764,233,188,115,18,0.09901156328189206,0.07769469587406927,0.03198462463768115,0.0024115951975683947,0.012938532932451535,0.007225317380816645,4.041433106575952e-05,0.007184903049750885,0.007339786973366425,0.0002022329861111107,0.007137553987255314,0.006627318749844003,0.00040425144982993096,0.006223067300014072,0.019395664942871756,0.0008452462329674663,0.01855041870990429,2017
2017-03-28,2358.57,0.0101920925,685,0.20266611836734694,0.10891507978723404,0.09734954938271605,0.12463886274509803,0.10444958823529411,0.18890519399897077,0.12032267164264565,0.09512491321707486,245,188,102,17,0.0937510385801129,0.06858252235632512,0.020189274509803914,0.011565530404517993,0.025197758425570788,0.0010848148191858569,4.0444811507936506e-05,0.0010443700076779203,0.000673910166580991,0.00020225959041950082,0.00047165057616149015,-0.002032956656326844,0.00040575116071428453,-0.0024387078170411284,0.012723085934076055,0.0008455649767316385,0.011877520957344416,2017
2017-03-29,2361.13,0.0101815982142857,688,0.20533010612244898,0.10322797872340427,0.09911757865168538,0.1249358,0.0982773125,0.19285434907707427,0.11045423673988469,0.09884560118850788,245,188,100,16,0.10210212739904471,0.08240011233718958,0.026658487499999994,0.004110400071718881,0.011608635551376811,0.0029307365363928895,4.040316751700675e-05,0.0028903333688758827,-0.003470457951517752,0.00020221309098639403,-0.003672671042504146,-0.0068847672957750745,0.0004072513888888877,-0.007292018684663963,0.009723320299557475,0.0008457979679447901,0.008877522331612684,2017
2017-03-30,2368.06,0.0102089325,833,0.2108152530120482,0.10392029166666666,0.09867011797752809,0.12431661224489796,0.0981835625,0.19918408152273268,0.1148442673882827,0.09669809043563884,249,192,98,16,0.10689496134538154,0.08433981413444998,0.026133049744897954,0.005250173689138576,0.018146176952643853,-0.0022575567952728324,4.051163690476191e-05,-0.0022980684321775944,-0.004473560803668687,0.0002021684963151921,-0.004675729299983879,-0.016653532308237032,0.00040625000191018293,-0.017059782310147216,0.008523322399039582,0.0008460838151670123,0.00767723858387257,2017
2017-03-31,2362.72,0.0101956778571428,847,0.2151256163265306,0.10933821354166667,0.10141376363636363,0.1278258811881188,0.1033034117647059,0.2043358270827382,0.12289968455390064,0.09581614359271738,245,192,101,17,0.10578740278486393,0.08143614252883756,0.024522469423412907,0.007924449905303041,0.02708354096118326,-0.0016435249677560892,4.045903911564603e-05,-0.0016839840068717353,-0.003043497196969169,0.00020207035430838926,-0.0032455675512775583,-0.005819534944918464,0.0004050481182835437,-0.0062245830632020075,0.011969288163555287,0.0008463704027520461,0.011122917760803241,2017
2017-04-03,2358.84,0.0101911157142857,835,0.21332434653465346,0.10509089361702127,0.10497294170403587,0.1337674015151515,0.10140847368421052,0.1985982864084526,0.11884084832911176,0.10099549809839735,303,235,132,19,0.10823345291763219,0.07975743807934083,0.03235892783094099,0.00011795191298540064,0.017845350230714416,0.0005594405740311779,4.044093537414961e-05,0.0005189996386570282,-0.0007124682235224376,0.00020201846371882025,-0.0009144866872412579,-0.007083583649007848,0.0004045003300305615,-0.00748808397903841,0.012340660134015696,0.0008463358035456968,0.011494324330469999,2017
2017-04-04,2360.16,0.0101803746428571,828,0.2118451617161716,0.10172545531914894,0.10208028936170213,0.1307934881889764,0.09765231578947368,0.19611037423439096,0.11509784905324003,0.10030336351075132,303,235,127,19,0.11011970639702266,0.08101252518115093,0.03314117239950272,-0.0003548340425531954,0.014794485542488703,-0.0030595532989129127,4.039831207482976e-05,-0.0030999516109877423,-0.0027068668229077966,0.00020349157029478374,-0.0029103583932025803,-0.009360841223675727,0.0004035099105294278,-0.009764351134205155,0.012363095603318953,0.0008462949736137238,0.01151680062970523,2017
2017-04-05,2352.95,0.0101703603571428,825,0.21560240268456377,0.10950065531914893,0.10657782938388626,0.13711805303030303,0.10554895238095237,0.19965489959020907,0.12437327231397627,0.10106449821541957,298,235,132,21,0.10610174736541483,0.0752816272762328,0.03156910064935066,0.0029228259352626768,0.023308774098556695,0.0019276336842417722,4.035857284580476e-05,0.0018872751113959674,-0.003414309344257305,0.00020503829790249366,-0.0036193476421597986,0.0012274917177757545,0.00040242153231703174,0.0008250701854587227,0.019503000202565002,0.0008463197443053337,0.018656680458259668,2017
2017-04-06,2357.49,0.0101842007142857,959,0.21660003020134228,0.10975019999999999,0.10539350925925925,0.13543441538461537,0.10463895000000001,0.2023155563957823,0.1255697809881978,0.10118237603516593,298,240,130,20,0.10684983020134228,0.07674577540758451,0.03079546538461536,0.004356690740740743,0.024387404953031863,-0.0008274931885733614,4.041349489795912e-05,-0.0008679066834713204,-0.01217997150456841,0.00020408150559499087,-0.012384053010163402,-0.00373976781861178,0.00040119448724900477,-0.004140962305860785,0.01761287691183248,0.0008463667950422953,0.016766510116790187,2017
2017-04-07,2355.54,0.0101826014285714,952,0.22394313758389262,0.11036488936170213,0.10970925345622119,0.14266478358208953,0.1059171052631579,0.20613308436749334,0.12643312628998213,0.10552633084923936,298,235,134,19,0.11357824822219048,0.07969995807751121,0.03674767831893164,0.0006556359054809419,0.020906795440742768,0.0006875040056906727,4.0407148526076984e-05,0.0006470968571645957,-0.00277603774794928,0.00020297776397515437,-0.0029790155119244345,0.007869478143798785,0.00039990217656157183,0.007469575967237213,0.017414579296781967,0.0008478722230468301,0.016566707073735136,2017
2017-04-10,2357.16,0.0105623385714285,818,0.2192305804195804,0.11459712916666667,0.11326334334763949,0.15157956862745098,0.11198369565217392,0.2049825008488098,0.13242831440386926,0.11126699264558926,286,240,153,23,0.10463345125291373,0.07255418644494055,0.03959587297527706,0.0013337858190271834,0.021161321758280005,-0.001434958025354097,4.1914041950113094e-05,-0.0014768720673042101,-0.006371115425485427,0.00020248186631174127,-0.0065735972917971685,0.013254102244170259,0.00040022998835295513,0.012853872255817304,0.017857054250283003,0.0008492644838178052,0.0170077897664652,2017
2017-04-11,2353.78,0.01057015,831,0.23066020279720278,0.11475769361702128,0.1263472425531915,0.16561065030674846,0.1138321304347826,0.2192626931583772,0.13132869401599837,0.1218865370104071,286,235,163,23,0.11590250918018151,0.08793399914237884,0.051778519871965856,-0.011589548936170216,0.00944215700559127,-0.003766995820262467,4.194503968253968e-05,-0.0038089408599450065,-0.006653974400767981,0.00020001834023464406,-0.006853992741002625,0.01420330421838195,0.0003990807411874222,0.013804223477194528,0.017126836536628734,0.0008465556799629303,0.016280280856665802,2017
2017-04-12,2344.93,0.0099292486956521,823,0.23066452173913043,0.12206132765957446,0.1240890394736842,0.16619783950617284,0.12050491304347825,0.2177233767723759,0.13698611203568592,0.12046466356042977,276,235,162,23,0.10860319407955597,0.08073726473668999,0.045692926462694586,-0.0020277118141097394,0.016521448475256148,-0.006838028476069099,3.9401780538301986e-05,-0.0068774302566074015,0.004641801062033106,0.0001973832344145381,0.004444417827618568,0.01852303841066546,0.0003978687763348143,0.018125169634330644,0.019414313390319324,0.0008437330261930885,0.018570580364126236,2017
2017-04-13,2328.95,0.0099060578260869,841,0.231592673992674,0.1283341744680851,0.12495872398190044,0.16790650943396226,0.127696,0.2178185490586172,0.148097863463179,0.1200158062708403,273,235,159,24,0.1032584995245889,0.0697206855954382,0.04021050943396226,0.00337545048618465,0.028082057192338694,0.00857644056804569,3.930975327812262e-05,0.008537130814767566,0.008440203685956597,0.0001971129816540139,0.008243090704302583,0.02344611607140168,0.0003991447985176004,0.02304697127288408,0.03101741486886266,0.0008434791656283313,0.030173935703234327,2017
2017-04-17,2349.01,0.0100576352173913,725,0.23008145381526104,0.11455716489361702,0.12141689893617022,0.15991769354838709,0.11286411764705882,0.21683255894799114,0.13291510071232523,0.11680690933024244,249,188,124,17,0.11552428892164403,0.0839174582356659,0.04705357590132826,-0.006859734042553203,0.01610819138208279,-0.00290757367184553,3.991125086266389e-05,-0.002947484922708194,0.01064551589174815,0.00019692441258641746,0.010448591479161733,0.016600414139230954,0.0004005240599787067,0.01619989007925225,0.021753902262395246,0.0008438868131438595,0.020910015449251387,2017
2017-04-18,2342.19,0.00994153,718,0.22776155823293173,0.11773794565217392,0.11657316304347827,0.15599185714285713,0.11595466666666668,0.21121842753097403,0.1364754724491542,0.11028898429508437,249,184,119,18,0.11002361258075781,0.07474295508181983,0.04003719047619045,0.0011647826086956525,0.026186488154069834,-0.0017178170006366042,3.945051587301588e-05,-0.00175726751650962,0.01962521766965569,0.0001977481220412139,0.019427469547614474,0.020696396780319377,0.0004014110336058385,0.02029498574671354,0.00631596279055449,0.0008435427249796083,0.005472420065574882,2017
2017-04-19,2338.17,0.0099061033333333,717,0.23464815918367346,0.12011431382978724,0.12457843617021278,0.16141779166666667,0.11856016666666666,0.21787220121594889,0.13756898645507462,0.11920580747886379,245,188,120,18,0.11453384535388622,0.08030321476087426,0.04285762500000001,-0.004464122340425536,0.01836317897621083,0.007528779642538523,3.9309933862433725e-05,0.007489469708676089,0.020857278619149933,0.00019906240095277815,0.020658216218197155,0.021142060783660238,0.00040238495764211945,0.020739675826018118,0.01171384323189426,0.0008436887170431,0.01087015451485116,2017
2017-04-20,2355.84,0.009861145,719,0.23537103984063745,0.11733216489361703,0.11215368421052632,0.1485841150442478,0.11150216666666665,0.21800194323539449,0.13936178019737036,0.10345652197008597,251,188,113,18,0.11803887494702042,0.07864016303802412,0.037081948377581136,0.005178480683090708,0.035905258227284395,-0.003039625852145616,3.9131527777777775e-05,-0.0030787573799233936,0.013881237348632388,0.0002004855419202762,0.013680751806712112,0.014195157184456141,0.00040347512922186236,0.013791682055234279,0.010929762614088075,0.0008440498050060631,0.010085712809082012,2017
2017-04-21,2348.69,0.0098585384210526,838,0.24155949397590362,0.11903439361702127,0.11696647777777777,0.15632800862068966,0.11586805882352941,0.2338641429466996,0.14008728903999165,0.108697632131074,249,188,116,17,0.12252510035888235,0.09377685390670795,0.04045994979716025,0.0020679158392434976,0.03138965690891765,0.010781752773837281,3.9121184210526194e-05,0.010742631589626754,0.015005912385445153,0.00020203181686358652,0.014803880568581566,0.021315134336934834,0.00040476668421052426,0.020910367652724308,0.019116235403446584,0.0008446537038155869,0.018271581699630998,2017
2017-04-24,2374.15,0.01026521,697,0.20436818007662835,0.09145333510638298,0.09519520212765958,0.12020441,0.08692786666666666,0.18901993057689367,0.10536380411779443,0.09086603553784053,261,188,100,15,0.11291484497024537,0.08365612645909924,0.03327654333333334,-0.0037418670212766014,0.014497768579953899,0.006072128106062107,4.073496031746032e-05,0.006031393145744646,0.005954898247482831,0.00020359964739228927,0.005751298600090542,0.010570891956606956,0.00040605112358276424,0.010164840833024191,0.010170708533866545,0.0008471159748204802,0.009323592559046065,2017
2017-04-25,2388.61,0.0102727282857142,711,0.2041590265151515,0.09537703174603174,0.09141941711229948,0.11476558333333332,0.08778464285714285,0.18711832450441526,0.10933456517211364,0.08659781437906496,264,189,96,14,0.10878199476911976,0.07778375933230162,0.02698094047619047,0.003957614633732259,0.022736750793048682,-0.00048575605114247193,4.076479478458016e-05,-0.0005265208459270521,0.0010711791106636363,0.0002036629115646246,0.0008675161990990116,0.0034729730469209496,0.00040723508616779804,0.0030657379607531518,0.006584626336246002,0.000847639396022294,0.005736986940223708,2017
2017-04-26,2387.45,0.0102647348571428,709,0.20575663018867923,0.09161771875000001,0.09767015104166667,0.11762287368421052,0.08613785714285714,0.19144492761470783,0.09947878437564452,0.09581684006372995,265,192,95,14,0.11413891143867923,0.09196614323906331,0.03148501654135338,-0.0060524322916666595,0.003661944311914564,0.000552738372021074,4.0733074829931745e-05,0.0005120052971911422,0.0002847821645103594,0.00020332255668934127,8.145960782101813e-05,0.005088708057255337,0.0004082697006802699,0.004680438356575067,0.011502421446634915,0.0008483244963624301,0.010654096950272486,2017
2017-04-27,2388.77,0.0102508062857142,711,0.20401843181818183,0.08888895833333334,0.09754575,0.11555127173913045,0.08388330769230769,0.18537739311613635,0.10087041707679763,0.09225748721989309,264,192,92,13,0.11512947348484849,0.08450697603933872,0.03166796404682276,-0.008656791666666663,0.008612929856904539,-0.0019149508153329291,4.06778027210881e-05,-0.0019556286180540173,0.00031391983582367895,0.0002029895873015861,0.00011093024852209285,0.0023707939462258264,0.0004067418639455762,0.0019640520822802503,0.011260184868703697,0.0008492760898998453,0.010410908778803851,2017
2017-04-28,2384.2,0.0102536317142857,711,0.2118564865900383,0.09077990104166667,0.09575497916666666,0.11887845833333333,0.08507815384615386,0.1945997665495567,0.10763772469252011,0.08962368365725813,261,192,96,13,0.12107658554837164,0.0869620418570366,0.03380030448717947,-0.00497507812499999,0.018014041035261982,0.0017307386358750435,4.0689014739228965e-05,0.0016900496211358145,0.006309221951489889,0.0002027348673469377,0.006106487084142951,0.002806225794986719,0.00040518644713718614,0.002401039347849533,0.011969849676211309,0.0008501561641628842,0.011119693512048424,2017
2017-05-01,2388.33,0.0102811525714285,702,0.20490033333333332,0.09265820833333334,0.0923973,0.11497920512820513,0.0871269375,0.1830201494082493,0.10822372486010529,0.08633763394472095,333,240,117,16,0.11224212499999998,0.074796424548144,0.027852267628205127,0.0002609083333333373,0.021886090915384335,0.0011884089692428136,4.0798224489795634e-05,0.001147610744753018,0.004615993709124126,0.00020245147619047502,0.004413542232933651,0.005840560161586086,0.000403645352371502,0.005436914809214584,0.00977897974971605,0.0008505931698318183,0.008928386579884231,2017
2017-05-02,2391.17,0.0101869588571428,692,0.21007629585798815,0.0851762875,0.10212916250000001,0.12060808196721311,0.08124711764705882,0.18720329048346734,0.09406519762103795,0.09873473936183295,338,240,122,17,0.12490000835798815,0.0931380928624294,0.03936096432015429,-0.016952875000000006,-0.004669541740795008,-0.0012721529972957541,4.042443990929683e-05,-0.001312577437205051,0.0024017939362573834,0.0002035721746031734,0.00219822176165421,0.003965079153921405,0.00040256452867535713,0.0035625146252460478,0.016133162498773158,0.0008511074510109567,0.015282055047762201,2017
2017-05-03,2388.13,0.0101808265714285,705,0.21505770270270272,0.08866736666666666,0.100863125,0.12087308403361344,0.08505566666666667,0.19414301923118513,0.10235325848301872,0.095658071652783,333,240,119,15,0.12639033603603606,0.0917897607481664,0.03581741736694677,-0.012195758333333334,0.006695186830235719,0.0005818760433345327,4.040010544217659e-05,0.0005414759378923561,0.004803925892745027,0.00020494714399092858,0.004598978748754099,-0.013108280992469043,0.000401707251464473,-0.013509988243933516,0.02110618619935469,0.0008521897741402084,0.02025399642521448,2017
2017-05-04,2389.52,0.0101866168571428,816,0.21209590828402367,0.08715671063829787,0.0988198255319149,0.11649638053097344,0.08350993333333333,0.18886129129630239,0.09858198303009222,0.09434050492194677,338,235,113,15,0.1249391976457258,0.09027930826621017,0.032986447197640115,-0.01166311489361703,0.004241478108145444,0.00408035130033309,4.042308276643968e-05,0.00403992821756665,0.0020568741104020844,0.0002037522766439901,0.0018531218337580944,-0.010010093595100572,0.00040090365395880397,-0.010410997249059376,0.019305890955284337,0.0008533039175642449,0.01845258703772009,2017
2017-05-05,2399.29,0.0101822171428571,813,0.2216723702623907,0.08617828151260505,0.10302221428571427,0.11854116239316238,0.08167313333333334,0.19712984059694913,0.09315652042702247,0.10131276126648103,343,238,117,15,0.13549408874978563,0.10397332016992666,0.03686802905982904,-0.01684393277310922,-0.008156240839458567,3.7510393509375765e-05,4.040562358276627e-05,-2.8952300733905067e-06,-0.0035029961565031338,0.00020245157979024842,-0.0037054477362933823,-0.00734574587070118,0.0004001515930177611,-0.007745897463718942,0.012442638916801096,0.0008553414626322722,0.011587297454168824,2017
2017-05-08,2399.38,0.0105635685714285,688,0.20375507430340556,0.08232888185654008,0.09795031250000001,0.1140470593220339,0.0796369375,0.18285925067721237,0.09343194086573131,0.09171789746556486,323,237,118,16,0.12142619244686548,0.08942730981148106,0.0344101218220339,-0.01562143064345993,0.001714043400166454,-0.0010257908036239289,4.191892290249405e-05,-0.0010677097265264228,0.0012245664524617695,0.000201193876181027,0.0010233725762807426,-0.0022364093269975674,0.0003994813960222964,-0.0026358907230198637,0.013972233628196247,0.0008572940150699138,0.013114939613126333,2017
2017-05-09,2396.92,0.0105334511428571,684,0.205275613003096,0.08569427916666666,0.09771605,0.11610187394957983,0.08178576470588235,0.18436905093662057,0.09796695739067736,0.09036435327136835,323,240,119,17,0.11958133383642933,0.0864020935459432,0.034316109243697476,-0.012021770833333334,0.007602604119309006,0.0011299789591918902,4.1799409297051984e-05,0.0010881795498948383,0.001563285217664152,0.00019899235407218373,0.0013642928635919684,0.0006256073808835528,0.0003991459283352218,0.00022646145254833102,0.015265133267930312,0.0008581474802059683,0.014406985787724343,2017
2017-05-10,2399.63,0.00987972,679,0.2105858359133127,0.08790310833333333,0.09757157083333333,0.11761883193277312,0.083691,0.18673217658223293,0.10151029001106608,0.09180332257183264,323,240,119,16,0.12268272757997938,0.08522188657116685,0.033927831932773114,-0.009668462500000002,0.009706967439233438,-0.0021651757390083516,3.9205238095238093e-05,-0.0022043809771035896,-0.017912206885214086,0.00019676010747354445,-0.01810896699268763,0.0019816743301329705,0.00039860490055744404,0.0015830694295755265,0.013304828460919944,0.0008606478285619774,0.012444180632357967,2017
2017-05-11,2394.44,0.0098588412499999,800,0.21358088679245285,0.0916119875,0.09656915833333332,0.11948997457627118,0.0872815,0.1909419406357604,0.10580242609189336,0.09409617887172313,318,240,118,16,0.12196889929245285,0.08513951454386703,0.032208474576271184,-0.004957170833333316,0.011706247220170232,-0.0014795189665720563,3.912238591269801e-05,-0.0015186413524847543,-0.012066967705502635,0.0001971513773148139,-0.01226411908281745,0.008578889128387845,0.0004008495575869222,0.008178039570800922,0.014490813969544956,0.000866824655376036,0.01362398931416892,2017
2017-05-12,2390.9,0.0098652758333333,799,0.21130487735849057,0.0868025875,0.0988558125,0.11942541525423729,0.08418133333333334,0.1876088710846839,0.1005275353243338,0.09376697421303666,318,240,118,15,0.12450228985849057,0.08708133576035011,0.03524408192090395,-0.012053225,0.0067605611112971364,0.004765073002474167,3.914791997354484e-05,0.0047259250825006215,-0.00384274971419807,0.00019770001322751268,-0.004040449727425582,0.01036890988904993,0.00040341184004157103,0.00996549804900836,0.020471607544401155,0.0008753634429327259,0.01959624410146843,2017
2017-05-15,2402.32,0.010008785,664,0.20045025732899024,0.09055495833333334,0.09169349583333333,0.11647756557377048,0.08623249999999999,0.17955694589648738,0.10556505549243535,0.08772143213821448,307,240,122,18,0.1098952989956569,0.07399189040405203,0.03024506557377049,-0.0011385374999999948,0.017843623354220864,-0.0006870720384216807,3.971740079365079e-05,-0.0007267894392153315,-0.00346097577945942,0.00019828751984126943,-0.0036592632993006895,0.0043985508787502715,0.0004058217970521532,0.003992729081698118,0.014710279639682432,0.0008846478642290222,0.01382563177545341,2017
2017-05-16,2400.67,0.009970925,671,0.2017346026058632,0.08866787916666666,0.09123538333333332,0.116939448,0.08467617647058823,0.17642491641703334,0.10333171252161656,0.08847182102836612,307,240,125,17,0.11306672343919655,0.07309320389541678,0.032263271529411774,-0.002567504166666665,0.01485989149325044,-0.01834551314368625,3.95671626984127e-05,-0.018385080306384662,-0.0009376778367804454,0.0002001535742630381,-0.0011378314110434835,0.004625491626551713,0.0004072304166666655,0.004218261209885048,0.013155225894348907,0.0008919335103642878,0.012263292383984619,2017
2017-05-17,2357.03,0.0099783199999999,676,0.24004039114391143,0.12133169361702129,0.11820976444444445,0.16399804242424243,0.11965512499999999,0.22694380112786108,0.13466629466947028,0.11801866939470121,271,235,165,24,0.11870869752689014,0.0922775064583908,0.04434291742424244,0.0031219291725768372,0.016647625274769068,0.003680063440703132,3.9596507936507536e-05,0.0036404669327666245,0.0198938812153471,0.00020184479308389962,0.0196920364222632,0.030513596488537992,0.0004089757596371869,0.030104620728900806,0.03178436226497914,0.0009007117168860267,0.03088365054809311,2017
2017-05-18,2365.72,0.0099970975,694,0.23528036842105265,0.11550515319148937,0.11548073604060913,0.15369008974358975,0.11269791304347825,0.21791622085511386,0.13303407851789473,0.11073276544438637,285,235,156,23,0.11977521522956329,0.08488214233721914,0.0409921767001115,2.441715088023766e-05,0.022301313073508355,0.006744699024732498,3.967102182539682e-05,0.006705028002907101,0.02064585683389052,0.00020369818027210832,0.02044215865361841,0.030534403751120563,0.00041088601473922775,0.030123517736381337,0.03641685781683248,0.0009095195895568341,0.03550733822727565,2017
2017-05-19,2381.73,0.0100133275,669,0.22094932542372883,0.09932015000000001,0.10085719583333333,0.13448731111111112,0.09649185,0.20294461376154768,0.12070951228285592,0.09759440078679094,295,240,135,20,0.12162917542372882,0.08223510147869176,0.037995461111111115,-0.0015370458333333198,0.02311511149606499,0.00514684693721281,3.973542658730159e-05,0.005107111510625508,0.014211659603247998,0.00020571182681405835,0.01400594777643394,0.02257128552565231,0.0004127292417800441,0.022158556283872265,0.022952970402226932,0.0009184847547569718,0.02203448564746996,2017
2017-05-22,2394.02,0.0104790307142857,534,0.20329297468354432,0.09355414583333332,0.0940393908045977,0.12263457281553398,0.08974133333333333,0.186496039964579,0.11299180181586932,0.08916821518823545,237,192,103,15,0.109738828850211,0.07350423814870968,0.03289323948220066,-0.00048524497126437027,0.02382358662763387,0.00183622590425737,4.158345521541945e-05,0.0017946424490419507,0.007859526658209607,0.00020753427721088372,0.007651992380998723,0.014641537850289533,0.0004154544430272096,0.014226083407262323,0.017223277188581142,0.0009274062275203195,0.01629587096106082,2017
2017-05-23,2398.42,0.0103971121428571,534,0.20321416182572613,0.09195286979166667,0.09176422631578948,0.12179474257425742,0.08791286666666667,0.18550513884684336,0.11086010527178582,0.08914011990302022,241,192,101,15,0.11126129203405946,0.07464503357505754,0.033881875907590744,0.0001886434758771871,0.0217199853687656,0.0024860459084413127,4.1258381519274205e-05,0.0024447875269220385,0.0055631694633322005,0.0002070768424036274,0.005356092620928573,0.014372417050936621,0.00041622916383219803,0.013956187887104423,0.014931209416595622,0.000934426264368392,0.01399678315222723,2017
2017-05-24,2404.39,0.0104453735714285,522,0.1989050163934426,0.0890129375,0.08684592391304348,0.1134105,0.08452557142857144,0.17994701621946457,0.10836652737025361,0.08374533909454002,244,192,92,14,0.1098920788934426,0.07158048884921096,0.02888492857142856,0.0021670135869565205,0.024621188275713593,0.0044320390592464875,4.1449895124716275e-05,0.004390589164121771,0.010619715273190845,0.00020713096655328728,0.010412584306637558,0.012153479978605414,0.0004177431703514722,0.011735736808253941,0.014004842038084808,0.000941781493960229,0.013063060544124578,2017
2017-05-25,2415.07,0.0105045364285714,645,0.2013963699186992,0.08993809278350516,0.08833167857142857,0.11272089361702128,0.08271164285714286,0.18131082035767562,0.10765422126063735,0.08380272091032974,246,194,94,14,0.11145827713519403,0.07365659909703827,0.030009250759878425,0.0016064142120765929,0.023851500350307614,0.00031050179408999626,4.168466836734683e-05,0.00026881712572264944,0.009888546917230066,0.00020718783446711946,0.009681359082762946,0.006891115071540436,0.00042059303287981706,0.006470522038660618,0.009888546917230066,0.0009488674906483781,0.008939679426581687,2017
2017-05-26,2415.82,0.010472585,642,0.200028648,0.0849508947368421,0.08678503157894737,0.11016123333333333,0.07801341666666667,0.17969713844870727,0.10203091188334577,0.0842299039593878,250,190,90,12,0.1150777532631579,0.0776662265653615,0.03214781666666666,-0.0018341368421052745,0.017801007923957973,-0.001205286007825416,4.155787698412698e-05,-0.001246843884809543,0.008359625922404397,0.00020701741496598571,0.008152608507438411,0.005601423047067164,0.00042429042942176704,0.005177132617645397,0.001472535011283954,0.0009566101621336389,0.0005159248491503152,2017
2017-05-30,2412.91,0.0103637571428571,641,0.20484692255892256,0.09261305416666667,0.08874172093023257,0.11596093103448277,0.08679588235294118,0.1834860419424616,0.11014904433934727,0.08375978821757755,297,240,116,17,0.1122338683922559,0.07333699760311432,0.029165048681541586,0.003871333236434099,0.02638925612176972,-0.0004601312906201269,4.11260204081631e-05,-0.00050125731102829,0.0067820111920798625,0.00020792016581632581,0.006574091026263537,0.01130798366317676,0.0004303937259070278,0.010877589937269732,0.01144729823570623,0.0009644936598660651,0.010482804575840166,2017
2017-05-31,2411.8,0.0104107514285714,642,0.2101781806020067,0.09282433333333334,0.0902661,0.11818872033898305,0.08692329411764706,0.18722685867610464,0.11064477379740162,0.0854512927225312,299,240,118,17,0.11735384726867334,0.07658208487870302,0.03126542622133599,0.00255823333333334,0.02519348107487042,0.00754259171830006,4.131250566893413e-05,0.007501279212631126,0.008809247587604294,0.00020915232142857063,0.008600095266175724,0.01077186005155225,0.00043770004676870595,0.010334160004783544,0.0032702088545544404,0.0009727840411018928,0.0022974248134525477,2017
2017-06-01,2430.06,0.0104597042857142,753,0.2063891451612903,0.08618343277310925,0.09235290336134452,0.11125806194690264,0.07767846666666665,0.1795913819109304,0.10133547086302257,0.08602829825658553,310,238,113,15,0.12020571238818106,0.07825591104790784,0.03357959528023599,-0.006169470588235276,0.015307172606437033,0.0037008707032855424,4.1506763038548414e-05,0.003659363940246994,0.0015337647054143257,0.00021061220379818495,0.0013231525016161407,0.000987142549496964,0.0004433905880286881,0.000543751961468276,-0.0027403091649480108,0.0009808754299907817,-0.0037211845949387925,2017
2017-06-02,2439.07,0.0104615907142857,762,0.20845649363057323,0.08379025108225108,0.09244278354978354,0.1098391,0.07542771428571428,0.1826360339909221,0.09556034875361898,0.08622607575754121,314,231,110,14,0.12466624254832215,0.08707568523730312,0.03441138571428572,-0.008652532467532462,0.009334272996077767,-0.0012184192007356274,4.1514248866213095e-05,-0.0012599334496018405,-0.002997431845689745,0.00021340519841269763,-0.0032108370441024424,-0.002430104926844575,0.00045022919421029126,-0.0028803341210548662,-0.0041330521768363415,0.000988690088437494,-0.005121742265273835,2017
2017-06-05,2436.1,0.0107000782142857,641,0.20443936577181207,0.09193931250000001,0.08902531162790697,0.11588092,0.08356472222222222,0.1821943352894094,0.10864303749174065,0.08276178685771761,298,240,125,18,0.11250005327181206,0.07355129779766875,0.03231619777777778,0.0029140008720930366,0.025881250634023037,-0.0027829007381501205,4.246062783446706e-05,-0.0028253613659845874,-0.002758202875337191,0.00021727301445578133,-0.0029754758897929724,0.007100873266447601,0.00045711932595139323,0.0066437539404962075,-0.0014624209777159892,0.0009963937023830722,-0.0024588146800990614,2017
2017-06-06,2429.33,0.0106742603571428,644,0.20774919727891156,0.09785003305785124,0.09100696086956522,0.1199948046875,0.09020388235294118,0.18560506673070434,0.11502299475650968,0.08431689470614052,294,242,128,17,0.10989916422106032,0.07058207197419467,0.029790922334558823,0.006843072188286017,0.030706100050369153,0.0015671051049044751,4.2358176020407936e-05,0.001524746928884067,0.0045259724710968756,0.00022247356009070198,0.0043034989110061735,0.0031645856147245743,0.00046329488514246074,0.0027012907295821138,-0.00809249148811459,0.0010031200799340925,-0.009095611568048683,2017
2017-06-07,2433.14,0.0107786417857142,639,0.2102716912751678,0.09303178902953586,0.09278721052631579,0.12011594308943088,0.08623331249999999,0.1849088481695424,0.10712045277999277,0.08855968043352049,298,237,123,16,0.11723990224563192,0.07778839538954962,0.03388263058943089,0.000244578503220072,0.018560772346472285,0.0002671088361100848,4.277238803854841e-05,0.00022433644807153642,0.0019626124639479936,0.00022854772534013532,0.0017340647386078583,0.0010146342333872671,0.000469593608472702,0.0005450406249145651,-0.003276855836062179,0.0010099600870202602,-0.00428681592308244,2017
2017-06-08,2433.79,0.0111635389285714,766,0.2090901476510067,0.09376604938271606,0.08759716888888888,0.11429328813559322,0.08595125,0.18361256923089436,0.10683907556112096,0.08515860668145825,298,243,118,16,0.11532409826829064,0.0767734936697734,0.028342038135593217,0.006168880493827175,0.021680468879662712,-0.0008303258478185228,4.429975765306111e-05,-0.0008746256054715839,-0.0005466221559173245,0.00023277838423050315,-0.0007794005401478277,0.0002916835295489044,0.00047542471249764563,-0.00018374118294874124,-0.002616628594786741,0.001016351867065612,-0.003632980461852353,2017
2017-06-09,2431.77,0.0114362803571428,772,0.2196190302013423,0.09012575416666667,0.0945114625,0.12264857142857143,0.08354888235294118,0.19641053412521145,0.10022437202425659,0.09186194475186854,298,240,126,17,0.12949327603467564,0.09618616210095486,0.039099689075630245,-0.004385708333333335,0.008362427272388048,-0.0009791902303832095,4.538206490929682e-05,-0.0010245722952925062,0.0005673269188452152,0.00023682399579759365,0.0003305029230476216,0.002681687907297994,0.00047973856595569567,0.002201949341342298,-0.0025693300528100327,0.0010219566388910088,-0.0035912866917010415,2017
2017-06-12,2429.39,0.0120106157142857,631,0.21023273333333334,0.09510855510204082,0.09258733054393305,0.12720172661870502,0.08986135294117648,0.19348652316634646,0.10957582777340438,0.09071756122964328,270,245,139,17,0.11512417823129252,0.08391069539294208,0.03734037367752854,0.002521224558107771,0.018858266543761104,0.004501274608283941,4.76611734693877e-05,0.004453613434814554,0.009859076141784913,0.0002398463114956119,0.0096192298302893,0.0039766220760727895,0.0004828923928592643,0.0034937296832135254,0.005688923203940167,0.0010264567508524599,0.004662466453087707,2017
2017-06-13,2440.35,0.01220495,633,0.20456408,0.08808450612244899,0.08946756611570247,0.1181198671875,0.08216375,0.18561686583618936,0.10137859521867934,0.08714400627932072,275,245,128,16,0.11647957387755102,0.08423827061751002,0.03595611718750001,-0.0013830599932534854,0.014234588939358625,-0.0009962549022444363,4.8432341269841264e-05,-0.0010446872435142776,-0.0013613868563723298,0.00024082132505175873,-0.0016022081814240886,-0.00863016264406733,0.0004846585592424841,-0.009114821203309814,0.0030604461531061264,0.0010275613181238126,0.0020328848349823138,2017
2017-06-14,2437.92,0.0118447678260869,627,0.20414564363636362,0.0902391875,0.08826525791855204,0.1171730634920635,0.0842590625,0.18524567478330448,0.10303006401743622,0.08723795599975051,275,240,126,16,0.11390645613636362,0.08221561076586825,0.0329140009920635,0.0019739295814479585,0.015792108017685713,-0.0022421257837553104,4.700304692891627e-05,-0.0022891288306842268,-0.0009479782305608102,0.00024104588313256665,-0.0011890241136933769,0.001135569474774136,0.000485667592689196,0.0006499018820849399,0.008719341199493698,0.0010278635601873047,0.007691477639306393,2017
2017-06-15,2432.46,0.0121830330434782,632,0.2098992218181818,0.09320870416666667,0.09040070995670996,0.12123894488188977,0.0872354705882353,0.1902655522764618,0.10695733184380815,0.09026031225290396,275,240,127,17,0.11669051765151513,0.08330822043265365,0.03400347429365447,0.002807994209956713,0.016697019590904194,0.00028362322694394307,4.834536922015158e-05,0.00023527785772379148,0.0008383056854662954,0.00024264632826714245,0.000595659357199153,-0.005259525413242497,0.00048808094740427065,-0.005747606360646767,0.010908604371132424,0.001029547212993838,0.009879057158138586,2017
2017-06-16,2433.15,0.0121979039130434,620,0.20732506181818183,0.08648359583333334,0.08927448717948717,0.11422422033898305,0.0812824375,0.186660288319705,0.09813346481817632,0.0875462502132025,275,240,118,16,0.12084146598484849,0.08852682350152867,0.03294178283898305,-0.0027908913461538315,0.010587214604973819,0.008312558992556568,4.840438060731508e-05,0.008264154611949253,0.0021143609884528556,0.00024291457015810196,0.0018714464182947536,-0.0040110749413891185,0.000489139472741942,-0.004500214414131061,0.011222572502996015,0.001030227314788179,0.010192345188207837,2017
2017-06-19,2453.46,0.0122563191304347,502,0.2013833552631579,0.08498451530612244,0.08596057068062828,0.1093419569892473,0.07914557142857144,0.17999675971765852,0.09039200265272222,0.08768726924382236,228,196,93,14,0.11639883995703545,0.0896047570649363,0.03019638556067586,-0.0009760553745058326,0.0027047334088998592,-0.006719188389873109,4.8636187025534525e-05,-0.006767824576898643,-0.005882454065711979,0.00024304608136365238,-0.006125500147075631,-0.010015506242548333,0.0004900565136198877,-0.01050556275616822,0.008268283802510311,0.0010307501040942837,0.007237533698416027,2017
2017-06-20,2437.03,0.0122615386363636,501,0.20660048636363634,0.095328640625,0.09225167532467533,0.11785084848484849,0.08887042857142857,0.18905877059112014,0.11156705511166697,0.08834636556244775,220,192,99,14,0.11127184573863634,0.07749171547945317,0.028980419913419916,0.003076965300324669,0.023220689549219214,-0.0005828462764329325,4.8656899350649206e-05,-0.0006315031757835816,-0.007268775787695093,0.0002438372341907254,-0.007512613021885818,-0.0018441058542904903,0.0004906381894061445,-0.0023347440436966346,0.014833852425259843,0.00103101536264698,0.013802837062612863,2017
2017-06-21,2435.61,0.01224808,496,0.20500758796296295,0.09391991836734695,0.08983165714285714,0.1165544,0.08746684615384615,0.18563580459135373,0.10758117335468954,0.08736674964855133,216,196,95,13,0.111087669595616,0.07805463123666419,0.029087553846153857,0.0040882612244898114,0.020214423706138213,-0.00045584186772818,4.860349206349206e-05,-0.0005044453597916721,0.002083547705334915,0.00024462170955662937,0.0018389259957782855,-0.010674230826406287,0.0004911682954409825,-0.01116539912184727,0.015048723833054459,0.0010311625902804575,0.014017561242774002,2017
2017-06-22,2434.5,0.01225063,745,0.20488914814814815,0.09235457142857144,0.09236966013071896,0.11493647872340425,0.08675100000000001,0.18338099749107623,0.10843798471844963,0.0870974205467457,216,196,94,13,0.11253457671957671,0.07494301277262659,0.02818547872340424,-1.5088702147517119e-05,0.021340564171703935,0.001559678529930483,4.8613611111111114e-05,0.001511064918819372,-0.006097831098708796,0.00024543461913712817,-0.006343265717845924,-0.00383564820172132,0.0004917629864840663,-0.004327411188205386,0.014440316088451026,0.0010314495911158794,0.013408866497335147,2017
2017-06-23,2438.3,0.0122310447368421,725,0.20108512962962963,0.08824368041237114,0.08728560130718954,0.1094187191011236,0.08163378571428571,0.1795959719947012,0.10986028136318064,0.08023739798148366,216,194,89,14,0.11284144921725849,0.06973569063152056,0.02778493338683788,0.0009580791051816001,0.029622883381696982,0.0003157439383918202,4.8535891812865474e-05,0.00026720804657895473,-0.006125435929841804,0.0002462249025838401,-0.0063716608324256435,-0.004467990654266178,0.0004923135434568551,-0.004960304197723034,0.015799556801645135,0.001032601653474156,0.014766955148170979,2017
2017-06-26,2439.07,0.0124556896428571,609,0.18995183091787438,0.08903190816326531,0.08740808805031447,0.11315159,0.08327486666666667,0.17670284849101117,0.10972790175503368,0.07974895207038404,207,196,100,15,0.10091992275460906,0.0669749467359775,0.029876723333333327,0.0016238201129508412,0.029978949684649633,-0.008105510111856201,4.942733985260754e-05,-0.008154937451708809,-0.0041330521768363415,0.00024701043225623534,-0.004380062609092577,-0.005566761898499706,0.0004936821811224476,-0.006060444079622153,0.015766358031995942,0.001033815085924329,0.014732542946071613,2017
2017-06-27,2419.38,0.0124592264285714,619,0.19969695384615382,0.10051074489795919,0.0977007341772152,0.1267914862385321,0.09573543749999999,0.18371183325532303,0.11656094233482993,0.09209070332962695,195,196,109,16,0.09918620894819463,0.0671508909204931,0.0310560487385321,0.002810010720743994,0.02447023900520298,0.008769477216597063,4.944137471655317e-05,0.008720035841880509,0.005424669933404572,0.000246800955215419,0.005177868978189153,0.009817811239723499,0.0004941370181405881,0.00932367422158291,0.02289876959636404,0.0010340105000399753,0.021864759096324064,2017
2017-06-28,2440.69,0.0124529332142857,619,0.19378849760765549,0.08988232142857144,0.08907166666666667,0.11384230303030303,0.08332353846153848,0.17733281458079184,0.10475442221882757,0.08378617880728027,209,196,99,13,0.10390617617908404,0.07257839236196427,0.030518764568764553,0.0008106547619047694,0.020968243411547294,-0.008637220671771834,4.941640164399087e-05,-0.008686637073415824,-0.012757778531741126,0.0002465465858843532,-0.01300432511762548,0.002921131580576411,0.0004934613841647753,0.002427670196411636,0.01278720563799274,0.0010341683600172996,0.01175303727797544,2017
2017-06-29,2419.7,0.0124497814285714,623,0.20598519796954315,0.09912010204081632,0.09894552121212122,0.1302850648148148,0.09515525,0.18927925523570516,0.11580520017782568,0.09630128402753166,197,196,108,16,0.10686509592872682,0.07347405505787948,0.03512981481481481,0.00017458082869510616,0.019503916150294023,0.001532073698797482,4.940389455782302e-05,0.001482669804239659,0.0022621828969875525,0.00024632836734693806,0.0020158545296406144,0.016220992396491486,0.0004927795658541178,0.015728212830637366,0.020696035212491005,0.0010342764390989323,0.019661758773392074,2017
2017-06-30,2423.41,0.0124289982142857,635,0.20342476847290641,0.10072760416666666,0.09539402027027027,0.12166618811881189,0.094813875,0.18667413096643468,0.1161922125601687,0.08857968557209422,203,192,101,16,0.10269716430623975,0.07048191840626597,0.02685231311881188,0.0053335838963963905,0.02761252698807448,0.0023081276913972876,4.932142148526072e-05,0.0022588062699120267,0.0016574452755756775,0.0002460886408730151,0.0014113566347026625,0.014636056085577377,0.0004920623710317444,0.014143993714545632,0.02161006261914305,0.0010343125014572088,0.02057575011768584,2017
2017-07-03,2429.01,0.0124029014285714,632,0.20778771497584542,0.09849637244897959,0.09781782467532468,0.12368501020408164,0.09223314285714286,0.18896158723708387,0.11558781397154512,0.09118008042130958,207,196,98,14,0.10929134252686583,0.07337377326553875,0.03145186734693878,0.0006785477736549056,0.02440773355023554,0.0014522119983846045,4.921786281179127e-05,0.0014029941355728132,-0.0014337097216633305,0.0002466717488662123,-0.0016803814705295427,0.012925519752987712,0.0004917664205609762,0.012433753332426736,0.01979447417935408,0.0010343869031011997,0.01876008727625288,2017
2017-07-05,2432.54,0.0123951253571428,633,0.21041829857819905,0.09655478125,0.09356111764705882,0.11865383870967743,0.0901525,0.1900323040788341,0.11457129761123089,0.08770841893693851,211,192,93,14,0.11386351732819905,0.0754610064676032,0.02850133870967743,0.0029936636029411767,0.02686287867429238,-0.009412971248548743,4.91870053854873e-05,-0.009462158253934231,0.0043931413063189,0.00024733606292516905,0.00414580524339373,0.01683157804667385,0.0004914757276626048,0.016340102319011243,0.01615628348948172,0.0010345431457315848,0.015121740343750134,2017
2017-07-06,2409.75,0.0123979421428571,747,0.21893761181434598,0.10780479999999999,0.10645442105263159,0.14048399285714286,0.10355054999999999,0.20160351631956738,0.12621300966525542,0.10073513610375094,237,245,140,20,0.11113281181434599,0.07539050665431196,0.03693344285714287,0.0013503789473684052,0.02547787356150448,0.00638274075695685,4.919818310657579e-05,0.006333542573850274,0.015678910112317705,0.0002469147982804222,0.015431995314037283,0.026090929528099053,0.0004911901678553484,0.025599739360243706,0.02745650906107662,0.0010346434351306778,0.026421865625945944,2017
2017-07-07,2425.18,0.0123893703571428,746,0.21301416730038022,0.09654902857142858,0.09617986473429951,0.12477132258064516,0.09073116666666667,0.18769386671397945,0.11598056425603674,0.0941599276930386,263,245,124,18,0.11646513872895164,0.0717133024579427,0.03404015591397849,0.0003691638371290662,0.02182063656299814,0.0009273360773855018,4.91641680839e-05,0.0008781719093016019,0.013958809499503995,0.0002464511985071798,0.013712358300996815,0.019340213902504077,0.0004907961117328992,0.018849417790771178,0.022719679917503517,0.0010347785830898616,0.021684901334413656,2017
2017-07-10,2427.43,0.0125759414285714,639,0.20574425471698113,0.09631003125,0.09483079220779221,0.12149221212121213,0.0907015,0.18780983526754935,0.11324482770175745,0.08851900085504746,212,192,99,14,0.10943422346698113,0.0745650075657919,0.03079071212121212,0.0014792390422077861,0.024725826846709986,-0.0007830273058416915,4.990452947845794e-05,-0.0008329318353201495,0.012978610810001701,0.0002459737301587294,0.012732637079842972,0.01734862821278685,0.0004905224365479131,0.016858105776238936,0.01937498774964072,0.0010355568106975716,0.01833943093894315,2017
2017-07-11,2425.53,0.0125703085714285,638,0.20759404326923075,0.09598959183673471,0.09699265161290323,0.12223588659793815,0.09035900000000001,0.18660925920378538,0.11516362247335639,0.09223354086112327,208,196,97,15,0.11160445143249605,0.07144563673042899,0.03187688659793814,-0.001003059776168519,0.022930081612233116,0.007279063026366936,4.9882176870748016e-05,0.007229180849496188,0.014359229474651099,0.0002450946716947639,0.014114134802956336,0.021050574761753114,0.0004903835805388429,0.02056019118121427,0.01979430080155253,0.001035613021581925,0.018758687779970605,2017
2017-07-12,2443.25,0.0122889666666666,634,0.20270304090909091,0.08933558762886598,0.08845429113924051,0.11241201098901099,0.08235258333333333,0.18259715187617753,0.10474993990156042,0.08490250214728501,220,194,91,12,0.11336745328022493,0.07784721197461711,0.030059427655677665,0.0008812964896254688,0.019847437754275415,0.0018727975574500866,4.876574074074048e-05,0.001824031816709346,0.012438436740354933,0.0002441396647374357,0.012194297075617496,0.014054056904128724,0.0004902507279311334,0.01356380617619759,-0.00206495671004133,0.0010347224716953042,-0.0030996791817366346,2017
2017-07-13,2447.83,0.012281115,745,0.20047106181818183,0.08638594166666666,0.08598189099526066,0.11202595762711864,0.08009853333333333,0.17996701854049973,0.10079153680166508,0.08361637950622786,275,240,118,15,0.11408512015151517,0.07917548173883465,0.03192742429378531,0.00040405067140600326,0.017175157295437227,0.004662640144143031,4.8734583333333336e-05,0.004613905560809698,0.010412019415781489,0.0002442753695749262,0.010167744046206562,0.011208160799190557,0.0004911077411586469,0.01071705305803191,-0.0026630411614675556,0.0010348952527799602,-0.003697936414247516,2017
2017-07-14,2459.27,0.0122690483333333,754,0.20143840350877193,0.08295808571428571,0.08442297272727273,0.10736427678571428,0.07566633333333334,0.1789102877347874,0.09618645074398738,0.08191394448668952,285,245,112,15,0.11848031779448621,0.08272383699080002,0.031697943452380944,-0.0014648870129870123,0.014272506257297854,-5.2862612116695394e-05,4.8686699735449604e-05,-0.000101549311852145,0.005381404403000012,0.00024434491322571946,0.0051370594897742925,0.005203433913273241,0.0004919723925191908,0.00471146152075405,0.0026679622981485083,0.0010350351304254629,0.0016329271677230455,2017
2017-07-17,2459.14,0.0123544186956521,628,0.1964956100917431,0.08301641326530612,0.08500268367346939,0.1086472688172043,0.076046,0.18055205819312772,0.09550314972115359,0.08279792983077609,218,196,93,13,0.11347919682643698,0.08504890847197413,0.03260126881720429,-0.0019862704081632654,0.012705219890377498,0.0005975913588075912,4.9025471014492463e-05,0.0005485658877930988,0.0043700174027850895,0.0002445487063891837,0.0041254686963959055,0.0045279054281162105,0.0004928101735093646,0.004035095254606846,0.002221884640912002,0.0010354189763249336,0.0011864656645870686,2017
2017-07-18,2460.61,0.0123296468181818,635,0.19658685321100916,0.08166280102040815,0.08581792857142857,0.1072694,0.07324808333333334,0.1791798500496642,0.09819841916319565,0.08035458662340357,218,196,90,12,0.114924052190601,0.08098143088646854,0.03402131666666666,-0.004155127551020418,0.017843832539792076,0.005358270292070911,4.892716991341984e-05,0.005309343122157491,0.006691345287102053,0.00024528890884407896,0.006446056378257974,0.006376415174757992,0.0004932246594109718,0.00588319051534702,0.0030433888672451235,0.0010354296279956262,0.002007959239249497,2017
2017-07-19,2473.83,0.0123231642857142,634,0.19531416814159291,0.08026840625,0.08599263020833332,0.10459727777777778,0.0720235,0.17510309447695777,0.09413565494330961,0.07920392078159096,226,192,90,12,0.11504576189159292,0.08096743953364816,0.03257377777777777,-0.00572422395833333,0.014931734161718654,-0.00015361976712352472,4.8901445578230954e-05,-0.00020252121270175567,0.0016156201637738351,0.0002461110631936976,0.0013695091005801376,0.0015106841342955985,0.0004936933126268036,0.0010169908216687948,-0.01787218440683586,0.0010354874316271798,-0.01890767183846304,2017
2017-07-20,2473.45,0.0122986399999999,646,0.19689437387387387,0.08421042857142857,0.0840018,0.10259119767441861,0.07409533333333333,0.1774904693449941,0.09821908871016609,0.07787725409170827,222,196,86,12,0.1126839453024453,0.07927138063482801,0.02849586434108528,0.0002086285714285735,0.020341834618457816,-0.0003679748686383202,4.880412698412659e-05,-0.0004167789956224468,0.0007961413834090585,0.0002468323715837206,0.0005493090118253379,-0.0005216747900685672,0.0004941659724907492,-0.0010158407625593165,-0.01955563441304855,0.0010355848203743457,-0.020591219233422893,2017
2017-07-21,2472.54,0.0123204042105263,640,0.19805052702702702,0.07902401538461538,0.08571263265306123,0.1022552380952381,0.07001236363636364,0.17849234025453364,0.09292201121218348,0.07936138357789299,222,195,84,11,0.11902651164241164,0.08557032904235017,0.03224287445887446,-0.006688617268445843,0.013560627634290487,-0.0010642496123316407,4.8890492898913885e-05,-0.0011131401052305546,-0.0001779704897268345,0.00024762747929347144,-0.00042559796902030594,0.0017335544016158452,0.0004946491402912028,0.0012389052613246423,-0.018025711956778684,0.001035850316406092,-0.019061562273184778,2017
2017-07-24,2469.91,0.0125409497142857,510,0.19205066265060242,0.0835133724137931,0.08276613559322034,0.10236128358208955,0.0738078888888889,0.17563136338730828,0.09894879695408709,0.07814758610568323,166,145,67,9,0.10853729023680932,0.07668256643322119,0.02855339469320066,0.0007472368205727609,0.02080121084840386,0.002918919243124604,4.9765673469387695e-05,0.0028691535696552164,0.00015788802533111315,0.00024826146712018097,-9.037344178906782e-05,0.0044437156273310985,0.0004950919784580484,0.00394862364887305,-0.007069722808033879,0.0010367047894935726,-0.008106427597527452,2017
2017-07-25,2477.13,0.0125368297142857,513,0.19657947337278106,0.0802342808219178,0.08148708219178083,0.10141647692307693,0.07036855555555556,0.18064446438108703,0.09516965196693872,0.07610482656710559,169,146,65,9,0.11634519255086326,0.08547481241414831,0.031047921367521367,-0.001252801369863027,0.019064825399833132,0.0002825451687427182,4.974932426303849e-05,0.0002327958444796797,-0.00031493011234402834,0.0002479357505668929,-0.0005628658629109212,-0.0008925597062706936,0.0004952687006802706,-0.0013878284069509643,-0.013448224184665524,0.0010366543087679488,-0.014484878493433473,2017
2017-07-26,2477.83,0.012504934,512,0.20026374556213017,0.07684528767123287,0.0887982808219178,0.10523126865671642,0.0677645,0.1830317866759315,0.0903965533175924,0.08332803572420693,169,146,67,8,0.1234184578908973,0.0926352333583391,0.037466768656716415,-0.011952993150684932,0.007068517593385476,-0.0009730985474882821,4.9622753968253974e-05,-0.001022721301456536,-0.00010493602947827697,0.00024758224943310594,-0.00035251827891138294,-0.0015388191289431308,0.0004954801167800437,-0.0020342992457231743,-0.015807358105802066,0.0010364832724867694,-0.016843841378288836,2017
2017-07-27,2475.42,0.0124990071428571,635,0.2009857214611872,0.08005783333333334,0.091350296875,0.11403750980392158,0.07270176923076924,0.18444799127993078,0.09772286708421406,0.08499830590426868,219,192,102,13,0.12092788812785386,0.08672512419571672,0.04133574057315234,-0.011292463541666659,0.012724561179945373,-0.0013420867417742238,4.959923469387738e-05,-0.0013916859764681012,-0.0013178161734775952,0.0002473336009070286,-0.0015651497743846238,-0.015145915066681814,0.0004948489897959167,-0.01564076405647773,-0.013162819887906048,0.001036381504913073,-0.01419920139281912,2017
2017-07-28,2472.1,0.0124801691428571,649,0.20403019069767445,0.08454527272727273,0.0877773419689119,0.11637461764705882,0.07678225,0.18739377078744604,0.10439853600971119,0.08474592418571383,215,198,102,12,0.11948491797040171,0.08299523477773485,0.039592367647058826,-0.003232069241639171,0.019652611823997357,-0.0007283910972737436,4.9524480725623414e-05,-0.000777915577999367,0.0019115248913425923,0.00024702166099773137,0.001664503230344861,-0.01252911521888384,0.0004941882769274362,-0.013023303495811276,-0.01133375569093005,0.0010362979249811,-0.01237005361591115,2017
2017-07-31,2470.3,0.0124588691428571,645,0.2032505358490566,0.0873328155737705,0.08823829613733905,0.12017380303030303,0.08048777777777777,0.18586308666751067,0.10605388637248202,0.08635913227568247,265,244,132,18,0.11591772027528612,0.07980920029502865,0.039686025252525264,-0.0009054805635685531,0.01969475409679955,0.002446101105449387,4.94399569160996e-05,0.0023966611485332877,0.004285827602000175,0.00024683051133786747,0.004038997090662307,-0.0018070805178509069,0.0004935382571806484,-0.0023006187750315554,-0.009762921786999522,0.0010363005134164742,-0.010799222300415997,2017
2017-08-01,2476.35,0.0124477474285714,645,0.2018910594795539,0.08055537903225807,0.09052011693548387,0.11354739344262295,0.0738246875,0.18207700965462084,0.09827897102051127,0.08587067545647215,269,248,122,16,0.12133568044729584,0.08379803863410958,0.03972270594262295,-0.009964737903225801,0.01240829556403912,0.0004925392516085572,4.9395823129251585e-05,0.0004431434284793056,-0.0005776295939266308,0.00024733295011337774,-0.0008249625440400086,-0.0047521218926535914,0.0004931688458994695,-0.005245290738553061,-0.0076045069073291584,0.00103629413359788,-0.008640801040927038,2017
2017-08-02,2477.57,0.0124422745714285,634,0.2056046691449814,0.08112339516129032,0.09269434677419355,0.114918992,0.07405693333333334,0.186952110129886,0.09958169185989482,0.08645737448805271,269,248,125,15,0.12448127398369109,0.08737041826999117,0.04086205866666666,-0.011570951612903238,0.013124317371842109,-0.0021859786914876496,4.937410544217659e-05,-0.0022353527969298263,-0.0014338830994648291,0.0002478978673469377,-0.0016817809668117668,-0.0038255655591213117,0.0004928091454554028,-0.0043183747045767145,-0.00239229730074198,0.0010362305525321205,-0.0034285278532741005,2017
2017-08-03,2472.16,0.0124203982857142,753,0.2086224,0.08447712096774193,0.0947246129032258,0.1203143203125,0.07766686666666667,0.19126316564927692,0.1035924755275519,0.09057580444146295,265,248,128,15,0.12414527903225808,0.08767069012172503,0.04264745364583333,-0.010247491935483868,0.013016671086088949,0.001887254323046072,4.928729478458016e-05,0.001837967028261492,-0.01382809889320416,0.00024751538888888807,-0.014075614282093049,-0.01719688984964382,0.0004924200135581996,-0.01768930986320202,0.0017742002063429194,0.0010360431619425518,0.0007381570444003676,2017
2017-08-04,2476.83,0.0124319994285714,731,0.2068073271375465,0.08108577272727273,0.0924331935483871,0.11568931967213114,0.07388307142857142,0.18709177517735828,0.09808721358208299,0.09001068330264808,269,242,122,14,0.12572155441027377,0.0890045615952753,0.04180624824355972,-0.011347420821114368,0.008076530279434904,0.0016459116133836385,4.933333106575952e-05,0.001596578282317879,-0.014440640110226534,0.00024716661592970475,-0.014687806726156239,-0.020921213946026154,0.0004921315530990163,-0.021413345499125172,-0.007692532685047938,0.0010358541409674952,-0.008728386826015433,2017
2017-08-07,2480.91,0.0125854837142857,628,0.19871676404494382,0.0835967224489796,0.0919615224489796,0.11890344776119403,0.07800672222222221,0.18074487195868438,0.10306517123412307,0.08705834478949245,267,245,134,18,0.11512004159596421,0.07767970072456132,0.04089672553897182,-0.008364799999999992,0.016006826444630612,-0.00241735609047731,4.994239569160992e-05,-0.00246729848616892,-0.006092908119851043,0.00024670774584278096,-0.006339615865693825,-0.02140517797177818,0.0004918678450491297,-0.02189704581682731,-0.00621457791628535,0.0010360502685185153,-0.007250628184803865,2017
2017-08-08,2474.92,0.0125901065714285,631,0.20741219011406845,0.08934465163934426,0.09889124489795918,0.13007989436619719,0.08578877777777777,0.18963595605836595,0.10650184375599206,0.09664607799230253,263,244,142,18,0.11806753847472419,0.08313411230237389,0.044291116588419416,-0.009546593258614927,0.00985576576368953,-0.00036371425392981165,4.9960740362811506e-05,-0.00041367499429262317,-0.004174492298726969,0.00024583589578609165,-0.0044203281945130605,-0.0090960823448878,0.0004916704153439143,-0.009587752760231716,-0.003975697642808716,0.0010356079295162476,-0.005011305572324964,2017
2017-08-09,2474.02,0.01234589,637,0.21446021245421246,0.09095697107438017,0.10015477142857142,0.13441434027777777,0.0885960625,0.19738231404588968,0.11315516175118731,0.09638321006120774,273,242,144,16,0.12350324137983229,0.08422715229470237,0.04581827777777776,-0.009197800354191252,0.016771951689979567,-0.014580194485226952,4.899162698412698e-05,-0.01462918611221108,-0.002391682459656461,0.0002449112781084651,-0.002636593737764926,-0.012191950224465042,0.0004914248677248666,-0.012683375092189909,-0.005101876144584406,0.0010350995899470869,-0.006136975734531493,2017
2017-08-10,2438.21,0.0123325075,747,0.2451864530612245,0.12024640983606558,0.12043706167400882,0.17395885310734463,0.12089970833333334,0.22535829919990785,0.14872606685302078,0.11744153353776313,245,244,177,24,0.12494004322515892,0.07663223234688707,0.05305914477401129,-0.00019065183794324259,0.03128453331525766,0.001274713106023881,4.893852182539682e-05,0.0012257745841984843,-0.003368790956439665,0.0002449046246693115,-0.003613695581108976,0.00031165550836815626,0.0004920115287225989,-0.00018035602035444264,0.02025922259148462,0.0010354253467498079,0.01922379724473481,2017
2017-08-11,2441.32,0.0123163641666666,759,0.24718110204081634,0.11919478367346939,0.12132705429864254,0.17174074285714286,0.1184585909090909,0.23354366530888399,0.14860901962436984,0.11532345302429449,245,245,175,22,0.12798631836734695,0.08493464568451414,0.053282151948051956,-0.002132270625173155,0.03328556660007535,0.00999364360375926,4.887446097883572e-05,0.009944769142780424,-0.006480573835799686,0.0002449649371693115,-0.0067255387729689975,0.0007083820727518362,0.0004925939932917595,0.0002157880794600766,0.022342863077944284,0.001036754517668175,0.021306108560276107,2017
2017-08-14,2465.84,0.0123657775,627,0.21342468725868727,0.09665452244897958,0.09758608438818565,0.13965072903225806,0.0940639,0.1949576824184099,0.11930134787484667,0.09612078006289136,259,245,155,20,0.11677016480970769,0.07565633454356324,0.04558682903225805,-0.0009315619392060714,0.023180567811955308,-0.0004989402693533612,4.907054563492063e-05,-0.0005480108149882819,-0.015312269851927225,0.0002451600992063488,-0.015557429951133574,-0.008798284075805437,0.0004932351870748282,-0.009291519262880264,0.013105998993170826,0.001038344280045348,0.012067654713125478,2017
2017-08-15,2464.61,0.0123571029166666,626,0.21056844015444015,0.09683262295081967,0.10131100000000001,0.13543993333333332,0.093333,0.19353626993783282,0.1214075695508798,0.09315743900282354,259,244,150,20,0.11373581720362048,0.07212870038695303,0.04210693333333332,-0.004478377049180346,0.02825013054805625,0.0014190955851406412,4.9036122685184924e-05,0.0013700594624554564,-0.004921590046160747,0.0002458345195578226,-0.0051674245657185695,-0.007456900999795278,0.0004936917106009051,-0.007950592710396182,0.012503615360009511,0.0010384411791999372,0.011465174180809574,2017
2017-08-16,2468.11,0.0123442133333333,641,0.21241716216216217,0.092692436,0.096985816,0.1334470896551724,0.08849777777777777,0.19425853792280673,0.11603262057574633,0.0939907044082759,259,250,145,18,0.11972472616216216,0.0782259173470604,0.044949311877394635,-0.004293379999999999,0.022041916167470435,-0.015557302982010086,4.8984973544973414e-05,-0.01560628795555506,-0.009800267764808631,0.00024651358961640156,-0.010046781354425032,-0.004271480599816321,0.0004940891650132258,-0.004765569764829547,0.012930052090077486,0.001038522492677623,0.011891529597399864,2017
2017-08-17,2430.01,0.01234770625,622,0.23753482403433476,0.12051189387755103,0.12151795215311004,0.16758771929824562,0.120419,0.22193723635512813,0.14642128246215433,0.11411812357548588,233,245,171,24,0.11702293015678374,0.0755159538929738,0.04716871929824562,-0.0010060582755590103,0.032303158886668445,-0.001837069773336156,4.899883432539682e-05,-0.0018860686076615529,0.00368044646480758,0.0002471069040532873,0.0034333395607542925,0.016990571240389413,0.0004944364335317445,0.016496134806857667,0.02994216238688705,0.001038650409056735,0.028903511977830317,2017
2017-08-18,2425.55,0.012365545,640,0.2310338693877551,0.11663739183673469,0.12076113615023473,0.160441525,0.11651182608695651,0.2150939488817107,0.1393536128290298,0.11321775764689344,245,245,160,23,0.11439647755102042,0.0757403360526809,0.04392969891304349,-0.004123744313500044,0.02613585518213636,0.0011619475876316547,4.9069623015873016e-05,0.0011128779646157817,0.007188955908551632,0.000247629056122448,0.006941326852429184,0.0208081598293228,0.0004946243140589552,0.020313535515263846,0.03288889753837345,0.001039008129251697,0.03184988940912176,2017
2017-08-21,2428.37,0.0125357314285714,516,0.2098875693069307,0.11354477604166667,0.10915550285714286,0.14807135772357724,0.11330933333333333,0.195434570795578,0.13171194973207165,0.10667061291572748,202,192,123,18,0.09634279326526403,0.06372262106350635,0.03476202439024391,0.004389273184523812,0.02504133681634417,0.009891739536413192,4.974496598639445e-05,0.009841994570426798,0.006513985776121699,0.0002480750878684794,0.00626591068825322,0.012066733673346552,0.000494652964852606,0.011572080708493946,0.03236106158759834,0.0010392706653267326,0.03132179092227161,2017
2017-08-22,2452.51,0.0125282285714285,517,0.20109869483568074,0.09673348000000001,0.09811036666666667,0.12977216666666666,0.09438693333333334,0.18553579423181002,0.11652812786632644,0.09646802932126321,213,200,108,15,0.10436521483568073,0.06900766636548358,0.03538523333333332,-0.0013768866666666602,0.02006009854506323,-0.003459582133507087,4.971519274376389e-05,-0.0035092973262508508,-0.002535310953634425,0.00024785719104308254,-0.0027831681446775077,0.005298860519079688,0.0004944374574829913,0.004804423061596697,0.0194187131577265,0.0010387266687280929,0.018379986488998405,2017
2017-08-23,2444.04,0.0124937285714285,516,0.20399336966824644,0.1032885663265306,0.10490122360248447,0.1356067027027027,0.102972375,0.19193632538827324,0.11896215543021751,0.1053987670128486,211,196,111,16,0.10070480334171583,0.07297416995805572,0.03263432770270269,-0.0016126572759538604,0.013563388417368913,-0.0020765887523938203,4.957828798185913e-05,-0.0021261670403756793,0.0055287871649922,0.0002475755753968242,0.005281211589595376,0.008579966835586135,0.0004942223214285694,0.008085744514157566,0.0235259300478801,0.0010381700870954402,0.02248775996078466,2017
2017-08-24,2438.97,0.0124792885714285,656,0.2112909128440367,0.10690194387755103,0.10619513450292398,0.14160508695652174,0.10604988235294117,0.19665509962897526,0.1288287510507448,0.10406692911868626,218,196,115,17,0.10438896896648567,0.06782634857823047,0.03555520460358057,0.0007068093746270543,0.02476182193205853,0.001671439670407706,4.952098639455754e-05,0.0016219186840131484,0.01331012477558175,0.00024732952947845713,0.013062795246103293,0.00916666283227451,0.0004940964342403611,0.008672566398034149,0.023378019595349204,0.0010377035033742326,0.02234031609197497,2017
2017-08-25,2443.05,0.0124779449999999,640,0.2042687837837838,0.1008576224489796,0.10194086451612903,0.1320043113207547,0.0990238125,0.18863492111969363,0.12254302565339215,0.09481733026038162,222,196,106,16,0.1034111613348042,0.06609189546630148,0.03298049882075471,-0.001083242067149437,0.02772569539301052,0.0004869774552017658,4.9515654761904366e-05,0.0004374618004398614,0.013619203920771372,0.00024699525793650713,0.013372208662834865,0.01827612741270869,0.0004938928316326516,0.01778223458107604,0.02177867364681131,0.0010383314923198108,0.0207403421544915,2017
2017-08-28,2444.24,0.0124808214285714,637,0.20660580147058824,0.0995339836734694,0.09908751428571427,0.13532552898550723,0.09923033333333334,0.18992887354905885,0.12002034673657959,0.09863032413209866,272,245,138,21,0.10707181779711884,0.06990852681247926,0.036095195652173895,0.00044646938775512457,0.021390022604480932,0.0008424428066569343,4.9527069160997616e-05,0.0007929157374959367,0.00555274789722493,0.0002465778769841266,0.005306170020240804,0.021147503549990693,0.0004946448696145111,0.020652858680376182,0.02536853821321685,0.0010388884580227588,0.02432964975519409,2017
2017-08-29,2446.3,0.0124572614285714,636,0.21264875367647057,0.10261103673469386,0.10540175742574258,0.13764064028776976,0.10070075,0.1955565901860182,0.12437618831123275,0.09914518933335344,272,245,139,20,0.1100377169417767,0.07118040187478546,0.036939890287769755,-0.002790720691048715,0.02523099897787931,0.004604515985119675,4.943357709750555e-05,0.004555082408022169,0.007834171472714188,0.00024658026643990875,0.007587591206274279,0.02106184026231931,0.0004955820238095222,0.02056625823850979,0.025729978273056214,0.001039449922025026,0.024690528351031187,2017
2017-08-30,2457.59,0.012431725,638,0.2115272669039146,0.099005256,0.0965363117408907,0.1324973134328358,0.09592383333333333,0.19314793384216739,0.12076456320354992,0.09490083807096311,281,250,134,18,0.1125220109039146,0.07238337063861747,0.03657348009950247,0.002468944259109304,0.025863725132586807,0.005704748858195643,4.933224206349206e-05,0.005655416616132151,0.0030511796705937487,0.0002466467460317452,0.0028045329245620036,0.015356000374685073,0.0004953158915015267,0.014860684483183546,0.024823706061444545,0.0010400796768436202,0.023783626384600926,2017
2017-08-31,2471.65,0.0123950521428571,760,0.2074541448275862,0.091659,0.09540208163265305,0.124112128,0.0869765625,0.18862808818656632,0.10531598895036982,0.09346902233054229,290,247,125,16,0.1157951448275862,0.0833120992361965,0.03713556550000001,-0.0037430816326530503,0.011846966619827537,0.0019805188155972674,4.9186714852607535e-05,0.0019313321007446598,-0.004143461943307323,0.00024676690476190395,-0.004390228848069227,0.01149678383169794,0.0004951010856009051,0.011001682746097035,0.02298547233623158,0.0010407897250295612,0.02194468261120202,2017
2017-09-01,2476.55,0.012372765,770,0.2061336224489796,0.09319399193548387,0.09299845263157895,0.11653356779661017,0.0860129375,0.18399633466036328,0.11193437063086253,0.08773821598587113,294,248,118,16,0.11293963051349572,0.07206196402950074,0.030520630296610174,0.00019553930390492358,0.024196154644991405,-0.007579478568344627,4.909827380952381e-05,-0.007628576842154151,0.004656923491937492,0.00024689757369614445,0.004410025918241347,0.010971072330900373,0.000495027260672383,0.01047604507022799,0.02316148021693416,0.0010415885473084726,0.022119891669625687,2017
2017-09-05,2457.85,0.0124814235714285,652,0.22032596715328467,0.10798062400000001,0.10410193181818182,0.14412932666666667,0.10613036363636365,0.2023488219144211,0.13266865533451466,0.09711283826195409,274,250,150,22,0.11234534315328466,0.06968016657990644,0.03799896303030302,0.0038786921818181885,0.03555581707256057,0.0031238663821462308,4.9529458616779766e-05,0.003074336923529451,0.015594755652765854,0.00024806699263038454,0.01534668866013547,0.01966021627739517,0.0004952855413832179,0.019164930736011953,0.031986937118197424,0.0010425522462880644,0.03094438487190936,2017
2017-09-06,2465.54,0.0124740142857142,665,0.2173961172413793,0.09938219591836735,0.10099201485148514,0.13533514685314685,0.09600894736842105,0.19828181819476792,0.12278839962776077,0.09595666075934298,290,245,143,19,0.11801392132301196,0.07549341856700716,0.03932619948472579,-0.0016098189331177903,0.02683173886841779,-0.0001784758170006678,4.950005668934207e-05,-0.00022797587369000985,0.013227668789605091,0.00024900175736961347,0.012978667032235477,0.017170461532105386,0.0004950882418573468,0.016675373290248038,0.03449394413333177,0.001043074508192826,0.03345086962513894,2017
2017-09-07,2465.1,0.012462005,787,0.21920158620689656,0.09967995102040816,0.09815014903846153,0.13440651428571426,0.095321,0.20119183490716308,0.1209427683451733,0.09566963763465035,290,245,140,19,0.1195216351864884,0.08024906656198978,0.03908551428571426,0.0015298019819466324,0.02527313071052295,-0.0014898927557054817,4.945240079365079e-05,-0.0015393451564991326,0.012304820704091125,0.0002486691454697814,0.012056151558621343,0.014298328455647415,0.0004947891545557595,0.013803539301091655,0.03359820492564011,0.0010436240858572253,0.03255458083978289,2017
2017-09-08,2461.43,0.0124279807142857,789,0.22818606440677963,0.10517977049180328,0.10403330000000001,0.1405730486111111,0.10146005263157894,0.20699720986734327,0.124679303378968,0.10273026106920816,295,244,144,19,0.12300629391497635,0.08231790648837527,0.039112995979532175,0.0011464704918032753,0.021949042309759845,0.010780904250841916,4.9317383786848014e-05,0.010731586867055068,0.0156402457750053,0.00024833418083900123,0.015391911594166299,0.01643585596799931,0.0004944953648732199,0.01594136060312609,0.03328207213381425,0.0010441910813220776,0.032237881052492166,2017
2017-09-11,2488.11,0.0126674585714285,651,0.21145451515151514,0.0946968693877551,0.09195548101265823,0.12840681944444443,0.08927116666666667,0.19325884849548267,0.11319337299861852,0.0902206288920993,297,245,144,18,0.11675764576376005,0.08006547549686414,0.039135652777777766,0.0027413883750968676,0.022972744106519227,0.0033583535924836664,5.026769274376389e-05,0.0033080858997399025,0.0063141488389628145,0.0002481296869762385,0.006066019151986576,0.0034304525122326778,0.0004942896853470234,0.0029361628268856545,0.024820921953930604,0.0010461920422064313,0.023774729911724173,2017
2017-09-12,2496.48,0.0127169842857142,660,0.21379525407166122,0.09021355510204082,0.09095277083333334,0.12387497142857143,0.08425983333333334,0.19827863473153295,0.10732920607452592,0.0885644028320992,307,245,140,18,0.1235816989696204,0.09094942865700703,0.03961513809523809,-0.0007392157312925141,0.018764803242426728,0.0007567795189854543,5.046422335600873e-05,0.0007063152956294455,0.004065460624629365,0.0002472185487528333,0.003818242075876531,0.00014419264161869133,0.0004941709679433953,-0.00034997832632470394,0.023264412997257563,0.00104723634492752,0.022217176652330042,2017
2017-09-13,2498.37,0.0123901960869565,659,0.21276141693811076,0.08960643673469387,0.09028450210970464,0.12039671851851852,0.0818019375,0.1953135004999506,0.10643797371911164,0.08804315786406117,307,245,135,16,0.12315498020341689,0.08887552678083897,0.038594781018518515,-0.000678065375010764,0.01839481585505047,-0.0011013239025146775,4.916744478950992e-05,-0.0011504913473041874,0.003942792742500206,0.00024608648448773337,0.0036967062580124726,0.0034642551442407607,0.0004937793650522389,0.0029704757791885216,0.020819479333942258,0.0010461300448519342,0.019773349289090324,2017
2017-09-14,2495.62,0.0123775939130434,664,0.2148325439739414,0.09034357489878542,0.08937822330097087,0.11929802290076336,0.08236535294117647,0.1972092910293557,0.09739331216401292,0.08942551188605086,307,247,131,17,0.12448896907515597,0.09981597886534277,0.036932669959586883,0.000965351597814551,0.007967800277962067,0.0018455323152087293,4.9117436162870636e-05,0.0017964148790458588,0.0019935077515562468,0.0002461200090859782,0.0017473877424702686,0.00576946191325146,0.0004947004534259941,0.005274761459825465,0.022798529042694516,0.0010462722826021066,0.02175225676009241,2017
2017-09-15,2500.23,0.0123764482608695,658,0.21344565146579805,0.08424004048582996,0.08658646428571429,0.11464472,0.0774904,0.19118768919380102,0.10073273331649495,0.08319115148786996,307,247,125,15,0.12920561097996808,0.09045495587730608,0.037154320000000005,-0.0023464237998843257,0.01754158182862499,0.001454807314799407,4.911288992408532e-05,0.0014056944248753216,0.0007956101929940256,0.00024616118403421864,0.0005494490089598069,0.007622173371550796,0.0004956463491792231,0.007126527022371572,0.02270223066096498,0.001046356023687913,0.021655874637277066,2017
2017-09-18,2503.87,0.0124378517391304,520,0.2079789958506224,0.0885247461928934,0.08783116129032258,0.11336446601941746,0.0796137857142857,0.190425200363603,0.103338265446748,0.08243414385547469,241,197,103,14,0.11945424965772901,0.087086934916855,0.03375068030513176,0.0006935849025708207,0.020904121591273306,0.0011096653781502376,4.9356554520358735e-05,0.001060308823629879,-0.0028836963267301037,0.00024615999837078494,-0.003129856325100889,0.010033881189734258,0.0004965757495045706,0.009537305440229687,0.021919692279047862,0.0010466678904926061,0.020873024388555254,2017
2017-09-19,2506.65,0.012431704090909,521,0.20798945714285713,0.08852577157360406,0.08747805333333333,0.11199932673267328,0.07867154545454545,0.18941627120719037,0.1047623986090388,0.08198514259907846,245,197,101,11,0.11946368556925308,0.08465387259815157,0.03332778127812783,0.001047718240270723,0.022777256009960334,0.0006341116368564334,4.9332159090908736e-05,0.0005847794777655246,-0.003921267983010573,0.0002469524191905619,-0.004168220402201135,0.011080742507883566,0.0004972047321157309,0.010583537775767836,0.021552124571568507,0.0010467245268091878,0.020505400044759318,2017
2017-09-20,2508.24,0.0123986442857142,518,0.20828079591836735,0.08697442131979695,0.08551358282208589,0.11106465306122448,0.07747369230769231,0.18757646840290143,0.10376181931536081,0.08127501283582506,245,197,98,13,0.1213063745985704,0.08381464908754062,0.03359096075353217,0.001460838497711059,0.022486806479535756,-0.0030506088934585734,4.920096938775476e-05,-0.003099809862846328,-0.000478537598259595,0.0002476928805645055,-0.0007262304788241005,0.011692609203945686,0.0004979345458139378,0.011194674658131749,0.02124592274683781,0.0010467597278845675,0.020199163018953244,2017
2017-09-21,2500.6,0.01238797,784,0.20796526556016598,0.08764210659898478,0.08863084827586207,0.11126555789473684,0.07827592307692308,0.1867503324552479,0.10278253483411988,0.08295711493363724,241,197,95,13,0.1203231589611812,0.08396779762112803,0.032989634817813765,-0.0009887416768772916,0.019825419900482644,0.000647634756646368,4.915861111111111e-05,0.0005984761455352568,0.0037759541616951588,0.0002485804443400158,0.003527373717355143,0.02037409149468494,0.0004987852969477246,0.019875306197737214,0.029400381109697886,0.0010468792842904637,0.028353501825407423,2017
2017-09-22,2502.22,0.0123761494736842,786,0.20813143153526972,0.087841898989899,0.08690815753424658,0.10856503225806452,0.07796325,0.18536792395382518,0.10542815597506124,0.08219539645415125,241,198,93,12,0.12028953254537073,0.07993976797876394,0.030601782258064522,0.0009337414556524204,0.023232759520909987,-0.002224499204924677,4.911170426065159e-05,-0.0022736109091853287,0.0068265631785567014,0.0002494851651450044,0.006577078013411697,0.018652241713346295,0.0004996763201903548,0.01815256539315594,0.024772343485970145,0.001046949150622961,0.023725394335347184,2017
2017-09-25,2496.66,0.0126375417857142,649,0.20046657399103138,0.08904169191919191,0.08833850561797753,0.12090113392857142,0.08368600000000001,0.18559184045065746,0.10542007810317855,0.08783696605055163,223,198,112,14,0.11142488207183947,0.08017176234747891,0.03721513392857141,0.0007031863012143813,0.017583112052626915,7.209372186979258e-05,5.014897534013572e-05,2.1944746529656864e-05,0.012917577516464255,0.0002504157511337857,0.012667161765330469,0.019070715370739393,0.0005005840121882064,0.018570131358551185,0.028613481564562438,0.0010482998148430348,0.027565181749719402,2017
2017-09-26,2496.84,0.0126183003571428,641,0.1991813677130045,0.09084671212121213,0.09081262658227848,0.1190418425925926,0.08500128571428571,0.18500863922737576,0.1096190428663068,0.08730279364843863,223,198,108,14,0.10833465559179235,0.07538959636106896,0.034040556878306885,3.408553893365085e-05,0.022316249217868178,0.0040768420216074665,5.007262046485238e-05,0.004026769401142614,0.01500201049089425,0.00025025231292516903,0.01475175817796908,0.02131837571982799,0.0005017533815192723,0.020816622338308718,0.023867424731230533,0.0010486429891627632,0.022818781742067768,2017
2017-09-27,2507.04,0.0126223103571428,640,0.19583241850220262,0.08984914141414142,0.08891119496855346,0.11481968932038834,0.08288714285714285,0.1790409529560493,0.10851486977248184,0.08253047623534708,227,198,103,14,0.1059832770880612,0.07052608318356746,0.03193254646324549,0.0009379464455879644,0.025984393537134762,0.0012038828664962132,5.0088533163265076e-05,0.0011537943333329481,0.012171146802205206,0.00025024166524943215,0.011920905136955774,0.019043378334031396,0.0005029927565192722,0.018540385577512124,0.02106072191174998,0.0010490583482897474,0.020011663563460232,2017
2017-09-28,2510.06,0.0126159596428571,764,0.1970385462555066,0.08683563819095477,0.08489552083333333,0.11196728,0.07707161538461538,0.17773496586293097,0.1026650462795111,0.08319352079136676,227,199,100,13,0.11020290806455182,0.07506991958341987,0.034895664615384625,0.0019401173576214376,0.019471525488144348,0.0036982437735080622,5.0063331916099604e-05,0.0036481804415919626,0.016598137332989857,0.0002502048526077087,0.01634793248038215,0.016151341323205486,0.0005022621466364302,0.015649079176569058,0.027897384399069813,0.0010494841563963235,0.02684790024267349,2017
2017-09-29,2519.36,0.0126106571428571,780,0.19776082845188284,0.0838601855670103,0.08581024226804124,0.10708009574468084,0.07325866666666667,0.1814773506337311,0.09660208022535094,0.08433062916379976,239,194,94,12,0.11390064288487253,0.08487527040838017,0.03382142907801418,-0.0019500567010309333,0.012271451061551183,0.0038665151329828713,5.004229024943294e-05,0.003816472842733438,0.011825678534789478,0.00025019115504535045,0.011575487379744127,0.013330823355934987,0.0005015084972600131,0.012829314858674973,0.021001559368323458,0.0010499039696049402,0.01995165539871852,2017
2017-10-02,2529.12,0.0125963553571428,784,0.19843496333333335,0.08304295815899582,0.08674480753138077,0.10795008264462809,0.07324886666666666,0.17823704811225832,0.09270618332005064,0.08715875352701404,300,239,121,15,0.11539200517433754,0.08553086479220769,0.03470121597796143,-0.0037018493723849494,0.005547429793036601,0.0021565266962995347,4.998553713151905e-05,0.0021065411591680155,0.006153137854275072,0.0002501682610544206,0.0059029695932206515,0.011213542156431472,0.0005006673842592572,0.010712874772172214,0.018079083745322046,0.0010502354117818107,0.017028848333540236,2017
2017-10-03,2534.58,0.0126156171428571,779,0.20026245,0.08514125106382979,0.08377913913043478,0.10722101680672269,0.0741759375,0.18057586987729898,0.09466260206677601,0.0851842425043663,300,235,119,16,0.11512119893617022,0.08591326781052297,0.033045079306722694,0.0013621119333950132,0.009478359562409708,0.0012459783329185144,5.0061972789115477e-05,0.001195916360129399,0.006316365228934011,0.00025150106859410317,0.006064864160339908,0.009729284393013954,0.0005001066038565163,0.009229177789157437,0.017513363302303464,0.001050714018641221,0.016462649283662242,2017
2017-10-04,2537.74,0.0126130335714285,791,0.20352170860927152,0.08375330672268907,0.08334246460176992,0.10758179999999999,0.07301066666666665,0.18403623625977916,0.09726995865573744,0.08395583571801263,302,238,120,15,0.11976840188658244,0.08676627760404172,0.03457113333333334,0.00041084212091915817,0.013314122937724812,0.005630873397280621,5.005172052154166e-05,0.00558082167675908,0.00687223153182619,0.0002527510912698401,0.00661948044055635,0.009225403730766472,0.0004994578219043413,0.00872594590886213,0.016457336532307527,0.0010510689970992708,0.015406267535208257,2017
2017-10-05,2552.07,0.0126125078571428,829,0.2042123197492163,0.08175039837398373,0.08166200423728813,0.10122999115044247,0.06913742857142857,0.18194585119132062,0.09251829294826151,0.07812785353989454,319,246,113,14,0.12246192137523257,0.0894275582430591,0.0320925625790139,8.839413669560481e-05,0.01439043940836697,-0.0010742150246923344,5.004963435374127e-05,-0.0011242646590460758,-0.0004467960097844326,0.00025205729402872143,-0.000698853303813154,0.0039224401456114215,0.0004987734615490882,0.0034236666840623334,0.013918756351873101,0.0010513754273713803,0.012867380924501721,2017
2017-10-06,2549.33,0.0126048878571428,838,0.2100034906832298,0.08263769477911646,0.0811529567099567,0.10207741071428571,0.07068146666666666,0.1864837871183146,0.09466461205126772,0.07849945832713413,322,249,112,15,0.12736579590411334,0.09181917506704687,0.03139594404761904,0.0014847380691597606,0.016165153724133588,-0.0018060255475314134,5.001939625850317e-05,-0.0018560449437899165,0.0015051448211455775,0.00025131734221466273,0.0012538274789309148,0.010100504639705191,0.0004980443529889975,0.009602460286716194,0.01626349445067774,0.0010516656819065278,0.015211828768771214,2017
2017-10-09,2544.73,0.0129322228571428,693,0.21070875,0.08582775252525252,0.08713120855614973,0.11182719,0.07465138461538462,0.19354795803061586,0.10037094640756673,0.08440205278410834,248,198,100,13,0.12488099747474748,0.09317701162304913,0.03717580538461539,-0.0013034560308972098,0.015968893623458394,0.0023197540709582955,5.1318344671201586e-05,0.002268435726287094,0.005060404302156316,0.00025049912320483647,0.004809905178951479,0.007926127320155333,0.0004972534341741032,0.007428873885981229,0.01788039543210118,0.0010533052425641242,0.016827090189537056,2017
2017-10-10,2550.64,0.0129306228571428,687,0.209588516,0.08493067171717171,0.08586626203208556,0.10813155102040817,0.07233441666666666,0.1912915397581796,0.09820460593151893,0.08168461990948159,250,198,98,12,0.12465784428282829,0.09308693382666068,0.0357971343537415,-0.000935590314913845,0.016519986022037345,0.0018018446358107835,5.1311995464852385e-05,0.0017505326403459312,0.003412919164079988,0.0002486055352624131,0.0031643136288175746,0.007223012122864666,0.000496397457983627,0.00672661466488104,0.017003258997573795,0.0010537231677341925,0.0159495358298396,2017
2017-10-11,2555.24,0.0124381966666666,693,0.2100778346456693,0.08289170500000001,0.082688015625,0.1049810744680851,0.06960427272727272,0.1882057827100342,0.09579128698292899,0.07964381652022123,254,200,94,11,0.12718612964566928,0.0924144957271052,0.03537680174081238,0.00020368937500001016,0.016147470462707758,-0.001688154144329805,4.935792328042302e-05,-0.0017375120676102278,0.0023531721989403648,0.00024670673063450116,0.0021064654683058638,0.0007472043755915296,0.0004955776121786385,0.0002516267634128911,0.011432342512320426,0.0010520198903507755,0.01038032262196965,2017
2017-10-12,2550.93,0.01242604,821,0.2065442847682119,0.08329253359683794,0.08632996721311476,0.11052074603174603,0.071471,0.18681484830151246,0.09686005116694325,0.08470794982672991,302,253,126,15,0.12325175117137396,0.0899547971345692,0.03904974603174602,-0.0030374336162768134,0.012152101340213342,0.0008777258062376878,4.930968253968254e-05,0.0008284161236980053,0.004369236155395824,0.0002467161675203667,0.0041225199878754575,0.003705497722048519,0.000496707668490052,0.003208790053558467,0.01222247611214354,0.0010521432679675227,0.011170332844176017,2017
2017-10-13,2553.17,0.0123986966666666,822,0.20691865472312704,0.08198910671936759,0.08234503571428572,0.10564213333333333,0.07018493333333332,0.18448419960813706,0.09579340568701292,0.07953146098123293,307,253,120,15,0.12492954800375945,0.08869079392112414,0.03545720000000001,-0.00035592899491813934,0.01626194470577999,0.0017492339334793062,4.9201177248676984e-05,0.0017000327562306293,0.008595359818559831,0.0002467270107743349,0.008348632807785496,0.010868317269626684,0.0004979123272202108,0.010370404942406474,0.01232788612362611,0.0010522893877052727,0.011275596735920839,2017
2017-10-16,2557.64,0.0124550386956521,694,0.20423873983739838,0.08144663235294118,0.081245155,0.10555113131313132,0.06966933333333333,0.1848718007738857,0.09651231805695629,0.07865115000118748,246,204,99,12,0.1227921074844572,0.08835948271692942,0.035881797979797986,0.00020147735294118174,0.017861168055768803,0.000672268932882235,4.942475672877818e-05,0.0006228441761534567,0.0028657230179991856,0.0002467543109692667,0.002618968707029919,0.005921502078909181,0.00049919429509625,0.005422307783812931,0.00826636019079736,0.0010529602394421028,0.007213399951355256,2017
2017-10-17,2559.36,0.012452124090909,697,0.20815329600000002,0.08013323,0.08235683163265306,0.10761322222222221,0.06852966666666667,0.1905743500666394,0.0943106610574221,0.08022635581376242,250,200,99,12,0.12802006600000002,0.0962636890092173,0.03908355555555554,-0.0022236016326530605,0.014084305243659681,0.000742097670671056,4.941319083694047e-05,0.0006926844798341155,0.003810092958784539,0.00024779192272121386,0.003562301036063325,0.006193272656008568,0.0005001432707937754,0.005693129385214793,0.0020530922633019578,0.0010537268112157396,0.0009993654520862182,2017
2017-10-18,2561.26,0.0124405747619047,702,0.20940746400000002,0.08131166000000001,0.08236476344086022,0.10543109278350515,0.06817709090909091,0.1908203539989233,0.0946167399725572,0.07957250583728645,250,200,97,11,0.128095804,0.0962036140263661,0.037254001874414244,-0.0010531034408602091,0.015044234135270756,0.00032790981212586,4.9367360166288493e-05,0.0002785424519595715,-0.001605967823348711,0.0002488708815441373,-0.0018548387048928484,0.007041981238618554,0.0005011942239477644,0.00654078701467079,0.009473734615072244,0.0010544624402545754,0.00841927217481767,2017
2017-10-19,2562.1,0.0124287725,702,0.211977348,0.07988180392156863,0.08776012745098039,0.10725005154639175,0.067935,0.19183307350596487,0.09236913493220668,0.0832717412137576,250,204,97,11,0.13209554407843138,0.0994639385737582,0.039315051546391755,-0.007878323529411757,0.009097393718449073,0.005103849469401585,4.9320525793650795e-05,0.005054528943607934,-0.0006637384333473338,0.0002499915009696853,-0.0009137299343170191,0.0069040229894154195,0.0005022438150286412,0.006401779174386778,0.006516328410344929,0.0010555750800882865,0.005460753330256643,2017
2017-10-20,2575.21,0.0124055763157894,703,0.2117037843137255,0.07298734010152284,0.09119212626262627,0.10568324210526317,0.0618064,0.19096748601959038,0.08180861741401876,0.08569581544987405,255,197,95,10,0.13871644421220264,0.10915886860557161,0.04387684210526317,-0.018204786161103423,-0.0038871980358552854,-0.003980402867081287,4.922847744360873e-05,-0.004029631344524896,0.0022729574510668552,0.0002511853164458758,0.0020217721346209795,0.0048924667368602,0.0005032814400286412,0.004389185296831559,0.0026874282997510672,0.0010566958379385279,0.0016307324618125394,2017
2017-10-23,2564.98,0.0127165168571428,557,0.21014976795580112,0.08648655033557047,0.09070981208053691,0.11774302531645568,0.07511788888888889,0.19901945733460621,0.10181009267747901,0.0870344691080052,181,149,79,9,0.12366321762023065,0.0972093646571272,0.042625136427566795,-0.004223261744966442,0.014775623569473803,0.0016166388736675908,5.0462368480725396e-05,0.0015661765051868655,0.003055779060910013,0.00025243998412698333,0.0028033390767830298,0.010143392678053895,0.0005043928514739214,0.009638999826579973,0.013187617172471485,0.0010598635396332407,0.012127753632838245,2017
2017-10-24,2569.13,0.0127240217142857,558,0.21498492934782606,0.0848139387755102,0.09485090476190476,0.12188871951219513,0.075002,0.19747006493072472,0.100663064379746,0.09060670076238143,184,147,82,10,0.13017099057231585,0.09680700055097873,0.04688671951219513,-0.010036965986394558,0.010056363617364561,-0.004673963111462271,5.049214965986389e-05,-0.004724455261122135,0.0023831796972240294,0.0002523513480725615,0.0021308283491514677,0.008337629238278124,0.0005055894399092957,0.007832039798368828,0.010820416785847733,0.00106234591038154,0.009758070875466193,2017
2017-10-25,2557.15,0.0127229708571428,553,0.22034420224719103,0.09392027631578947,0.0971909144736842,0.12983524705882352,0.08645763636363636,0.2062305520956478,0.11037349137500903,0.09594299108572342,178,152,85,11,0.12642392593140156,0.09585706072063878,0.043377610695187155,-0.0032706381578947313,0.014430500289285608,0.0012701392021270566,5.048797959183651e-05,0.00121965122253522,0.008647949061967097,0.000252323342403627,0.00839562571956347,0.014454209986171425,0.0005068335600907016,0.013947376426080724,0.017548424277538232,0.0010651247216060297,0.016483299555932203,2017
2017-10-26,2560.4,0.012729614,685,0.21530798712446353,0.09495853,0.09509121052631578,0.12995407627118644,0.08773842857142856,0.19728165498792222,0.11327383493715851,0.0923532146147676,233,200,118,14,0.12034945712446353,0.08400782005076371,0.04221564769975787,-0.00013268052631577876,0.020920620322390907,0.00804054535381592,5.051434126984127e-05,0.007990031012546079,0.00756776142276264,0.000252252314058956,0.0073155091087036845,0.009414998934601883,0.0005059542985803004,0.008909044636021582,0.01589395350014787,0.0010678381932613585,0.014826115306886512,2017
2017-10-27,2581.07,0.0127217525714285,683,0.2042370987654321,0.07870727040816326,0.09443984183673469,0.11554171428571429,0.0696506923076923,0.18572639670853433,0.09187654531807812,0.0902016132214479,243,196,105,13,0.12552982835726884,0.09384985139045621,0.04589102197802199,-0.01573257142857143,0.0016749320966302217,-0.0031975812572382673,5.0483145124716265e-05,-0.0032480644023629834,0.0026195092857932466,0.0002520961235827655,0.0023674131622104812,0.00047643303627905133,0.0005049212582076293,-2.848822192857796e-05,0.01765369544205355,0.001070096020358864,0.016583599421694687,2017
2017-10-30,2572.83,0.0126941805714285,708,0.20600894838709677,0.08753957587548639,0.09156296498054475,0.11952892647058823,0.0796125625,0.18590153683969754,0.1028955251053295,0.08880514255133537,310,257,136,16,0.11846937251161038,0.08300601173436804,0.03991636397058823,-0.004023389105058367,0.014090382553994127,0.0009440395099815039,5.037373242630357e-05,0.0008936657775552003,0.007087613617143831,0.0002519528673469381,0.006835660749796893,0.004657150111237825,0.0005038939153603457,0.004153256195877479,0.020481971654842137,0.0010722323962092043,0.019409739258632933,2017
2017-10-31,2575.26,0.0127169642857142,699,0.20474885256410255,0.08441401984126984,0.09292248412698413,0.11750099242424242,0.07586964705882353,0.185159620199721,0.09912684212141515,0.08875630208480097,312,252,132,17,0.12033483272283271,0.08603277807830584,0.04163134536541889,-0.008508464285714293,0.010370540036614181,0.0015908062532808776,5.0464143990929365e-05,0.0015403421092899483,0.005954449541054134,0.00025323809183673416,0.0057012114492174006,0.0014008186019067405,0.0005033922119195493,0.0008974263899871912,0.027695515330648682,0.0010745422607216762,0.026620973069927008,2017
2017-11-01,2579.36,0.0127050717142857,706,0.20400210725552048,0.08228257768924303,0.0968399123505976,0.1165983515625,0.075609125,0.18307741840052022,0.09360835871031889,0.09228668056064482,317,251,128,16,0.12171952956627745,0.08946905969020133,0.040989226562499995,-0.014557334661354573,0.0013216781496740715,0.00018995156292258536,5.0416951247165476e-05,0.0001395346116754199,0.0058062609242043655,0.00025451021768707464,0.005551750706517291,-0.005730986645987522,0.000503119396431035,-0.006234106042418557,0.02407816673761804,0.0010767854324903838,0.023001381305127657,2017
2017-11-02,2579.85,0.012690254,827,0.20132566876971608,0.08356534262948206,0.09294468525896414,0.11278670833333333,0.07769129411764705,0.178198782046962,0.09539141272108814,0.09068472859050226,317,251,120,17,0.11776032614023402,0.08280736932587385,0.03509541421568628,-0.009379342629482076,0.004706684130585878,0.0030922932168462635,5.0358150793650795e-05,0.0030419350660526125,0.0018472375118391646,0.00025370198452134444,0.0015935355273178201,0.0022418018135309655,0.0005028512650596457,0.00173895054847132,0.022835515736743212,0.0010788783508577306,0.021756637385885482,2017
2017-11-03,2587.84,0.012685652,824,0.19819696551724136,0.073725489626556,0.09391916996047431,0.10639410714285714,0.06986742857142857,0.1754360907898423,0.08475970727404016,0.08853507806751726,319,241,112,14,0.12447147589068536,0.09067638351580214,0.03652667857142858,-0.0201936803339183,-0.0037753707934771036,0.001270523074112308,5.0339888888888893e-05,0.0012201831852234192,-0.0021430762495140386,0.0002528251346248639,-0.0023959013841389027,-0.0034799877959168796,0.0005029731142659944,-0.003982960910182874,0.01599678379822246,0.0010823072593044425,0.014914476538918019,2017
2017-11-06,2591.13,0.0130180571428571,709,0.1949829028213166,0.08387400389105058,0.09081721789883268,0.112242328125,0.07709129411764705,0.175464992579697,0.09678118372334422,0.08622224956557394,319,257,128,17,0.11110889893026603,0.07868380885635277,0.03515103400735295,-0.0069432140077820975,0.010558934157770289,-0.00018912456610798272,5.165895691609961e-05,-0.00024078352302408232,-0.0024304635059061047,0.00025194104801340753,-0.002682404553919512,-0.0034755615112213685,0.0005030745090209976,-0.003978636020242366,0.014612167121594933,0.0010858254599847143,0.013526341661610219,2017
2017-11-07,2590.64,0.01303754,717,0.2015266802507837,0.0813303280632411,0.0993348527131783,0.11823165151515153,0.07761699999999999,0.18204914355073523,0.09338045251439539,0.09423320967520848,319,253,132,17,0.12019635218754261,0.08866869103633984,0.040614651515151534,-0.018004524649937195,-0.0008527571608130946,0.001442617636431107,5.173626984126984e-05,0.001390881366589837,-0.00455363093914756,0.00025015412008281505,-0.0048037850592303755,0.003233349060525653,0.0005038117312432198,0.002729537329282433,0.017729373532878435,0.00108819789054027,0.016641175642338166,2017
2017-11-08,2594.38,0.0125013969565217,712,0.2001638694267516,0.08232405859375,0.09600072093023256,0.1152832945736434,0.07726341176470587,0.17920622241425815,0.096045547410346,0.08991491670744375,314,256,129,17,0.1178398108330016,0.08316067500391215,0.03801988280893753,-0.013676662336482556,0.006130630702902248,-0.0037690718494426323,4.960871808143532e-05,-0.0038186805675240677,-0.011537247570191844,0.00024860917874396034,-0.011785856748935805,0.0010401699111383875,0.0005050202006309745,0.000535149710507413,0.021777950525292012,0.0010922830648599975,0.020685667460432013,2017
2017-11-09,2584.62,0.0124692878260869,838,0.20734609148264985,0.09142624015748031,0.0941658937007874,0.12168512781954886,0.08639842105263158,0.18571636632640395,0.10812557802025449,0.08994030278887943,317,254,133,19,0.11591985132516953,0.07759078830614946,0.03528670676691728,-0.0027396535433070884,0.01818527523137506,-0.0008980205445067916,4.9481300897170234e-05,-0.0009475018454039618,0.00039456430169200745,0.0002491492805383012,0.00014541502115370626,0.006863286140809358,0.0005086824434338928,0.006354603697375465,0.02874386816773179,0.001099618947118698,0.02764424922061309,2017
2017-11-10,2582.3,0.012462862173913,837,0.21357247435897436,0.09309022393822394,0.0986140501930502,0.1280703021582734,0.08713758823529412,0.19036451699636084,0.10943633774065746,0.09708275193885539,312,259,139,17,0.12048225042075042,0.08092817925570338,0.04093271392297927,-0.005523826254826253,0.01235358580180207,0.0009831358177202925,4.9455802277432544e-05,0.00093368001544286,-0.0013369115464027341,0.0002501479796411306,-0.0015870595260438648,0.007376975110052829,0.0005124025937838881,0.006864572516268941,0.03118956844116578,0.0011096477255866071,0.030079920715579172,2017
2017-11-13,2584.84,0.0125677513043478,691,0.20616701655629138,0.09625683858267717,0.09884849606299212,0.13161599342105265,0.09109904761904762,0.1864650944622239,0.11205273894728889,0.09581213587198399,302,254,152,21,0.10991017797361421,0.07441235551493501,0.04051694580200503,-0.0025916574803149517,0.016240603075304894,-0.0023122919993494805,4.987202898550714e-05,-0.0023621640283349875,-0.0010450980053152462,0.0002511334610075901,-0.0012962314663228364,0.016194126588054015,0.0005157189598738024,0.01567840762818021,0.029733367301574182,0.0011208715945109885,0.028612495707063194,2017
2017-11-14,2578.87,0.0126482147826086,691,0.20832727054794523,0.09622987644787645,0.09941193050193049,0.13259123333333334,0.09178595238095238,0.18908002322714787,0.0992541957751765,0.10524203987798553,292,259,150,21,0.11209739410006878,0.08982582745197137,0.04080528095238095,-0.0031820540540540426,-0.005987844102809031,-0.005540998994613265,5.0191328502415084e-05,-0.00559119032311568,0.007786979999673329,0.00025365761116040474,0.007533322388512924,0.018137113542953918,0.0005184664518633516,0.017618647091090567,0.02796652456139459,0.0011298291157900314,0.026836695445604557,2017
2017-11-15,2564.62,0.0126375026086956,707,0.22021547349823323,0.10418437647058823,0.1088863411764706,0.14729110303030304,0.10074077272727272,0.2043859037344532,0.11740044368018561,0.11071617347557246,283,255,165,22,0.116031097027645,0.08698546005426759,0.046550330303030324,-0.004701964705882369,0.006684270204613152,0.00816274002244117,5.0148819875776186e-05,0.008112591202565394,0.012577417481330216,0.0002564110218870143,0.012321006459443201,0.03183569572335522,0.0005209587202997119,0.03131473700305551,0.042441818750924544,0.0011389665521685682,0.04130285219875598,2017
2017-11-16,2585.64,0.0127209599999999,706,0.21612166339869282,0.09651313385826772,0.09561212204724409,0.13075739597315436,0.0895033,0.1988598252798588,0.10634267953486641,0.1019384497385804,306,254,149,20,0.1196085295404251,0.09251714574499238,0.04125409597315437,0.0009010118110236304,0.004404229796286005,-0.002629496392601535,5.04799999999996e-05,-0.0026799763926015343,0.006468721839117577,0.00025953316289559165,0.0062091886762219856,0.02164641336116433,0.0005235172161835726,0.02112289614498076,0.03962761187680745,0.0011482479340123688,0.03847936394279509,2017
2017-11-17,2578.85,0.0127112034782608,705,0.21452610472972972,0.09489341698841698,0.09300278542510122,0.12500699999999998,0.08812377777777777,0.19485712768868413,0.11229172912793485,0.09012320303431755,296,259,140,18,0.11963268774131273,0.08256539856074928,0.036883222222222206,0.0018906315633157589,0.022168526093617302,0.0012749493588078771,5.0441283643892066e-05,0.001224508075163985,0.008713886656455758,0.00026225461414275755,0.008451632042313001,0.023223210315813807,0.0005255470857980853,0.02269766323001572,0.03902158848081539,0.0011576738553374208,0.03786391462547797,2017
2017-11-20,2582.14,0.0132038371428571,571,0.20093980081300813,0.09215467307692307,0.08915929743589744,0.11977257657657657,0.08492693333333333,0.18484204495588852,0.10866500300874143,0.08765996211043221,246,208,111,15,0.10878512773608506,0.07617704194714708,0.03484564324324324,0.00299537564102563,0.02100504089830922,0.006519786005639133,5.239617913832183e-05,0.006467389826500811,0.017239224593369313,0.0002645854988662123,0.0169746390945031,0.018201822235331528,0.0005288928613945559,0.017672929373936972,0.03691839212275811,0.0011673621496156063,0.0357510299731425,2017
2017-11-21,2599.03,0.0133420742857142,567,0.19539915476190475,0.08686010194174756,0.08394551470588235,0.10709448979591837,0.07734764285714286,0.18011708957996195,0.09314143015885559,0.08940055261980812,252,206,98,14,0.10853905282015719,0.08697565942110635,0.02974684693877551,0.0029145872358652125,0.003740877539047477,-0.0007505615129562197,5.29447392290246e-05,-0.0008035062521852443,0.010350133543280706,0.0002648088407029468,0.01008532470257776,0.011567942627177138,0.0005303547718253947,0.011037587855351742,0.0323822676659697,0.0011756591053979197,0.031206608560571784,2017
2017-11-22,2597.08,0.0134242821428571,698,0.19680917063492065,0.08699753623188405,0.08365016580310881,0.10634788659793815,0.0779093846153846,0.18004548539471565,0.09870232106713095,0.0815900729842944,252,207,97,13,0.1098116344030366,0.0813431643275847,0.028438501982553543,0.00334737042877524,0.017112248082836554,0.0020540443802283723,5.3270960884353574e-05,0.0020007734193440187,0.019258278242025008,0.0002645476984126976,0.018993730543612312,0.015246585985308968,0.0005314414200680253,0.014715144565240942,0.032674550250431734,0.0011839791975181008,0.031490571052913634,2017
2017-11-24,2602.42,0.0134067657142857,697,0.19718780708661418,0.08700714423076923,0.08332132124352332,0.10436232978723405,0.07704084615384615,0.17896559299382994,0.09509494941542738,0.07995809078704054,254,208,94,13,0.11018066285584495,0.08387064357840256,0.02732148363338789,0.0036858229872459153,0.015136858628386846,-0.00038433157526338035,5.3201451247165476e-05,-0.0004375330265105458,0.015177691522046878,0.00026398405328798095,0.014913707468758896,0.01868373623392501,0.0005339919033446694,0.01814974433058034,0.029561562924332804,0.0011922942934424353,0.02836926863089037,2017
2017-11-27,2601.42,0.0132985864285714,694,0.19759485342019545,0.0928307923076923,0.08543790566037737,0.10843109090909091,0.084038,0.17473763843972728,0.10710032874338736,0.0819085075115923,307,260,121,18,0.10476406111250315,0.06763730969633992,0.024393090909090906,0.007392886647314925,0.02519182123179506,0.009800287295721388,5.277216836734683e-05,0.00974751512735404,0.014509323659358149,0.0002632924716553278,0.014246031187702821,0.02226491360218575,0.0005377350524376397,0.02172717854974811,0.030736479125866335,0.0012021323467304172,0.02953434677913592,2017
2017-11-28,2627.04,0.0132601192857142,684,0.19689172,0.08942416733067729,0.08757458634538152,0.10732042735042735,0.08134605882352941,0.17348519276154212,0.09417439849784617,0.08712978434281857,325,251,117,17,0.1074675526693227,0.07931079426369594,0.02597436852689794,0.001849580985295765,0.0070446141550276065,-0.0003693050444495722,5.261952097505635e-05,-0.00042192456542462857,0.0009625976419620559,0.00026430736252834364,0.0006982902794337123,0.014012306035391572,0.0005444729634353722,0.0134678330719562,0.02276853998236926,0.0012119189754152243,0.021556621006954036,2017
2017-11-29,2626.07,0.0132762664285714,702,0.20654079687500002,0.0983095076923077,0.09183587557603685,0.11330410399999999,0.0891601052631579,0.1835035237887015,0.11153218941897775,0.08448980612111583,320,260,125,19,0.10823128918269231,0.07197133436972375,0.024143998736842087,0.006473632116270847,0.02704238329786192,0.00815758318578807,5.26835969387754e-05,0.008104899588849294,0.0012178090838965605,0.00026554593112244803,0.0009522631527741124,0.013908545757969586,0.0005525331136621297,0.013356012644307457,0.017941187090150575,0.001221629243555814,0.016719557846594763,2017
2017-11-30,2647.58,0.0132822435714285,832,0.21292964809384163,0.10787464777327935,0.094073375,0.11547252799999999,0.09781733333333334,0.19531011916838503,0.12062219138027216,0.08657885879424361,341,247,125,21,0.10505500032056228,0.07468792778811287,0.01765519466666665,0.013801272773279347,0.034043332586028555,-0.002026542339749596,5.2707315759636905e-05,-0.0020792496555092333,-0.004011692256715929,0.00026689372165532776,-0.004278585978371257,0.001671827832652835,0.0005586790669879043,0.0011131487656649308,0.01805270056622975,0.0012311037985444759,0.016821596767685274,2017
2017-12-01,2642.22,0.0132324871428571,838,0.21596511011904762,0.10153454251012146,0.09712429646017699,0.1227411603053435,0.09373763157894736,0.19312121340670135,0.1124372380466833,0.09498680924169281,336,247,131,19,0.11443056760892616,0.08068397536001805,0.02900352872639614,0.004410246049944472,0.017450428804990495,-0.001052699437952113,5.2509869614512305e-05,-0.0011052093075666254,0.0035060447118782164,0.00027000785005668846,0.003236036861821528,0.012632665367318776,0.0005653005161092195,0.012067364851209557,0.026457676288110136,0.0012402719793834782,0.025217404308726658,2017
2017-12-04,2639.44,0.0135543389285714,704,0.21371114779874212,0.1095325157480315,0.09850676328502414,0.1267251768707483,0.10137928571428571,0.19565203805793283,0.12527688283952257,0.09197714692435555,318,254,147,21,0.10417863205071062,0.07037515521841026,0.02534589115646259,0.011025752463007354,0.03329973591516702,-0.0037464387216745616,5.3787059240362695e-05,-0.0038002257809149243,0.007755589942827524,0.0002744425807823119,0.007481147362045212,0.01903389795359524,0.0005722208482142837,0.018461677105380953,0.031530943763357064,0.001249308482784839,0.030281635280572226,2017
2017-12-05,2629.57,0.0135722385714285,698,0.21247818971061092,0.10342316216216216,0.09727463235294116,0.12378476223776223,0.0965592380952381,0.19127242257186414,0.11787217562449899,0.09276368216652674,311,259,143,21,0.10905502754844876,0.07340024694736515,0.027225524142524132,0.006148529809220996,0.025108493457972253,-0.00011409360251520882,5.3858089569160714e-05,-0.00016795169208436953,0.01304970839342933,0.00028016560090702853,0.012769542792522301,0.019544816886676256,0.0005783397102989726,0.018966477176377283,0.0422865603886134,0.0012570445233177187,0.04102951586529568,2017
2017-12-06,2629.27,0.0136159096428571,701,0.21188177388535034,0.10340534362934363,0.09522922277227723,0.12031977372262774,0.0954054,0.19065966742095755,0.11777438111410082,0.0883844411142989,314,259,137,20,0.10847643025600671,0.07288528630685673,0.02491437372262774,0.008176120857066399,0.029389939999801926,0.0029280818451754833,5.4031387471655155e-05,0.0028740504577038284,0.012690736674073118,0.0002869871825396817,0.012403749491533436,0.018830663489941956,0.0005846111986518897,0.018246052291290067,0.04406159637476886,0.001264610879326789,0.04279698549544207,2017
2017-12-07,2636.98,0.0140670039285714,825,0.2064942962962963,0.09735715537848605,0.08969549268292683,0.11196872357723577,0.0883802105263158,0.18288327080707442,0.10968804790022396,0.08464406178980571,324,251,123,19,0.10913714091781024,0.07319522290685046,0.023588513050919968,0.007661662695559221,0.025043986110418248,0.005491194628844653,5.582144416099762e-05,0.005435373184683656,0.005683520089368681,0.0002917853453325766,0.005391734744036104,0.017886243193616955,0.0005912729461008694,0.017294970247516087,0.04243556963262233,0.0012732361120365394,0.04116233352058579,2017
2017-12-08,2651.5,0.0143500392857142,823,0.20460804268292684,0.09028846031746032,0.08533943255813954,0.10465327826086956,0.0803230625,0.18223236238026005,0.09823747376662902,0.08033557327232844,328,252,115,16,0.11431958236546652,0.08399488861363104,0.024330215760869564,0.0049490277593207815,0.01790190049430057,0.0031968457929972233,5.694460034013572e-05,0.0031399011926570874,0.009126620655440643,0.00029529266605253095,0.008831327989388111,0.01193676963627816,0.0005967163332890778,0.011340053302989083,0.035831550496989446,0.0012799263504152242,0.03455162414657422,2017
2017-12-11,2659.99,0.01499654,678,0.19444465109034267,0.092024284,0.08380441414141415,0.10301943902439024,0.081619,0.17452954209137403,0.10330530326399694,0.07800352643052332,321,250,123,19,0.10242036709034268,0.07122423882737709,0.021400439024390247,0.008219869858585846,0.02530177683347362,0.0015476797289272538,5.951007936507936e-05,0.0014881696495621744,0.01127830801076772,0.0002977782674319718,0.01098052974333575,0.007680980897410571,0.0006013577897576302,0.0070796231076529405,0.03964370219439961,0.001284272252720591,0.03835942994167902,2017
2017-12-12,2664.11,0.0152912771428571,674,0.1994508765432099,0.09501329959514171,0.08574577720207253,0.10520843307086614,0.08409610526315789,0.18037110611017232,0.10304749907775644,0.08587744015124497,324,247,127,19,0.10443757694806818,0.07732360703241588,0.021112327807708248,0.009267522393069175,0.017170058926511467,-0.0004730653218714308,6.067967120181389e-05,-0.0005337449930732447,0.0064951084932467415,0.0002981741093919441,0.006196934383854797,0.006923885794753383,0.0006048872149276981,0.006318998579825685,0.044822973541141516,0.001286047669387257,0.043536925871754256,2017
2017-12-13,2662.85,0.0148250466666666,701,0.20364844200626958,0.09788787407407407,0.08746128217821783,0.10693503149606298,0.08642763157894737,0.18449538382604233,0.10826030215494896,0.081219150940315,319,270,127,19,0.10576056793219551,0.07623508167109337,0.020507399917115615,0.010426591895856235,0.027041151214633963,-0.004079134739528824,5.882955026455e-05,-0.004137964289793374,0.006139926815868657,0.00029762401611220794,0.005842302799756449,0.009229299268849215,0.0006067663407780381,0.008622532928071178,0.04176535023521763,0.0012865166225240674,0.04047883361269356,2017
2017-12-14,2652.01,0.0149508487499999,689,0.20927325,0.10129914716981131,0.08781170466321245,0.1070985748031496,0.08877121052631579,0.1906333874326381,0.1137965477041631,0.08194829510311297,316,265,127,19,0.10797410283018868,0.076836839728475,0.01832736427683382,0.013487442506598862,0.031848252601050134,0.008934295194916394,5.9328764880951984e-05,0.008874966430035441,0.012202723104248329,0.0002994876007682929,0.011903235503480037,0.008111776071709998,0.0006102665796291341,0.007501509492080864,0.055215442135269875,0.0012892070375372952,0.05392623509773258,2017
2017-12-15,2675.81,0.0149764108333333,695,0.20586924471299092,0.08422958778625955,0.08185519277108434,0.10229203389830509,0.07355300000000001,0.18654691189112438,0.09357727266282469,0.07852136818752761,331,262,118,16,0.12163965692673137,0.09296963922829969,0.02873903389830508,0.0023743950151752097,0.015055904475297074,0.0053485331483242,5.943020171957659e-05,0.005289102946604623,0.002810148980837543,0.0003014236672365468,0.002508725313600996,0.007446577538660472,0.0006130959666756195,0.0068334815719848525,0.04466345987956751,0.0012912773996404702,0.043372182479927045,2017
2017-12-18,2690.16,0.015096292173913,553,0.19900477985074627,0.0951742427184466,0.0819271329113924,0.09898502083333333,0.0819696,0.18021822872159615,0.09755131739415804,0.07648386610452215,268,206,96,15,0.10383053713229967,0.08266691132743811,0.017015420833333322,0.013247109807054194,0.021067451289635886,-0.003235519788593535,5.9905921325051586e-05,-0.003295425709918587,-0.0035973271133571006,0.0003035795223256583,-0.003900906635682759,0.008476477772467121,0.0006155412615546823,0.00786093651091244,0.04369056781406778,0.001293183790182798,0.04239738402388498,2017
2017-12-19,2681.47,0.0151526536363636,566,0.2044991893939394,0.09721099074074074,0.08682653503184713,0.1045874387755102,0.08659900000000001,0.18592974184655847,0.10666171939933021,0.07815518231484524,264,216,98,15,0.10728819865319866,0.07926802244722826,0.017988438775510193,0.010384455708893611,0.028506537084484973,-0.000828246999249518,6.0129577922077774e-05,-0.0008883765771715957,0.0004287773015064767,0.000306713105535754,0.00012206419597072274,0.01573256559835546,0.0006171817132455036,0.015115383885109955,0.05496047970097602,0.0012944687848630372,0.053666010916112984,2017
2017-12-20,2679.25,0.01529467,565,0.20407914772727273,0.094328,0.08463674193548387,0.10257996874999999,0.08328746666666667,0.18675853917149032,0.10937057796649267,0.07817668797815962,264,212,96,15,0.10975114772727274,0.07738796120499765,0.019292502083333316,0.009691258064516123,0.031193889988333057,0.001983661548850703,6.069313492063492e-05,0.0019229684139300681,0.003089372452980631,0.0003091423246658302,0.0027802301283148005,0.023569990501186744,0.0006185752350966683,0.022951415266090076,0.05796076260289783,0.0012972138809772403,0.05666354872192059,2017
2017-12-21,2684.57,0.0154387374999999,700,0.20552717910447763,0.09320309433962265,0.0849972356687898,0.102146688172043,0.08156635714285713,0.18673260694041938,0.10509647297303375,0.07847095398175177,268,212,93,14,0.11232408476485498,0.08163613396738563,0.02058033102918587,0.008205858670832844,0.026625518991281974,-0.0004582789284942958,6.126483134920595e-05,-0.0005195437598435017,-0.004090947032538407,0.0003107789788608413,-0.004401726011399249,0.02324727133597632,0.0006193065457542643,0.022627964790222055,0.05541691346463996,0.0012992847880067184,0.054117628676633237,2017
2017-12-22,2683.34,0.0155196863157894,705,0.21024580297397769,0.09638015277777778,0.08780373684210527,0.10402422105263158,0.08480892857142856,0.19210041565080999,0.11418997261502384,0.07825704952167761,269,216,95,14,0.1138656501961999,0.07791044303578615,0.019215292481203017,0.008576415935672516,0.035932923093346225,-0.0010589429458703716,6.158605680868809e-05,-0.0011205290026790598,0.004636428557822894,0.00031167229943907264,0.004324756258383822,0.025007605367499696,0.0006206983345864639,0.02438690703291323,0.05647764555829291,0.0013006587916915262,0.055176986766601384,2017
2017-12-26,2680.5,0.0158859551428571,566,0.19984859523809523,0.10046410377358492,0.08914114193548386,0.11089195370370371,0.09089782352941177,0.18563020045485049,0.11705462492350988,0.08310735698785256,252,212,108,17,0.09938449146451031,0.06857557553134061,0.01999413017429194,0.011322961838101053,0.03394726793565732,0.0007905846262701684,6.303950453514723e-05,0.0007275451217350212,0.012073804885824269,0.00031196173922902384,0.011761843146595244,0.024953723806581677,0.0006216239603174583,0.024332099846264218,0.06930818581915786,0.0013017740529100486,0.06800641176624782,2017
2017-12-27,2682.62,0.0157648168571428,565,0.20689341269841272,0.09316598611111111,0.0909619941860465,0.1171975304347826,0.08464175,0.1950122286268261,0.10913645800101227,0.08441999526932112,252,216,115,16,0.1137274265873016,0.08587577062581384,0.032555780434782605,0.0022039919250646106,0.024716462731691147,0.0018323481522244368,6.255879705215397e-05,0.0017697893551722828,0.015303788296848947,0.0003104686077097496,0.014993319689139197,0.031172136670719056,0.0006198749584278135,0.030552261712291244,0.06176289543222578,0.0013013198771730874,0.060461575555052695,2017
2017-12-28,2687.54,0.0157071068571428,575,0.20568082101167315,0.08627107870370371,0.08653825,0.11346968807339448,0.07725628571428571,0.19092681700357164,0.10204686322308826,0.08232385061065767,257,216,109,14,0.11940974230796944,0.08887995378048338,0.036213402359108776,-0.00026717129629628966,0.01972301261243059,-0.005196657936668189,6.232978911564603e-05,-0.005258987725783835,0.02048061804820636,0.0003094329104308381,0.020171185137775525,0.03606673959416366,0.0006186016574074052,0.03544813793675626,0.048971938961595796,0.0013011652524565342,0.04767077370913926,2017
2017-12-29,2673.61,0.0156638542857142,571,0.210308604,0.0966168425925926,0.09153735031847134,0.1139392,0.08664586666666667,0.19193313138608512,0.12012874416368903,0.08532196683852546,250,216,110,15,0.11369176140740742,0.07180438722239608,0.027293333333333336,0.005079492274121258,0.034806777325163574,0.008269096661866973,6.21581519274373e-05,0.008206938509939535,0.027338218368514588,0.000308527566893423,0.027029690801621164,0.03773270890303639,0.0006174204926303834,0.03711528841040601,0.05465741778702495,0.001301233139077849,0.0533561846479471,2017
2018-01-02,2695.81,0.0155926251428571,553,0.20865404905660379,0.08153421800947867,0.08369891387559808,0.10677197916666666,0.07228983333333333,0.19006643721919883,0.0943924765912459,0.08278579007128789,265,211,96,12,0.1271198310471251,0.09567396062795293,0.034482145833333325,-0.0021646958661194066,0.011606686519958012,0.006378433382130943,6.187549659863929e-05,0.006316557885532304,0.020371176809676695,0.0003090260351473913,0.020062150774529303,0.038834569401693116,0.0006167823059807238,0.03821778709571239,0.045740050444141186,0.0013015749332955363,0.04443847551084565,2018
2018-01-03,2713.06,0.015509686,564,0.20470363099630998,0.08217668396226416,0.0821979947643979,0.0989404659090909,0.06992872727272727,0.18274755190262498,0.08942013042704484,0.07935412898257063,271,212,88,11,0.12252694703404582,0.09332742147558014,0.029011738636363638,-2.131080213374492e-05,0.010066001444474212,0.004020568037294825,6.154637301587301e-05,0.003959021664278951,0.012879918920757521,0.00030966222108843455,0.012570256699669087,0.03083844895877625,0.0006163059363662115,0.03022214302241004,0.017924972050693603,0.0013020085495086885,0.016622963501184914,2018
2018-01-04,2723.99,0.0155038211428571,696,0.2004220598802395,0.0855874962406015,0.08417501244813277,0.10164757264957265,0.07398076470588236,0.177215252629227,0.09389764147887054,0.07926249881440857,334,266,117,17,0.11483456363963801,0.08331761115035645,0.027666807943690294,0.0014124837924687217,0.014635142664461975,0.007009177903581761,6.152309977324246e-05,0.006947654803808518,0.01586834837387,0.0003094063507180639,0.015558942023151934,0.03119352200430601,0.0006160961556122428,0.03057742584869377,-0.027938157231783313,0.0013025810143612961,-0.02924073824614461,2018
2018-01-05,2743.15,0.0154789602857142,712,0.1991919682997118,0.08333028352490421,0.08646723846153846,0.10099751754385965,0.074063875,0.1733933664818842,0.08932752861934927,0.0831179673404162,347,261,114,16,0.1158616847748076,0.08406583786253492,0.026933642543859646,-0.0031369549366342536,0.006209561278933073,0.0016609423836402202,6.142444557823096e-05,0.0015995179380619892,0.015586121545957463,0.00030916874697656705,0.015276952798980895,0.032218736199038756,0.0006157639718442913,0.031602972227194465,-0.017656744048501094,0.0013045607547241078,-0.018961304803225203,2018
2018-01-08,2747.71,0.0157894682857142,581,0.1983263142857143,0.08480487081339713,0.08518469743589743,0.10089450537634409,0.07617023076923077,0.17586431213122433,0.08651720295668161,0.08807423693666636,280,209,93,13,0.11352144347231716,0.08934710917454272,0.024724274607113322,-0.0003798266225003011,-0.0015570339799847455,0.0013020551030292105,6.265662018140556e-05,0.001239398482847805,0.010394490534521933,0.0003088929257369603,0.010085597608784972,0.03272982971807081,0.0006172142003023413,0.03211261551776847,-0.02433183173880885,0.001306457960222974,-0.025638289699031824,2018
2018-01-09,2751.29,0.015752944,592,0.2041859963768116,0.09314373205741627,0.0881938306878307,0.10482042708333333,0.08233646666666666,0.1821494022897805,0.09775247976952586,0.0837574821337565,276,209,96,15,0.11104226431939532,0.08439692252025463,0.02248396041666667,0.004949901369585577,0.013994997635769363,-0.001112824506788398,6.251168253968254e-05,-0.0011753361893280805,0.018463392592016282,0.00030775627083333255,0.018155636321182948,0.030867587025634535,0.0006173216220710489,0.030250265403563487,-0.06389297186234864,0.0013072344267762623,-0.0652002062891249,2018
2018-01-10,2748.23,0.0154452066666666,591,0.20468324999999998,0.08881198130841121,0.08747113402061855,0.10495710638297873,0.08005599999999999,0.1815784045208348,0.09737691651945167,0.08441132334901477,280,214,94,15,0.11587126869158877,0.08420148800138312,0.024901106382978738,0.001340847287792657,0.012965593170436898,0.007008997490407507,6.129050264550239e-05,0.006947706987762004,0.0179585300380186,0.00030664371527777695,0.017651886322740822,0.03258286469758148,0.0006174487745653798,0.031965415923016105,-0.047954520795926055,0.001308225961356761,-0.049262746757282816,2018
2018-01-11,2767.56,0.0154439449999999,730,0.20142284057971016,0.08781970676691729,0.0896500641509434,0.10592958870967742,0.079182,0.1773518813485533,0.09400868926805525,0.08604746883882748,345,266,124,18,0.11360313381279287,0.08334319208049804,0.026747588709677417,-0.0018303573840261073,0.00796122042922777,0.006726951075669084,6.128549603174563e-05,0.006665665579637338,0.015325173630435946,0.00030668980489417894,0.015018483825541766,0.037345464522168616,0.0006188595899470882,0.036726604932221525,-0.04114483396825708,0.0013104785681216894,-0.04245531253637877,2018
2018-01-12,2786.24,0.0154094533333333,726,0.2031319747191011,0.08919432558139535,0.09387719379844961,0.10779908870967742,0.08110635294117648,0.17901344573374364,0.09531290516639379,0.08957916182099364,356,258,124,17,0.11393764913770575,0.08370054056734985,0.02669273576850094,-0.004682868217054256,0.005733743345400152,-0.003530688627795424,6.114862433862421e-05,-0.003591837252134048,0.016632614653081326,0.0003065952248677242,0.0163260194282136,0.023863807685837474,0.0006201594227135281,0.023243648263123945,-0.04526224106024243,0.0013155519439720298,-0.04657779300421446,2018
2018-01-16,2776.42,0.01550303125,572,0.21201164705882353,0.10414294634146341,0.10104220312500001,0.12356432173913043,0.09560376470588236,0.19375847573596583,0.11417105922661767,0.09538244304524625,272,205,115,17,0.10786870071736011,0.07958741650934816,0.027960557033248068,0.0031007432164634058,0.018788616181371426,0.00937095716052361,6.151996527777779e-05,0.009309437195245832,0.022335339183548946,0.000308321274565381,0.022027017908983565,0.01643588799522741,0.0006214149707105047,0.015814473024516905,-0.028418091202143354,0.0013207188525132239,-0.02973881005465658,2018
2018-01-17,2802.56,0.01547258,580,0.21156086879432623,0.10139980927835052,0.10225517616580311,0.12019658558558557,0.09187888235294117,0.1938418103810026,0.10376116717093298,0.09971912180829796,282,194,111,17,0.11016105951597571,0.09008064321006962,0.028317703232644403,-0.0008553668874525938,0.004042045362635013,-0.0016176870607860264,6.139912698412699e-05,-0.0016790861877701534,0.012404194433618298,0.00030956535123771625,0.012094629082380582,0.007553751723464811,0.0006222926811696881,0.006931459042295122,-0.02579221213280278,0.0013219520901832915,-0.027114164222986074,2018
2018-01-18,2798.03,0.0154568212499999,586,0.21781568327402134,0.1080623502538071,0.1023863440860215,0.12373704385964912,0.09679552941176471,0.19971141361868175,0.11569143372724879,0.09758526517384639,281,197,114,17,0.10975333302021424,0.08401997989143296,0.02694151444788441,0.005676006167785602,0.0181061685534024,0.004375641082824612,6.133659226190437e-05,0.004314304490562708,0.01462433465956288,0.0003108050592876028,0.014313529600275276,0.008523168103233997,0.0006233935003306857,0.00789977460290331,-0.023801132577260423,0.0013231241650132235,-0.025124256742273646,2018
2018-01-19,2810.3,0.0154201108333333,585,0.21651007692307694,0.10088280000000001,0.09896955319148937,0.11756359633027523,0.08893453333333333,0.19604935698224388,0.10812832889279829,0.09418147965197601,286,195,109,15,0.11562727692307694,0.08792102808944559,0.0286290629969419,0.0019132468085106408,0.013946849240822276,0.008034392098314767,6.119091600529088e-05,0.007973201182309476,0.022020290891732852,0.0003121697850529092,0.021708121106679943,-0.017289117990907137,0.0006243660208805726,-0.01791348401178771,-0.03403530508490541,0.001324239080687827,-0.03535954416559324,2018
2018-01-22,2832.97,0.0158444178571428,435,0.20682949090909092,0.09949782835820895,0.10159626119402985,0.11907814285714285,0.0896756923076923,0.19081568060867604,0.10603049061097904,0.09663292431172549,220,134,84,13,0.10733166255088197,0.084785189997697,0.02940245054945055,-0.0020984328358209098,0.009397566299253549,0.002172035902672236,6.287467403628095e-05,0.0021091612286359552,0.007231193032756252,0.000313564197845804,0.006917628834910448,-0.0671660713344039,0.0006252939427437624,-0.06779136527714766,-0.047581386992222835,0.001328035684523806,-0.04890942267674664,2018
2018-01-23,2839.13,0.0158165385714285,460,0.2028573590909091,0.10219674999999999,0.09609075324675324,0.1164715061728395,0.09376741666666666,0.1849559237783851,0.11159287841791199,0.09045149486175638,220,160,81,12,0.10066060909090911,0.07336304536047311,0.022704089506172836,0.006105996753246745,0.021141383556155607,-0.0005601875894072049,6.27640419501131e-05,-0.0006229516313573179,-0.005899451188321532,0.0003130936961451238,-0.006212544884466656,-0.05204751615021203,0.0006259221088435356,-0.052673438259055565,-0.04878030204197378,0.001330298796768704,-0.05011060083874249,2018
2018-01-24,2837.54,0.0157849864285714,461,0.20518583181818184,0.1078937375,0.1008380064102564,0.1208105875,0.10014921428571429,0.18439203140048643,0.11531157881892139,0.09508213792583306,220,160,80,14,0.09729209431818184,0.06908045258156505,0.02066137321428571,0.007055731089743597,0.020229440893088327,0.0006024531651585847,6.26388350340135e-05,0.0005398143301245712,-0.004850442710153448,0.0003127273299319719,-0.00516317004008542,-0.056501473867472465,0.0006264797179705198,-0.05712795358544299,-0.03231886842698183,0.0013330860785147358,-0.033651954505496566,2018
2018-01-25,2839.25,0.0158007321428571,608,0.20586853790613718,0.10488742922374429,0.10614181278538812,0.126962425,0.09924966666666667,0.1853741595780603,0.11270587631971012,0.10222014056372616,277,219,120,18,0.10098110868239289,0.07266828325835019,0.027712758333333323,-0.0012543835616438265,0.010485735755983952,0.011771597314994501,6.270131802721071e-05,0.01170889599696729,-0.00610116655632874,0.0003125884410430829,-0.006413754997371823,-0.09536301205314182,0.0006272739696712,-0.09599028602281302,-0.021232900331583437,0.0013361201176303819,-0.022569020449213818,2018
2018-01-26,2872.87,0.0157715028571428,612,0.2041740034364261,0.09824028708133971,0.11120735406698565,0.12489978260869565,0.09442577777777778,0.18574604918064527,0.10234349014604587,0.10873693270990481,291,209,115,18,0.1059337163550864,0.08340255903459941,0.030474004830917875,-0.01296706698564594,-0.006393442563858945,-0.006754705760662041,6.258532879818572e-05,-0.006817291089460227,-0.039309408882640035,0.0003121962358276635,-0.0396216051184677,-0.09230898280850225,0.0006280758687641707,-0.09293705867726643,-0.04579278463045783,0.001338817268990926,-0.047131601899448754,2018
2018-01-29,2853.53,0.0157258514285714,641,0.22414466312056738,0.12305517699115044,0.11705352466367713,0.1454609769230769,0.11759714285714284,0.20510588226257984,0.13177985342898263,0.11250404398363292,282,226,130,21,0.10108948612941694,0.0733260288335972,0.027863834065934068,0.006001652327473309,0.019275809445349706,-0.010958608318405548,6.24041723356008e-05,-0.01102101249074115,-0.07439726436716011,0.0003117297448979584,-0.07470899411205807,-0.07173559272976379,0.0006290336493764155,-0.0723646263791402,-0.05019590306556531,0.001341811135204078,-0.051537714200769386,2018
2018-01-30,2822.43,0.0157242142857142,654,0.238010295202952,0.13084487387387386,0.12068143127962085,0.1553042773722628,0.1253167727272727,0.22071643612069955,0.14268510244237126,0.11473652488892018,271,222,137,22,0.10716542132907814,0.07803133367832829,0.029987504644990087,0.010163442594253017,0.02794857755345108,0.0004888208887610065,6.23976757369611e-05,0.00042642321302404534,-0.04614806496189045,0.0003128284126984119,-0.04646089337458886,-0.0581674404276744,0.0006329883489229008,-0.058800428776597295,-0.052651202637822504,0.001344836115362808,-0.05399603875318531,2018
2018-01-31,2823.81,0.0157499864285714,657,0.23132466789667896,0.12228948230088495,0.11726153424657534,0.1482145625,0.11794571428571428,0.2109239258187868,0.13391411340230402,0.1114152288392707,271,226,128,21,0.10903518559579402,0.07700981241648278,0.03026884821428573,0.005027948054309603,0.022498884563033325,-0.0006482706810167338,6.249994614512461e-05,-0.0007107706271618585,-0.05165103115731911,0.000313752388038548,-0.051964783545357655,-0.04534280008613177,0.0006369062060657579,-0.04597970629219753,-0.04808126721787088,0.0013471910671768673,-0.049428458285047744,2018
2018-02-01,2821.98,0.0157018964285714,788,0.22565624354243544,0.1153271036036036,0.12056925675675675,0.14487997520661158,0.11152805263157894,0.2049451555469151,0.12451210316048834,0.11633546350509846,271,222,121,19,0.11032913993883184,0.08043305238642674,0.03335192257503264,-0.005242153153153156,0.00817663965538988,-0.021436645011316622,6.230911281179127e-05,-0.021498954124128413,-0.08926184549681301,0.00031468552862811707,-0.08957653102544114,-0.03269769317525082,0.000637159462868479,-0.0333348526381193,-0.036461357391949556,0.0013492115915532841,-0.03781056898350284,2018
2018-02-02,2762.13,0.0156539471428571,797,0.26789862605042014,0.13854489732142858,0.1486978526785714,0.18964971523178809,0.13546076190476192,0.24684459491342217,0.1526891837935473,0.14588630724726703,238,224,151,21,0.12935372872899156,0.09415541111987488,0.05418895332702617,-0.010152955357142834,0.0068028765462802565,-0.04184256124518214,6.211883786848055e-05,-0.04190468008305062,-0.05299957392586228,0.0003158796329365071,-0.053315453558798784,-0.010887655669177872,0.0006374215518707465,-0.011525077221048619,-0.01238939393841846,0.001357431327947842,-0.013746825266366301,2018
2018-02-05,2648.94,0.0160027157142857,453,0.4347127485029941,0.24459946798029555,0.29418727586206894,0.4047305480769231,0.24358551219512192,0.4253080800545256,0.25947695114061553,0.29471778083687555,167,203,208,41,0.19011328052269852,0.16583112891391005,0.16114503588180118,-0.04958780788177339,-0.03524082969626002,0.017290591086863923,6.350284013605437e-05,0.01722708824672787,0.002661671637396392,0.00031730390447845715,0.002344367732917935,0.025096374151183785,0.0006377542219387738,0.02445861992924501,0.028969200529702,0.0013661766000566857,0.027603023929645316,2018
2018-02-06,2695.14,0.0159570560714285,667,0.3620869262672811,0.19779024056603772,0.22315838207547167,0.29806899553571425,0.1886924375,0.34639218234352825,0.2015712979397605,0.22286211947864418,217,212,224,32,0.1642966857012434,0.14482088440376775,0.10937655803571425,-0.02536814150943395,-0.021290821538883675,-0.0050141453066676256,6.332165107709722e-05,-0.005077466957744723,-0.012019375465783933,0.00032015993622448887,-0.012339535402008422,0.0022940932553169985,0.0006392389016439893,0.0016548543536730092,0.01613178625478325,0.0013737563959750527,0.014758029858808195,2018
2018-02-07,2681.66,0.0159851378571428,679,0.3254255714285714,0.17828078139534884,0.1683574930232558,0.24636289230769232,0.1701806551724138,0.311149317488486,0.18521552775355263,0.16957989148110966,210,215,195,29,0.1471447900332226,0.12593378973493338,0.07618223713527852,0.009923288372093025,0.015635636272442965,-0.038259085020510716,6.343308673469366e-05,-0.03832251810724541,0.006308231071187223,0.00032315381802721,0.005985077253160013,0.008281359414905846,0.000641055036848071,0.007640304378057775,0.03837544307462061,0.0013817778174603135,0.036993665257160295,2018
2018-02-08,2581.0,0.0160028107142857,806,0.39995772781065086,0.2703877277486911,0.25243451832460734,0.35908060606060604,0.26476283333333334,0.39280544056573624,0.2761407017035481,0.2524596794560973,169,191,198,42,0.1295700000619598,0.11666473886218814,0.09431777272727271,0.017953209424083738,0.023681022247450778,0.0148256265596341,6.350321712018135e-05,0.014762123342513919,0.05656415232156227,0.0003224739342403619,0.05624167838732191,0.0624416904610014,0.0006431732738095222,0.06179851718719188,0.07535974827085422,0.0013900007001133746,0.07396974757074085,2018
2018-02-09,2619.55,0.0160128635714285,848,0.3711220140186916,0.21164484577114426,0.2303911144278607,0.30919469109947645,0.20874220588235295,0.35839472950246715,0.21991963955935098,0.22924919169475214,214,201,191,34,0.15947716824754735,0.13847508994311616,0.1004524852171235,-0.01874626865671644,-0.009329552135401153,0.013818684318076369,6.354310941043056e-05,0.013755141208665937,0.042111918256684366,0.0003215419189342393,0.041790376337750124,0.059304485161924096,0.0006453429308390004,0.05865914223108509,0.054150197126056995,0.0013984499773242588,0.052751747148732736,2018
2018-02-12,2656.0,0.0167224357142857,638,0.31378283,0.17419766666666667,0.18474167149758455,0.25266764583333334,0.16974162068965518,0.30409594887220887,0.18428850689504941,0.18339872201553817,200,207,192,29,0.13958516333333335,0.11980744197715945,0.08292602514367817,-0.010544004830917886,0.0008897848795112462,0.002609543983683735,6.635887188208612e-05,0.002543185111801649,0.022434702513787524,0.00032045031746031667,0.022114252196327205,0.03269751385996802,0.0006471982908163246,0.032050315569151694,0.034590571275261564,0.0014073499914965945,0.03318322128376497,2018
2018-02-13,2662.94,0.0167115142857142,642,0.30936684422110555,0.17288264928909955,0.17579,0.24497543684210527,0.16734544827586206,0.30127356510129955,0.18413803788183208,0.17355233924730817,199,211,190,29,0.136484194932006,0.11713552721946746,0.0776299885662432,-0.0029073507109004526,0.01058569863452391,0.013313461230303598,6.631553287981825e-05,0.01324714569742378,0.01431346872110098,0.00031907896541950046,0.01399438975568148,0.01893014568051463,0.0006464186139455762,0.018283727066569052,0.031198755352165434,0.0014139635005668892,0.029784791851598543,2018
2018-02-14,2698.63,0.0158138071428571,634,0.27016907834101384,0.15130938425925927,0.15178399074074075,0.19741155974842767,0.14482785185185185,0.25467673278370523,0.16152517974919398,0.14854091825905325,217,216,159,27,0.11885969408175456,0.09315155303451125,0.05258370789657582,-0.0004746064814814821,0.01298426149014073,0.011996836229864197,6.275320294784564e-05,0.011934083026916351,0.001973128343718505,0.0003179012188208611,0.0016552271248976437,-0.007797223440451734,0.000645532233560089,-0.008442755674011823,0.01958731695725075,0.0014170526353458007,0.01817026432190495,2018
2018-02-15,2731.2,0.0157679428571428,644,0.2720040042735043,0.14562678899082568,0.15376162844036698,0.19363623030303032,0.13873845833333334,0.2518565001213437,0.1523724819187708,0.1509793335334333,234,218,165,24,0.12637721528267862,0.09948401820257288,0.054897771969696973,-0.008134839449541298,0.0013931483853375226,0.0003733924947562478,6.257120181405873e-05,0.0003108212929421891,0.005877538139439174,0.0003206993395691603,0.005556838799870014,-0.014735303361603263,0.0006475316581632636,-0.015382835019766526,-0.006715527468059446,0.0014243526764455743,-0.008139880144505021,2018
2018-02-16,2732.22,0.01573778,642,0.2776205120967742,0.15537170697674418,0.1409972,0.19423468421052634,0.14779751851851852,0.2644694108912349,0.15653021083154492,0.145159240460502,248,215,171,27,0.12224880512003,0.10793920005968996,0.046437165692007815,0.014374506976744195,0.011370970371042927,-0.005858531424820395,6.245150793650793e-05,-0.005920982932756903,0.017192566905239848,0.0003238010119047611,0.016868765893335087,-0.004137056711455062,0.0006494809268707465,-0.0047865376383258084,-0.005608218532399553,0.0014341485743554626,-0.007042367106755015,2018
2018-02-20,2716.26,0.016376855,460,0.272288,0.15559442592592593,0.15099854938271604,0.20807642335766424,0.1503953,0.2568707806016036,0.16645999798461,0.14901661872141228,164,162,137,20,0.11669357407407405,0.09041078261699362,0.05768112335766423,0.0045958765432098925,0.017443379263197722,-0.005511689809002755,6.498751984126984e-05,-0.005576677328844024,0.010262811346180352,0.00032674797335600794,0.009936063372824345,0.00435679315557978,0.0006575582681405877,0.0036992348874391925,-0.0015953755923803713,0.001444561822912461,-0.0030399374152928326,2018
2018-02-21,2701.33,0.0164147221428571,452,0.26454799358974357,0.16367678395061727,0.1421087848101266,0.2003445390625,0.15795552380952382,0.2515317097332741,0.17765995089659556,0.1387385462846861,156,162,128,21,0.1008712096391263,0.07387175883667854,0.04238901525297617,0.02156799914049068,0.03892140461190946,0.0009731208529212048,6.513778628117897e-05,0.0009079830666400258,0.0046166769594137205,0.0003273396485260758,0.0042893373108876445,0.009384516187520908,0.0006634348582766421,0.008721081329244266,-0.02156857579951838,0.0014526723680749701,-0.02302124816759335,2018
2018-02-22,2703.96,0.0165189335714285,586,0.2667728782051282,0.15089141975308643,0.14777774074074074,0.2001569296875,0.14485905263157894,0.2504099214290761,0.1607698768802048,0.1461891410407418,156,162,128,19,0.11588145845204176,0.08964004454887128,0.05529787705592107,0.003113679012345688,0.01458073583946301,0.01590124602558474,6.555132369614485e-05,0.015835694701888597,-0.009770351784170232,0.0003276310147392278,-0.01009798279890946,0.012864572146545041,0.0006693797080498846,0.012195192438495157,-0.043731529900860364,0.001460831139333474,-0.045192361040193835,2018
2018-02-23,2747.3,0.0165495642857142,577,0.24549887931034484,0.12794364024390242,0.130023506097561,0.16895080172413793,0.1204915625,0.23719768774218186,0.13579620045145885,0.13542003317505844,174,164,116,16,0.11755523906644241,0.10140148729072301,0.04845923922413793,-0.0020798658536585746,0.00037616727640041314,0.011688421260557077,6.567287414965954e-05,0.011622748386407417,-0.02061284150104243,0.0003268323185941032,-0.02093967381963653,0.014192837634130075,0.0006751714569160976,0.013517666177213977,-0.032837749813812926,0.0014683614655955576,-0.03430611127940848,2018
2018-02-26,2779.6,0.0164804142857142,595,0.23918989243027888,0.1276224656862745,0.13209420588235293,0.1654104936708861,0.12042008333333333,0.21722704226006437,0.13406442631989593,0.12983496887181192,251,204,158,24,0.11156742674400438,0.08316261594016844,0.04499041033755276,-0.004471740196078433,0.004229457448084006,-0.012788286983879777,6.539846938775477e-05,-0.012853685453267533,-0.02132962361669491,0.0003256799149659853,-0.021655303531660893,0.0012296365492957147,0.0006811545521541929,0.0005484819971415218,-0.06195348320764042,0.0014794603261397753,-0.06343294353378019,2018
2018-02-27,2744.28,0.0165259571428571,595,0.2638068787878788,0.1557827441860465,0.13820934928229664,0.1921392681564246,0.14791088461538462,0.24344061722765561,0.16783010343107047,0.13747037482683386,231,215,179,26,0.10802413460183227,0.07561051379658515,0.04422838354103997,0.017573394903749873,0.030359728604236608,-0.011157824195769547,6.557919501133769e-05,-0.011223403390780885,-0.005906018190600611,0.00033081029478457973,-0.00623682848538519,0.007633998948012523,0.0006877085770975036,0.006946290370915019,-0.05208607026882522,0.0014904993241556485,-0.05357656959298086,2018
2018-02-28,2713.83,0.0164881464285714,592,0.274798558685446,0.1615478611111111,0.14592858962264152,0.20337062285714283,0.15423825,0.2589892805430248,0.17137346923356014,0.14444027305921214,213,216,175,28,0.1132506975743349,0.08761581130946464,0.049132372857142836,0.015619271488469588,0.026933196174348,-0.013413907890662753,6.542915249433095e-05,-0.013479337043157083,0.004767839228107297,0.00033609520975056627,0.004431744018356731,0.01305088161106322,0.0006945725056689323,0.012356309105394286,-0.02725251295379243,0.0015016290662191404,-0.028754142020011572,2018
2018-03-01,2677.67,0.0163176621428571,720,0.2935206927083333,0.1678888930232558,0.16652003255813952,0.2257241724137931,0.16314914814814815,0.2814861262984512,0.17642758500362296,0.16691475997520067,192,215,174,27,0.1256317996850775,0.10505854129482825,0.06257502426564496,0.0013688604651162783,0.009512825028422295,0.0050587563087125835,6.475262755102024e-05,0.004994003681161563,0.022634923930715253,0.0003417486933106568,0.022293175237404594,0.025682517562313507,0.0007021157341269822,0.024980401828186526,-0.03642919764360631,0.0015129181577724284,-0.03794211580137874,2018
2018-03-02,2691.25,0.0162591585714285,717,0.2736964673366834,0.1579567638888889,0.15103193518518518,0.2055662804878049,0.15345653846153845,0.2564857576808616,0.16921203397664633,0.1493709867245427,199,216,164,26,0.1157397034477945,0.0872737237042153,0.05210974202626645,0.006924828703703728,0.019841047252103644,0.01097163914490453,6.452047052154168e-05,0.010907118674382987,0.03480567913517255,0.00034833913832199446,0.03445733999685056,0.022325784088989838,0.0007067677742346917,0.021619016314755147,-0.02895201934876544,0.0015251907980785508,-0.03047721014684399,2018
2018-03-05,2720.94,0.01777327,551,0.2513167333333333,0.15316449771689497,0.14046962557077627,0.19341523463687152,0.1477307037037037,0.24244079041437275,0.1630463584458122,0.14189490945615782,195,219,179,27,0.09815223561643835,0.07939443196856055,0.04568453093316782,0.012694872146118696,0.021151448989654376,0.0026353184422145334,7.052884920634922e-05,0.0025647895930081843,0.022559260165990525,0.0003554746371882075,0.022203785528802318,-0.0029518632513606848,0.000712300547760769,-0.0036641637991214537,-0.02842355266823117,0.001536929618940229,-0.029960482287171398,2018
2018-03-06,2728.12,0.0178577557142857,553,0.2516914975369458,0.14409384579439252,0.1462018971962617,0.19433980446927374,0.1398708888888889,0.23998506295888516,0.15152298504791184,0.14688523982126658,203,214,179,27,0.10759765174255329,0.08846207791097332,0.05446891558038483,-0.0021080514018691765,0.004637745226645257,-0.0004839667770615435,7.086410997732421e-05,-0.0005548308870388677,0.013540017138613176,0.00035689828231292377,0.013183118856300252,-0.004106480263159045,0.000714138798278367,-0.004820619061437412,-0.0242195048703858,0.0015428146316953308,-0.025762319502081132,2018
2018-03-07,2726.8,0.0179128242857142,550,0.24689242857142857,0.14546133644859813,0.13929353738317757,0.1886482643678161,0.14142996153846152,0.23097551035005096,0.15677861961437417,0.13668704460846515,203,214,174,26,0.10143109212283044,0.07419689073567678,0.047218302829354575,0.0061677990654205594,0.020091575005909024,0.004453176811945213,7.108263605442142e-05,0.004382094175890792,0.008283042382955802,0.0003584772959183659,0.007924565087037436,-0.005468201970898629,0.0007161394447945491,-0.006184341415693178,-0.045899560895351556,0.001548378264064945,-0.0474479391594165,2018
2018-03-08,2738.97,0.0179784542857142,683,0.24377641232227487,0.13436759722222222,0.13993753240740742,0.1818886627218935,0.13006395652173913,0.22795429647197382,0.14251786598844926,0.13826618867771112,211,216,169,23,0.10940881510005265,0.08543643048352456,0.05182470620015436,-0.005569935185185199,0.004251677310738139,0.01722951151316988,7.134307256235793e-05,0.017158168440607524,0.0030475936315981023,0.0003603670408163254,0.002687226590781777,-0.035406268798984536,0.0007181548737439068,-0.036124423672728445,-0.0470217203545455,0.0015537634539742426,-0.04857548380851974,2018
2018-03-09,2786.57,0.0180573042857142,758,0.23336129285714285,0.12285031603773586,0.12092824056603775,0.15310883561643834,0.116906,0.22119170120217005,0.13056229677240844,0.1192103464566716,280,212,146,23,0.110510976819407,0.09062940442976161,0.03620283561643835,0.0019220754716981064,0.011351950315736839,-0.00127477982427725,7.165596938775475e-05,-0.0013464357936650048,-0.012479895046182653,0.0003584286359126972,-0.01283832368209535,-0.07382561356057517,0.0007201083587212313,-0.0745457219192964,-0.04766271061260036,0.0015627716399152858,-0.04922548225251565,2018
2018-03-12,2783.02,0.0181320285714285,809,0.24078339349112426,0.14006731071428571,0.1189777722007722,0.16115023979591836,0.13285603125,0.22420854692592168,0.14955847022054586,0.11653099716370097,338,280,196,32,0.10071608277683855,0.07465007670537582,0.028294208545918353,0.021089538513513514,0.03302747305684489,-0.006383924585162931,7.195249433106548e-05,-0.006455877079493997,-0.02551112341735125,0.0003568259105725615,-0.02586794932792381,-0.04575580762366576,0.0007215340392917051,-0.046477341662957465,-0.05192855027722682,0.0015718083462644922,-0.05350035862349131,2018
2018-03-13,2765.31,0.0182556671428571,809,0.2502037432024169,0.1361266981818182,0.13004449635036497,0.17394413235294118,0.1309653448275862,0.23432657641276608,0.1454233951318768,0.1283284312741513,331,275,204,29,0.1140770450205987,0.08890318128088928,0.04297878752535497,0.006082201831453221,0.017094963857725493,-0.0057409415327189526,7.244312358276628e-05,-0.005813384656301719,-0.01764649740177223,0.00035724051596544326,-0.018003737917737673,-0.056799195171773176,0.000726353279654517,-0.05752554845142769,-0.03732774550482444,0.0015741619061087199,-0.03890190741093316,2018
2018-03-14,2749.48,0.01838904,804,0.2572322808641975,0.1382369818181818,0.13479932,0.1801196315789474,0.13338193103448276,0.24429480191570027,0.1476528938372781,0.1343175308693525,324,275,209,29,0.11899529904601572,0.09664190807842218,0.04673770054446463,0.0034376618181818086,0.01333536296792559,-0.0007822719394124938,7.297238095238095e-05,-0.0008552443203648748,-0.013751244353854546,0.0003576621488761833,-0.01410890650273073,-0.053979127684118874,0.0007303476234753785,-0.054709475307594256,-0.03447762584660771,0.001575795963340308,-0.03605342180994802,2018
2018-03-15,2747.33,0.0174899762499999,804,0.2525061912225705,0.13845492363636364,0.12501021153846154,0.16877229381443298,0.13215396774193547,0.2399741555398779,0.14865957901501192,0.12390821280853516,319,275,194,31,0.11405126758620687,0.09131457652486596,0.036618326072497515,0.0134447120979021,0.024751366206476763,0.0017020228353889482,6.940466765872976e-05,0.0016326181677302183,-0.038453862430582735,0.0003577878329275814,-0.038811650263510314,-0.039521122625443,0.0007340841795978274,-0.04025520680504083,-0.025619031545087434,0.0015765774108903422,-0.027195608955977776,2018
2018-03-16,2752.01,0.0176534175,798,0.24876770219435737,0.13209636727272728,0.1178306374501992,0.15934948108108107,0.125082,0.2304382330235251,0.14256882215501512,0.11744970611969473,319,275,185,28,0.1166713349216301,0.08786941086850997,0.034267481081081075,0.014265729822528078,0.025119116035320396,-0.014306008195445936,7.005324404761906e-05,-0.014376061439493555,-0.06134571851439252,0.00036167972280853417,-0.061707398237201054,-0.06381373804130885,0.0007413977559867167,-0.06455513579729558,-0.016715910253205103,0.001582007439573917,-0.01829791769277902,2018
2018-03-19,2712.92,0.0182365091304347,626,0.26669959030837004,0.15245,0.13925359433962264,0.19399741040462426,0.1478945185185185,0.2534754162127389,0.16553853775284497,0.13826013489842376,227,216,173,27,0.11424959030837004,0.08793687845989392,0.04610289188610575,0.013196405660377358,0.027278402854421208,0.0014807014304161871,7.236709972394722e-05,0.0014083343306922399,-0.02024468420631445,0.0003647081287191437,-0.020609392335033595,-0.03697179524230932,0.0007483697797962401,-0.03772016502210556,-0.0015788816831771222,0.0015865596771280294,-0.0031654413603051518,2018
2018-03-20,2716.94,0.0183619186363636,655,0.2676894342629482,0.14799806944444446,0.13917391509433963,0.19358891477272727,0.14343465384615384,0.2480610179614291,0.15842976649599658,0.14266454196995088,251,216,176,26,0.11969136481850376,0.08963125146543252,0.050154260926573435,0.008824154350104835,0.0157652245260457,-0.0018456884848011977,7.286475649350635e-05,-0.001918553241294704,-0.039152697770000994,0.0003691127636890738,-0.03952181053369007,-0.026952390847286577,0.0007522619714555127,-0.02770465281874209,-0.008802161054901033,0.001588578911493273,-0.010390739966394306,2018
2018-03-21,2711.93,0.0184207123809523,653,0.26474244758064513,0.14960656944444445,0.1345047733990148,0.1877985,0.1444433076923077,0.24955633943835134,0.15765291306579626,0.1409220177166923,248,216,168,26,0.11513587813620069,0.09190342637255508,0.0433551923076923,0.01510179604542966,0.016730895349103964,-0.02548489001614073,7.309806500377897e-05,-0.025557988081144508,-0.04022788333026427,0.0003726854745991952,-0.04060056880486347,-0.01826733612242557,0.0007558110769234575,-0.019023147199349028,-0.015529653041145713,0.0015898633117457984,-0.017119516352891512,2018
2018-03-22,2643.69,0.0184707325,963,0.30520944878048784,0.18325109433962264,0.17480840566037736,0.24097891351351353,0.17923345161290324,0.2865917844299687,0.1965339716883548,0.17616515337658745,205,212,185,31,0.1219583544408652,0.0900578127416139,0.06174546190061028,0.008442688679245275,0.020368818311767345,-0.021189833248420765,7.329655753968254e-05,-0.021263129805960446,-0.0010672601948603872,0.00037629634667024603,-0.0014435565415306332,-0.0149464689083122,0.0007591407542666171,-0.015705609662578817,0.010011412226815366,0.0015906119134086862,0.00842080031340668,2018
2018-03-23,2588.26,0.0184165757894736,1027,0.32302392452830186,0.20801028846153846,0.19843934615384617,0.26589172164948455,0.20327381818181817,0.31887082562835245,0.20934160501763624,0.20459867698188064,212,208,194,33,0.1150136360667634,0.10952922061071621,0.06261790346766638,0.009570942307692287,0.0047429280357556,0.026795026112632157,7.308164995822857e-05,0.026721944462673928,-0.0024680195269163136,0.00037971803317818256,-0.0028477375600944963,0.009574381692859762,0.0007623120226906532,0.00881206967016911,0.017730349856891005,0.001594813284440432,0.016135536572450572,2018
2018-03-26,2658.55,0.0193464771428571,902,0.27579407518796994,0.16974257075471696,0.16616153773584907,0.22096940404040405,0.16643309677419355,0.26161590412201535,0.1682221124936172,0.17618873666971877,266,212,198,31,0.10605150443325298,0.09339379162839814,0.054536307266210504,0.0035810330188678907,-0.007966624176101555,-0.017427312133270447,7.677173469387738e-05,-0.017504083867964326,-0.01672711103599488,0.00038366165107709646,-0.017110772687071975,-0.0006321231646573628,0.0007695816312358258,-0.0014017047958931887,-0.007229242783073229,0.001599102010899437,-0.008828344793972666,2018
2018-03-27,2612.62,0.0192622417857142,894,0.2938942291666667,0.18032253846153848,0.19705623557692306,0.24854580392156864,0.17822940625,0.2839234028303935,0.18627338562642715,0.1968572953369075,240,208,204,32,0.11357169070512821,0.09765001720396638,0.07031639767156864,-0.016733697115384583,-0.010583909710480344,-0.0029208740450646013,7.643746740362778e-05,-0.002997311512468229,0.012200306922714258,0.00038314920776643893,0.01181715771494782,0.011254569479709209,0.0007735025722789095,0.0104810669074303,0.02057819850856539,0.0015997595279062396,0.01897843898065915,2018
2018-03-28,2605.0,0.0193306521428571,899,0.28485120600858366,0.19295903773584908,0.1868298396226415,0.23777135751295336,0.18946736363636366,0.2722771610272287,0.1997428450185984,0.18551206057878986,233,212,193,33,0.09189216827273458,0.0725343160086303,0.04830399387658971,0.0061291981132075846,0.014230784439808547,0.013675733119263357,7.670893707482977e-05,0.013599024182188528,0.021960547207838806,0.0003831256023242623,0.021577421605514544,0.02239232371201319,0.0007713711590505751,0.021620952552962616,0.024612088773536513,0.0016004396738812962,0.023011649099655217,2018
2018-03-29,2640.87,0.0193329975,891,0.2625012156862745,0.17779058490566038,0.1657035141509434,0.2083003410404624,0.17365709999999998,0.24911677040713584,0.18358778342781165,0.1645885666753226,255,212,173,30,0.08471063078061411,0.06552898697932419,0.03464324104046243,0.012087070754716989,0.018999216752489057,-0.022590592580476767,7.671824404761905e-05,-0.022667310824524386,-0.013879208713451831,0.000382844407596371,-0.014262053121048203,0.0058257687182478295,0.0007687394027900995,0.0050570293154577305,0.002715111747128934,0.0016008069125434277,0.0011143048345855062,2018
2018-04-02,2581.88,0.0194103674999999,883,0.28950543243243243,0.19629010576923075,0.20154048557692306,0.24228524858757064,0.1940586875,0.27457274611252314,0.20141316680000457,0.2001315071201621,222,208,177,32,0.09321532666320168,0.07315957931251857,0.048226561087570646,-0.005250379807692301,0.0012816596798424784,0.012535934603553565,7.702526785714246e-05,0.012458909335696423,0.012042401219776205,0.0003825939895124706,0.011659807230263735,0.03649268366083249,0.0007657749872448955,0.0357269086735876,0.0278515065455161,0.0016007785675887791,0.02625072797792732,2018
2018-04-03,2614.45,0.0192173414285714,912,0.27892334765625,0.18318609905660377,0.18658315566037736,0.2246629053254438,0.18114927586206897,0.26518137854228063,0.18759548491973793,0.18666778363482683,256,212,169,29,0.09573724859964622,0.0775858936225427,0.04351362946337484,-0.003397056603773596,0.0009277012849110977,0.011500105825438875,7.625929138321984e-05,0.011423846534055655,0.016094987871337573,0.0003859199801587294,0.015709067891178843,0.034561893184550135,0.000763584415730058,0.033798308768820076,0.008083668774372875,0.0016001664607293686,0.0064835023136435065,2018
2018-04-04,2644.69,0.0192562932142857,918,0.2768843503649635,0.18221105660377357,0.1674351462264151,0.21239258536585365,0.17816506896551726,0.2606908532349964,0.18795195799527487,0.1667223286208665,274,212,164,29,0.09467329376118994,0.07273889523972155,0.03422751640033639,0.014775910377358481,0.021229629374408365,0.006839366240059898,7.641386196145119e-05,0.006762952378098447,-0.0009457374430050416,0.00039035336451247063,-0.0013360908075175123,0.023892807733693396,0.0007619306059485695,0.023130877127744826,-0.005672676850456572,0.0016003758428155366,-0.0072730526932721085,2018
2018-04-05,2662.84,0.0192597910714285,1051,0.2638720156739812,0.1668145,0.16070218959107807,0.2020265728643216,0.16349923529411764,0.24597722637791014,0.17279924978945743,0.16004827024238727,319,270,199,34,0.09705751567398122,0.07317797658845271,0.03852733757020396,0.006112310408921934,0.012750979547070163,-0.02216402280202734,7.64277423469385e-05,-0.022240450544374277,0.00043177650417443677,0.00038824555672631274,4.3530947448124037e-05,0.011310863552325794,0.0007599030780763091,0.010550960474249485,0.00021778884331312138,0.001600397647520752,-0.0013826088042076306,2018
2018-04-06,2604.47,0.0192698921428571,1053,0.28392775174825174,0.18523217692307695,0.18123055384615383,0.22426916176470588,0.18158437837837837,0.2713993062076556,0.19024494512563034,0.18276948199545479,286,260,204,37,0.0986955748251748,0.08115436108202528,0.0426847833863275,0.0040016230769231165,0.0074754631301755525,0.0033310173527511624,7.646782596371866e-05,0.0032545495267874438,0.01970497743169967,0.00038589499519372855,0.019319082436505944,0.024901705883307295,0.0007576244924754023,0.024144081390831892,0.02583380671500259,0.0016004490344255138,0.024233357680577074,2018
2018-04-09,2613.16,0.0202485171428571,891,0.2825831314741036,0.18678350000000002,0.18874952884615384,0.2306526592178771,0.18343409375,0.26927914030175965,0.19188596392576449,0.18787085631642347,251,208,179,32,0.09579963147410356,0.07739317637599516,0.04721856546787709,-0.0019660288461538222,0.004015107609341012,0.016588521255114928,8.035125850340118e-05,0.016508169996611526,0.024450282441056355,0.00038318099773242495,0.02406710144332393,0.021626863782376382,0.0007550033331783503,0.020871860449198032,0.022237098142531546,0.001604532169913042,0.020632565972618505,2018
2018-04-10,2656.87,0.0203345542857142,895,0.2734227111111111,0.17193970283018867,0.17885954716981134,0.21480852071005915,0.1691034827586207,0.25709436419078907,0.17739757218697444,0.17687200937960476,270,212,169,29,0.10148300828092244,0.07969679200381463,0.04570503795143846,-0.006919844339622672,0.0005255628073696783,-0.005540619488903829,8.069267573696112e-05,-0.00562131216464079,0.018466905313212562,0.00037766443557132857,0.018089240877641233,-0.008432553091083808,0.0007521500032463777,-0.009184703094330185,0.015284181103567149,0.0016039068989379852,0.013680274204629164,2018
2018-04-11,2642.19,0.0187251256521739,895,0.27243550185873605,0.17259611538461536,0.1729046298076923,0.21152430909090908,0.16963075,0.2534053543007658,0.17963894800889263,0.17041511555558922,269,208,165,28,0.09983938647412069,0.07376640629187314,0.04189355909090908,-0.0003085144230769443,0.00922383245330341,0.008216880187239336,7.430605417529326e-05,0.008142574133064044,0.02483854517669846,0.0003715772414360988,0.024466967935262363,-0.0010565001295120642,0.0007488277039266499,-0.0018053278334387141,0.03015180157197473,0.001598419646481447,0.028553381925493282,2018
2018-04-12,2663.99,0.0186674495652173,1026,0.25725380303030304,0.16023065909090908,0.15967687878787878,0.19692669651741293,0.15726082857142856,0.23884198656626449,0.16526400201123445,0.1582890034835722,330,264,201,35,0.09702314393939396,0.07357798455503003,0.03966586794598437,0.000553780303030299,0.006974998527662257,-0.002890821874502216,7.407718081435436e-05,-0.0029648990553165703,0.010879087048151171,0.0003716575213499964,0.010507429526801174,0.0011067488416167189,0.000751950901452037,0.0003547979401646819,0.023641096499911463,0.001598792481195043,0.02204230401871642,2018
2018-04-13,2656.3,0.0185859647826086,1024,0.251596826625387,0.15086924528301887,0.15142321886792454,0.18573291489361704,0.1482780909090909,0.23513357662092668,0.14849599551429574,0.1579507001967517,323,265,188,33,0.10072758134236814,0.08663758110663095,0.03745482398452615,-0.0005539735849056648,-0.009454704682455961,0.008076322362107757,7.375382850241508e-05,0.008002568533605342,0.00519672845160752,0.00037172949728167385,0.004824998954325846,0.00511058693602527,0.0007549913340163671,0.004355595602008903,0.027415050067895293,0.0015990572878145507,0.025815992780080742,2018
2018-04-16,2677.84,0.0188583434782608,846,0.24407887169811324,0.13842591588785047,0.1359133785046729,0.17203970000000002,0.13292069565217393,0.22393106633346677,0.1474828257638641,0.1335272559641646,265,214,150,23,0.10565295581026277,0.07644824056960267,0.039119004347826086,0.002512537383177582,0.013955569799699502,0.010605144127271393,7.483469634230476e-05,0.01053030943092909,-0.0028234186586799646,0.0003718223354459254,-0.00319524099412589,-0.011186979333226753,0.0007583136812509131,-0.011945293014477667,0.012473047746138466,0.0016012569811375325,0.010871790765000933,2018
2018-04-17,2706.39,0.0188005813636363,844,0.2393488865248227,0.12814787081339712,0.1274073480392157,0.1593618936170213,0.12147528571428572,0.2263300645563715,0.1259740841190707,0.1332078525392173,282,209,141,21,0.11120101571142557,0.10035598043730079,0.03788660790273558,0.0007405227741814346,-0.007233768420146586,0.0008310203745819628,7.460548160173135e-05,0.0007564148929802315,-0.026899458404296306,0.0003744855676750492,-0.027273943971971356,-0.019246321242587537,0.0007601688840015785,-0.020006490126589116,0.005920239806495166,0.0016022158347290903,0.004318023971766075,2018
2018-04-18,2708.64,0.0187453561904761,851,0.24135854964539008,0.1264622918660287,0.12675384210526316,0.15890524460431654,0.11961,0.21979526026660878,0.13598137159005175,0.12344167973454796,282,209,139,22,0.11489625777936138,0.08381388867655704,0.03929524460431655,-0.0002915502392344671,0.012539691855503785,-0.005742577941307845,7.438633408919088e-05,-0.005816964275397036,-0.025895045306210514,0.0003772504624905512,-0.026272295768701066,-0.027309244784759337,0.0007619765633975793,-0.028071221348156917,0.0042330093766480914,0.0016029393610638666,0.002630070015584225,2018
2018-04-19,2693.13,0.0186855875,848,0.2466131172161172,0.12817020283018868,0.13565335849056603,0.16843786013986015,0.12313733333333333,0.2271394620538351,0.13557641598026668,0.1361003452438597,273,212,143,21,0.11844291438592852,0.09156304607356841,0.04530052680652681,-0.007483155660377355,-0.0005239292635930148,-0.008573180471045841,7.414915674603175e-05,-0.008647329627791873,-0.00977233820653454,0.00038029338010204047,-0.01015263158663658,-0.02382290664284213,0.0007640589027777761,-0.02458696554561991,0.0073398897806439736,0.0016039138950302313,0.005735975885613742,2018
2018-04-20,2670.14,0.01860936,857,0.25410035984848484,0.13543557075471696,0.14507632547169813,0.18077114285714285,0.13222095454545454,0.23893783273601257,0.140793063124189,0.14653249618152558,264,212,147,22,0.11866478909376788,0.09814476961182358,0.04855018831168831,-0.00964075471698117,-0.005739433057336596,5.617525182039568e-05,7.384666666666667e-05,-1.7671414846270983e-05,-8.614151558219054e-05,0.0003832618367346933,-0.0004694033523168838,-0.0025198942379667413,0.0007663454126984111,-0.0032862396506651527,0.023272660427590925,0.001605120432728644,0.021667539994862282,2018
2018-04-23,2670.29,0.019529478,675,0.24018766315789472,0.13342248427672956,0.14209806289308177,0.1761173873873874,0.1312633888888889,0.2243300567423197,0.1424037599629601,0.14136332599744203,190,159,111,18,0.10676517888116516,0.08192629677935961,0.0448539984984985,-0.008675578616352209,0.0010404339655180617,-0.013470895618345118,7.749792857142856e-05,-0.013548393546916547,-0.008363560674546836,0.0003864913458049877,-0.008750052020351824,0.000875925579874988,0.0007689778752834449,0.00010694770459154313,0.02007582166282123,0.0016102818442932697,0.01846553981852796,2018
2018-04-24,2634.56,0.0194973348571428,670,0.2502302011494253,0.14242804402515724,0.158907,0.19198074782608696,0.1414493888888889,0.23465973152194747,0.1509615965811919,0.1569801417256343,174,159,115,18,0.10780215712426805,0.08369813494075556,0.05053135893719807,-0.01647895597484275,-0.006018545144442389,0.0018354334726678417,7.737037641723333e-05,0.0017580630962506084,0.007653137161708775,0.00038568331632652937,0.007267453845382245,0.014081129978500414,0.000772030908163263,0.01330909907033715,0.036789826689966436,0.0016116113958805716,0.035178215294085866,2018
2018-04-25,2639.4,0.0195121714285714,669,0.2513063777777778,0.14286009433962266,0.16210449685534592,0.1936614347826087,0.1424336111111111,0.23783137997648587,0.1500636952086783,0.16272683593434467,180,159,115,18,0.10844628343815516,0.08776768476780758,0.051227823671497585,-0.019244402515723263,-0.012663140725666377,0.010380129158368218,7.742925170068015e-05,0.010302699906667538,-0.0014141994785488773,0.0003847261009070282,-0.0017989255794559054,0.021881300721982862,0.0007743865192743741,0.021106914202708486,0.03292914097087156,0.0016125104610733149,0.03131663050979824,2018
2018-04-26,2666.94,0.0194336385714285,813,0.23751896787148594,0.1379004245283019,0.14388391509433962,0.17717890666666666,0.13482550000000001,0.22677305338594098,0.14410356507922303,0.14315315708927323,249,212,150,24,0.09961854334318404,0.08266948830671794,0.04235340666666665,-0.005983490566037725,0.000950407989949803,0.0011130162199066156,7.711761337868453e-05,0.0010358986065279311,-0.014050568436307614,0.0003837655226757357,-0.01443433395898335,0.020828172543118705,0.000772162690854117,0.02005600985226459,0.020188983630018253,0.0016132844633408889,0.018575699166677364,2018
2018-04-27,2669.91,0.0194231962857142,817,0.23078377470355732,0.13441924528301888,0.1321171603773585,0.165454,0.13180566666666668,0.21465315041110763,0.1439596121716737,0.13112834870674012,253,212,140,24,0.09636452942053844,0.07069353823943395,0.03364833333333331,0.00230208490566039,0.012831263464933573,-0.008221243907144358,7.707617573696111e-05,-0.008298320082881318,-0.0024337527223846104,0.00038308357596371785,-0.0028168362983483283,0.021421331438388157,0.0007697239663643214,0.020651607472023836,0.00744438367084794,0.0016143004922524538,0.005830083178595486,2018
2018-04-30,2648.05,0.0193258545714285,823,0.23470093987341772,0.13758294716981131,0.13820235849056603,0.17260434782608697,0.13564373333333332,0.22080799639304977,0.14316989014821047,0.13917259345343083,316,265,184,30,0.09711799270360641,0.0776381062448393,0.036960614492753646,-0.0006194113207547147,0.003997296694779634,0.0025458022179105093,7.668989909297025e-05,0.002469112318817539,0.00923948625442193,0.0003824865294784571,0.008856999724943472,0.030525707039014256,0.0007669897780612226,0.029758717260953034,0.028281539280758345,0.001614073131708236,0.02666746614905011,2018
2018-05-01,2654.8,0.0192561165714285,819,0.23413562382445138,0.12630776981132075,0.14241988679245282,0.1699585965909091,0.1259532857142857,0.2209734011582322,0.1324415001888714,0.14152466988154896,319,265,176,28,0.10782785401313064,0.08853190096936078,0.04400531087662338,-0.016112116981132074,-0.009083169692677556,-0.007231903167589713,7.641316099773214e-05,-0.007308316328587446,0.006427992816791562,0.0003863475918367337,0.006041645224954828,0.02111422486145485,0.0007662534007936492,0.0203479714606612,0.018832400184726955,0.0016138740432728618,0.017218526141454093,2018
2018-05-02,2635.67,0.0192701057142857,806,0.23638590397350992,0.1290453396226415,0.14703636603773587,0.1739835284090909,0.12857755555555556,0.21944588749881777,0.1348639082078311,0.14606900748942492,302,265,176,27,0.10734056435086842,0.08458197929098668,0.04540597285353534,-0.01799102641509437,-0.011205099281593828,-0.0022562397993906034,7.64686734693877e-05,-0.002332708472859991,0.023295500200531807,0.00038966041836734604,0.02290583978216446,0.03239846421667238,0.0007656337897297792,0.03163283042694261,0.036855067427958646,0.001614274473544971,0.03524079295441367,2018
2018-05-03,2629.73,0.019261788,957,0.24411813442622948,0.12920883018867926,0.15354490188679246,0.18002721787709497,0.12943867857142857,0.2294706512788954,0.13429554000709715,0.1529032897952735,305,265,179,28,0.11490930423755022,0.09517511127179826,0.0505885393056664,-0.024336071698113193,-0.018607749788176364,0.012729831933829549,7.643566666666666e-05,0.012653396267162883,0.034878740979426344,0.0003883971681783813,0.034490343811247964,0.03379849396079807,0.0007644941241968996,0.03303399983660117,0.04358090231681118,0.0016143584191232023,0.041966543897687975,2018
2018-05-04,2663.42,0.0192727405714285,953,0.2359265474006116,0.12037905660377358,0.13956821132075473,0.1653119281437126,0.11947236,0.22180226420291246,0.12711805759071057,0.13864991928385847,327,265,167,25,0.11554749079683803,0.0946842066122019,0.045839568143712595,-0.01918915471698114,-0.011531861693147905,0.003451995069662222,7.647912925170039e-05,0.0033755159404105215,0.023855084160772696,0.00038664039040060355,0.02346844377037209,0.018432964489656662,0.0007634193255857885,0.017669545164070873,0.03155344155131707,0.001616410985166286,0.029937030566150782,2018
2018-05-07,2672.63,0.0202988422857142,781,0.22882873981191224,0.12450483208955224,0.13772002985074627,0.16587614917127072,0.12260917857142857,0.2112409029894754,0.13262802634919768,0.13522211406822562,319,268,181,28,0.10432390772236,0.07861287664027772,0.04326697059984215,-0.013215197761194036,-0.0025940877190279432,-0.00026569121971978244,8.055096145124683e-05,-0.00034624218117102927,0.021286220784592344,0.0003845032485827655,0.020901717536009577,0.022340559595895523,0.0007622958907785325,0.02157826370511699,0.036632329657320606,0.0016183010523431573,0.035014028604977446,2018
2018-05-08,2671.92,0.0200909488571428,782,0.23010496238244513,0.11884921641791045,0.14029808208955222,0.16596947457627118,0.11812707407407406,0.21127865964152942,0.1271323202245401,0.13776872764222278,319,268,177,27,0.11125574596453468,0.08414633941698932,0.04784240050219711,-0.021448865671641767,-0.01063640741768268,0.009635604216150478,7.972598752834444e-05,0.009555878228622134,0.014686232044663135,0.0003799058089569155,0.01430632623570622,0.01946558730266577,0.0007607530075585781,0.018704834295107192,0.036183570179829476,0.001616370052626604,0.03456720012720287,2018
2018-05-09,2697.79,0.0189517666666666,778,0.22216703264094956,0.11390941825095056,0.1275305095057034,0.15066677777777776,0.11249195833333332,0.20658532579664585,0.12061336970360763,0.12577174123758816,337,263,162,24,0.108257614389999,0.08597195609303822,0.03817481944444444,-0.013621091254752846,-0.005158371533980535,0.009327000979503942,7.520542328042301e-05,0.009251795556223519,0.009102964016140731,0.0003759733713624333,0.008726990644778297,0.013073092495315505,0.0007598545001889639,0.012313237995126541,0.02966902662961349,0.0016164428519463317,0.02805258377766716,2018
2018-05-10,2723.07,0.01881908,946,0.22177304213483148,0.10747337647058823,0.12223830980392157,0.1420798782051282,0.10503468181818182,0.1999048529708026,0.11033373922279997,0.12144526879260376,356,255,156,22,0.11429966566424325,0.08957111374800263,0.037045196386946394,-0.014764933333333341,-0.011111529569803782,0.0017061751151760478,7.467888888888888e-05,0.001631496226287159,-0.0010802470186283462,0.00037609695601851823,-0.0014563439746468644,0.0017208392693846568,0.0007629185185185179,0.0009579207508661389,0.021410173199172166,0.0016216171749811013,0.019788556024191065,2018
2018-05-11,2727.72,0.0187341808333333,995,0.22192457584269665,0.10518321111111112,0.11660363333333333,0.13807903333333332,0.1022138695652174,0.20560387289908866,0.10880267549381903,0.1162897055283175,356,270,150,23,0.11674136473158553,0.09680119740526963,0.035865163768115924,-0.011420422222222212,-0.007487030034498465,0.0008831316934816184,7.434198743386231e-05,0.000808789706047756,-0.005422119671116095,0.0003767789351851849,-0.00579889860630128,-0.0023453640282763218,0.0007664428835978829,-0.0031118069118742046,0.021445830320897405,0.0016315561375661349,0.01981427418333127,2018
2018-05-14,2730.13,0.0191402875,830,0.21523910115606937,0.10595925641025641,0.11421819047619047,0.1384746564417178,0.10187320833333334,0.19890612176493688,0.10951837963513045,0.11401915313854902,346,273,163,24,0.10927984474581295,0.08938774212980644,0.03660144810838446,-0.00825893406593406,-0.00450077350341857,-0.006865679959648896,7.595352182539681e-05,-0.006941633481474293,0.0010543388113031006,0.00037779264219576705,0.0006765461691073335,-0.014860079461021978,0.0007702345384542698,-0.015630313999476248,0.01652852134795263,0.0016427297510393018,0.014885791596913327,2018
2018-05-15,2711.45,0.0190999745833333,825,0.23101170639534885,0.11305652962962963,0.12243841851851853,0.1544118277777778,0.10976292000000001,0.22201970707516167,0.11906372924114739,0.12305068943082548,344,270,180,25,0.11795517676571922,0.10295597783401428,0.044648907777777774,-0.009381888888888898,-0.00398696018967809,0.0040523361876279775,7.579354993386231e-05,0.003976542637694115,0.004779355258002568,0.00038084719860166275,0.004398508059400905,0.004621512201392848,0.0007711298318216166,0.0038503823695712315,0.02586266311963073,0.0016486906633063824,0.024213972456324347,2018
2018-05-16,2722.46,0.01898291,822,0.22511813913043477,0.10894828148148147,0.11458249629629629,0.14532909523809523,0.10482362499999999,0.20750192468566406,0.11227638970846365,0.1175004421734974,345,270,168,24,0.1161698576489533,0.0952255349772004,0.04050547023809524,-0.005634214814814811,-0.0052240524650337405,-0.0008562100552650634,7.532900793650793e-05,-0.0009315390632015714,0.0039701284791749105,0.0003838811288265306,0.00358624735034838,-0.0063341608643556965,0.0007718270925453504,-0.007105987956901047,0.020792734726037675,0.0016550722841799734,0.019137662441857703,2018
2018-05-17,2720.13,0.01899093875,825,0.2234242088235294,0.11119931272727272,0.10847873454545454,0.14100541975308642,0.10619373913043478,0.20417815530314043,0.11702811970527212,0.11159638993143452,340,275,162,23,0.11222489609625667,0.08715003559786831,0.034811680622651636,0.0027205781818181868,0.005431729773837601,-0.002635697537311794,7.536086805555555e-05,-0.002711058405367349,0.0028010862880129645,0.00038682156249999957,0.002414264725512965,0.005312813266551274,0.0007733116758786837,0.00453950159067259,0.019520521981216066,0.0016617965181344248,0.01785872546308164,2018
2018-05-18,2712.97,0.018989635,822,0.22517686470588236,0.11434062962962964,0.10733409125475285,0.14154345341614905,0.10939579166666667,0.20782335012729058,0.12321692766064872,0.108312102950362,340,270,161,24,0.11083623507625272,0.08460642246664186,0.03214766174948237,0.007006538374876789,0.014904824710286715,0.007359590175901056,7.535569444444445e-05,0.007284234481456611,0.0030767556428397663,0.00038966394841269804,0.0026870916944270683,0.01241810589332496,0.0007745034268707473,0.011643602466454211,0.01812466975256276,0.001669233194937392,0.01645543655762537,2018
2018-05-21,2733.01,0.0199100357142857,659,0.21901845126353792,0.1077057570093458,0.10882065420560748,0.13952802272727272,0.102603,0.2038868950655105,0.11426931550101876,0.10886937516557814,277,214,132,19,0.11131269425419212,0.08961757956449173,0.036925022727272716,-0.0011148971962616772,0.005399940335440626,-0.0031406635129493403,7.900807823129246e-05,-0.0032196715911806326,-0.015914418272325082,0.0003924418962585028,-0.016306860168583584,0.0057608868857595245,0.0007776359651360532,0.004983250920623471,0.012475776912973831,0.0016766302295694265,0.010799146683404405,2018
2018-05-22,2724.44,0.019864525,656,0.2213659669117647,0.10817172272727273,0.10825761363636363,0.1390818992248062,0.10468904999999999,0.20916990016113465,0.10477320925205935,0.11341253353253382,272,220,129,20,0.11319424418449196,0.1043966909090753,0.03439284922480622,-8.589090909090491e-05,-0.008639324280474467,0.003243109408800207,7.882748015873017e-05,0.0031642819286414768,-0.00015784305660967058,0.00039028263321995394,-0.0005481256898296245,0.01743243357437446,0.0007769970833333323,0.016655436491041127,0.009250732733630909,0.0016800375727289124,0.007570695160901996,2018
2018-05-23,2733.29,0.0197238992857142,652,0.2191729927797834,0.10113708878504672,0.10617045327102803,0.134286264,0.0962035,0.20417262835398242,0.10800254577333665,0.10631843396731191,277,214,125,18,0.11803590399473667,0.09617008258064577,0.03808276399999999,-0.005033364485981309,0.001684111806024735,-0.0020252522464269634,7.826944160997697e-05,-0.0021035216880369405,-0.010304289343530558,0.00038794596371881986,-0.010692235307249378,0.013474873468363294,0.0007767895649092956,0.012698083903453998,0.007867872669562318,0.0016837738524908166,0.0061840988170715015,2018
2018-05-24,2727.76,0.01970722,896,0.22122378754578756,0.10005687037037037,0.10563208333333333,0.13466127419354837,0.09526766666666667,0.20813594636486474,0.10900140154762597,0.1054015128055502,273,216,124,18,0.1211669171754172,0.09913454481723877,0.0393936075268817,-0.005575212962962969,0.0035998887420757714,-0.0023600281824850003,7.820325396825398e-05,-0.0024382314364532545,0.002511726978538331,0.0003864901133786841,0.0021252368651596466,0.018621186380724897,0.0007783189101473908,0.017842867470577506,-0.003926665749157242,0.0016880837237463365,-0.005614749472903578,2018
2018-05-25,2721.33,0.0196896778571428,894,0.22603009926470588,0.10327536574074074,0.10494439814814814,0.13828737301587302,0.09856617647058823,0.21466056744098433,0.1140509911016788,0.10534853834164555,272,216,126,17,0.12275473352396514,0.10060957633930553,0.03972119654528479,-0.0016690324074074003,0.008702452760033244,-0.011631583739263906,7.81336422902492e-05,-0.011709717381554156,0.009341350250485134,0.0003848394784580492,0.008956510772027085,0.022049362112272628,0.0007804954024943294,0.0212688667097783,0.0006355165806365884,0.00169503435016357,-0.0010595177695269815,2018
2018-05-29,2689.86,0.0193659014285714,912,0.25321693610223645,0.1306831849056604,0.1274248641509434,0.17401795854922278,0.12727757142857143,0.24063132816129623,0.13910477364556206,0.12920736584064732,313,265,193,28,0.12253375119657606,0.10152655451573417,0.046740387120651344,0.0032583207547169923,0.009897407804914743,0.012615911702766044,7.684881519274365e-05,0.0125390628875733,0.021675305158084607,0.0003851940688775504,0.021290111089207055,0.035422778088437634,0.0007869796116780027,0.034635798476759634,0.003625578933099159,0.0017018667736329574,0.0019237121594662017,2018
2018-05-30,2724.01,0.0192756842857142,934,0.24153768695652172,0.11732115272727273,0.11173591764705883,0.15012597660818713,0.11228729166666666,0.22645816167386212,0.12571223680397897,0.11210280254643375,345,275,171,24,0.124216534229249,0.10074592486988315,0.03783868494152047,0.005585235080213899,0.013609434257545225,-0.006903336878120701,7.649081065759603e-05,-0.006979827688778297,0.01759027663098421,0.0003867144501133782,0.017203562180870834,0.01877268910620846,0.0007956463973922885,0.01797704270881617,-0.002830717730446331,0.001709603511161302,-0.004540321241607633,2018
2018-05-31,2705.27,0.019357025,1064,0.2462661923076923,0.12214599259259261,0.1155228875502008,0.15639990229885056,0.11765052000000001,0.23258895638013694,0.132655613730197,0.11473889806166539,338,270,174,25,0.1241201997150997,0.09993334264993994,0.038749382298850554,0.0066231050423918025,0.017916715668531605,0.01079076407564197,7.681359126984127e-05,0.010713950484372129,0.023779162811894024,0.00038884360119047576,0.023390319210703548,0.028144487796358482,0.0008010700208271698,0.02734341777553131,0.004830713496801861,0.0017175599779980367,0.0031131535188038246,2018
2018-06-01,2734.62,0.01929126,1061,0.2375724403409091,0.1057991282051282,0.11215345787545787,0.14155647435897434,0.10025671428571428,0.22011050142180308,0.11622806555946509,0.11178863851351423,352,273,156,21,0.13177331213578092,0.10388243586233799,0.041299760073260056,-0.0063543296703296726,0.004439427045950864,0.004469595089461682,7.655261904761906e-05,0.0043930424704140625,0.01610945940218642,0.0003918287967687067,0.015717630605417712,0.016336131514751478,0.0008064316003647818,0.015529699914386696,-0.0028967323092011317,0.001725024442283751,-0.0046217567514848824,2018
2018-06-04,2746.87,0.0197790346428571,908,0.2269222804532578,0.10799034831460674,0.10481979026217228,0.13707232098765432,0.10077173913043479,0.21051140361669357,0.11688347705800056,0.10458007946230044,353,267,162,23,0.11893193213865105,0.09362792655869301,0.03630058185721953,0.0031705580524344634,0.012303397595700122,0.0007023711683356189,7.84882327097504e-05,0.0006238829356258685,0.012708011861787601,0.00039565592403628013,0.012312355937751322,0.009738113625202976,0.0008119322232081218,0.008926181401994854,-0.012325960207244193,0.0017325085054923676,-0.01405846871273656,2018
2018-06-05,2748.8,0.0197490375,905,0.22718842458100558,0.10697081509433963,0.10435967063492063,0.13653894375,0.1008725909090909,0.2077604477600854,0.11745433958033594,0.1044660673067003,358,265,160,22,0.12021760948666595,0.09030610817974946,0.035666352840909105,0.0026111444594189986,0.012988272273635637,0.00853088317566569,7.836919642857143e-05,0.008452513979237119,0.013747472930352946,0.00040178554280045236,0.013345687387552494,0.005004192690902268,0.0008162415353568944,0.004187951155545373,-0.004444524681495673,0.0017376653308891928,-0.006182190012384866,2018
2018-06-06,2772.35,0.0198122303571428,908,0.22486285326086955,0.0974536717557252,0.10411565648854962,0.12752542281879195,0.09018955,0.20912475611705855,0.10379050029984559,0.10310755894338501,368,262,149,20,0.12740918150514435,0.10533425581721297,0.03733587281879196,-0.006661984732824422,0.0006829413564605757,-0.0007144506972109346,7.861996173469366e-05,-0.0007930706589456283,0.0011824124752242433,0.0004089319472789103,0.0007734805279453331,-0.0018159931484512538,0.000820625068004802,-0.0026366182164560556,-0.004529875772457076,0.0017429092665467887,-0.006272785039003865,2018
2018-06-07,2770.37,0.0201092942857142,1047,0.23142463586956522,0.1032424054054054,0.10517900000000001,0.13435472784810126,0.094542,0.21703629403652894,0.11340015441155903,0.10423741820713914,368,259,158,21,0.12818223046415983,0.10363613962496991,0.03981272784810126,-0.0019365945945946095,0.009162736204419888,0.0031210606659344705,7.979878684807221e-05,0.0030412618790863983,0.004365324984464438,0.00041222641963669407,0.003953098564827744,-0.007467250143532678,0.0008244205276608865,-0.008291670671193564,0.004968918540027574,0.0017475826891658365,0.0032213358508617375,2018
2018-06-08,2779.03,0.0202556960714285,1098,0.23073563806970507,0.10129382051282051,0.10219496703296703,0.13175509210526315,0.09421195238095238,0.21222570803743457,0.11250412242363782,0.09997411866973102,373,273,152,21,0.12944181755688455,0.09972158561379675,0.03754313972431077,-0.0009011465201465146,0.012530003753906796,0.0010681475490628696,8.037974631519245e-05,0.0009877678027476772,0.00022667211256497657,0.000414602803596075,-0.00018793069103109844,-0.008728061464735612,0.0008271855007334489,-0.00955524696546906,0.00531504767376989,0.0017533416914334104,0.00356170598233648,2018
2018-06-11,2782.0,0.0213236985714285,928,0.21997467613636362,0.10812039642857142,0.10004006048387097,0.13200708536585365,0.10054945833333334,0.2017507661766206,0.11982254123752197,0.09818851247000623,352,280,164,24,0.1118542797077922,0.08192822493909864,0.03145762703252031,0.00808033594470045,0.02163402876751573,0.0017418322369011133,8.461785147392263e-05,0.0016572143854271908,-0.0029698982365844893,0.00041627629917184163,-0.003386174535756331,-0.023615999678944885,0.0008293850672837531,-0.02444538474622864,-0.002872561829266629,0.0017587012648461087,-0.004631263094112738,2018
2018-06-12,2786.85,0.0215499314285714,931,0.2209558879551821,0.10400227499999999,0.0986109097744361,0.12915773248407644,0.09627190909090909,0.20538965303835469,0.11424462952586724,0.09559896956198119,357,280,157,22,0.1169536129551821,0.09114502351248745,0.032885823393167354,0.005391365225563896,0.01864565996388605,-0.004034177279463059,8.551560090702936e-05,-0.004119692880370089,-0.00874328023945079,0.0004144559925564421,-0.009157736232007233,-0.023155677768536973,0.0008299210961953178,-0.02398559886473229,0.004096590595361007,0.001755911336652609,0.0023406792587083976,2018
2018-06-13,2775.63,0.0206424373913043,932,0.22748053125,0.10993774545454546,0.1021828431372549,0.1344508282208589,0.101896,0.21192825551652872,0.11998639819417391,0.09953096447501544,352,275,163,23,0.11754278579545455,0.09194185732235481,0.03255482822085891,0.007754902317290563,0.020455433719158464,0.0024684618120292836,8.191443409247738e-05,0.002386547377936806,-0.002998405623675523,0.00041169312072589166,-0.003410098744401415,-0.027763021875875444,0.0008293715610479254,-0.02859239343692337,0.009209416454297584,0.0017520652545947861,0.007457351199702798,2018
2018-06-14,2782.49,0.0207081430434782,934,0.22355555113636363,0.10601105357142858,0.09772741832669324,0.12697015032679737,0.09712486363636365,0.20374984277079505,0.1165873948654061,0.09596394922190908,352,280,153,22,0.11754449756493505,0.08716244790538895,0.029845286690433723,0.00828363524473534,0.020623445643497024,-0.0010175922059649557,8.217517080745317e-05,-0.0010997673767724088,-0.011832575127997201,0.00041219410802419246,-0.012244769236021394,-0.024071868648683995,0.0008320426796765361,-0.02490391132836053,0.005712335365682767,0.0017517017894176524,0.0039606335762651145,2018
2018-06-15,2779.66,0.0206774169565217,928,0.224387918767507,0.09983564363636364,0.09830516117216118,0.12735941333333334,0.09279905,0.20757322658372307,0.11008140459499093,0.09620447157357197,357,275,150,20,0.12455227513114335,0.09749182198873214,0.034560363333333344,0.0015304824642024678,0.013876933021418958,-0.002128422800086842,8.205324189095912e-05,-0.002210476041977801,-0.008954733577300616,0.0004125826971373738,-0.00936731627443799,-0.022296182093591677,0.0008343147863634139,-0.023130496879955092,0.010695710107991554,0.0017518650226819726,0.008943845085309581,2018
2018-06-18,2773.75,0.0208649813043478,748,0.2197190724637681,0.10455151363636363,0.09869779899497487,0.12986372,0.09815561111111111,0.20361400884447375,0.11572138917813174,0.09719166071418017,276,220,125,18,0.11516755882740447,0.08789261966634201,0.03170810888888888,0.0058537146413887575,0.018529728463951567,-0.004031549765965106,8.279754485852302e-05,-0.004114347310823629,-0.0206461014423603,0.0004131087681119115,-0.021059210210472214,-0.01710444102386589,0.0008365396000280099,-0.0179409806238939,0.014982290743660876,0.0017519542230709554,0.01323033652058992,2018
2018-06-19,2762.59,0.0208536877272727,746,0.2293323143939394,0.11018291071428572,0.10567344660194175,0.14132203007518795,0.1040181052631579,0.21645209587122616,0.12304069543728388,0.10407077895960154,264,224,133,19,0.11914940367965367,0.09341140043394228,0.037303924812030057,0.004509464112343972,0.01896991647768234,0.0017106973363122029,8.275272907647897e-05,0.0016279446072357238,-0.01441239752908623,0.0004154651036388758,-0.014827862632725106,-0.018032524066482057,0.0008377787374257226,-0.01887030280390778,0.015053058763210518,0.0017512406256803086,0.01330181813753021,2018
2018-06-20,2767.32,0.0207686861904761,738,0.2281922973977695,0.10724652232142858,0.102514015,0.1353046062992126,0.1001627894736842,0.21186356849961188,0.12269144209631459,0.09821153123047642,269,224,127,19,0.12094577507634093,0.08917212640329729,0.03514181682552839,0.004732507321428575,0.024479910865838173,-0.006365707692292354,8.241542139077818e-05,-0.0064481231136831315,-0.02476461625219992,0.0004176784403220337,-0.025182294692521954,-0.011159414708710036,0.0008386710664558194,-0.011998085775165855,0.012393432289923189,0.0017502463291435121,0.010643185960779677,2018
2018-06-21,2749.76,0.0208060674999999,1081,0.24576843939393941,0.11688247272727273,0.1137327663551402,0.15632977083333333,0.11143219047619046,0.2314860528303786,0.12804462158539948,0.11571050154201418,264,220,144,21,0.12888596666666668,0.10344143124497912,0.04489758035714286,0.0031497063721325352,0.0123341200433853,0.0018602493447316098,8.256375992063452e-05,0.0017776855848109752,-0.012239293520686801,0.00041984857165234364,-0.012659142092339145,0.0036518250682865674,0.0008398687771512089,0.0028119562911353584,0.020595537167109497,0.0017490757072514806,0.018846461459858015,2018
2018-06-22,2754.88,0.0208099868421052,1086,0.24093508988764042,0.11286794545454545,0.1091216274509804,0.1481235111111111,0.10690327777777778,0.22716553950952464,0.1288019090432039,0.1078841346927604,267,220,135,18,0.12806714443309497,0.09836363046632074,0.04122023333333333,0.0037463180035650495,0.020917774350443508,-0.013819790665146471,8.257931286549683e-05,-0.013902369978011968,-0.013341448516291009,0.0004217320892260401,-0.01376318060551705,0.010575919338828827,0.0008405984015843154,0.009735320937244512,0.02350483437529581,0.0017500637817979658,0.021754770593497844,2018
2018-06-25,2717.07,0.0214587778571428,924,0.24966980672268907,0.1369955277777778,0.13165528229665072,0.18334700584795321,0.13354728,0.2374176854217063,0.14825969017021043,0.13048807784565752,238,216,171,25,0.11267427894491128,0.08915799525149587,0.049799725847953225,0.005340245481127076,0.017771612324552905,0.0022021541473088704,8.515388038548729e-05,0.002117000266923383,0.003541660418494512,0.00042343083191609843,0.0031182295865784136,0.02786289980365203,0.0008435768778344647,0.027019322925817567,0.04638500146698359,0.0017509642977306548,0.04463403716925294,2018
2018-06-26,2723.06,0.0214114485714285,935,0.242993976,0.12887430555555554,0.12803959905660378,0.1754929156626506,0.1257660909090909,0.23315338620339443,0.14251738398657227,0.12598973238841638,250,216,166,22,0.11411967044444446,0.09063600221682216,0.04972682475355969,0.0008347064989517594,0.01652765159815589,-0.008641521386801524,8.496606575963691e-05,-0.00872648745256116,-0.003620126537395767,0.00042231363378684685,-0.004042440171182614,0.018541283702369456,0.0008441623171768683,0.01769712138519259,0.04114598923988995,0.0017492319071410857,0.03939675733274886,2018
2018-06-27,2699.63,0.0213155592857142,928,0.2542261068376068,0.14928073611111112,0.1384302596153846,0.19027831976744186,0.14548096153846155,0.2426497233007155,0.16303676168885584,0.13569195415081298,234,216,172,26,0.10494537072649571,0.07961296161185966,0.044797358228980316,0.010850476495726513,0.02734480753804286,0.0061596150392206625,8.45855527210881e-05,0.006075029486499574,0.013605201543489856,0.0004209926261337857,0.01318420891735607,0.03589378975069958,0.0008410241746976543,0.035052765576001926,0.04320363108056902,0.001747590228002764,0.04145604085256626,2018
2018-06-28,2716.31,0.0212807139285714,946,0.2505889140625,0.1319915185185185,0.13339312962962963,0.18181971515151515,0.12998233333333334,0.2356072128641856,0.1465157399914698,0.132003161687142,256,216,165,24,0.1185973955439815,0.0890914728727158,0.051837381818181816,-0.0014016111111111174,0.014512578304327811,0.0007580943491275485,8.444727749433095e-05,0.0006736470716332176,0.015891118588973442,0.0004200202054988651,0.015471098383474578,0.030812823290952477,0.0008381081408257727,0.029974715150126705,0.03127321613194593,0.0017463001231274808,0.029526916008818453,2018
2018-06-29,2718.37,0.0212380699999999,947,0.24425691015625,0.13418341666666667,0.12410134020618556,0.16865185714285713,0.13047727272727272,0.2272297418167375,0.1484582064576852,0.12098821910910991,256,216,154,22,0.11007349348958334,0.07877153535905229,0.03817458441558441,0.010082076460481107,0.027469987348575295,0.003063318269638806,8.427805555555516e-05,0.0029790402140832508,0.023917367855119716,0.00041886631235827536,0.02349850154276144,0.02902610966523933,0.0008352118322467854,0.028190897832992546,0.03538797997679926,0.0017448971098054848,0.03364308286699377,2018
2018-07-02,2726.71,0.0211772439285714,945,0.24057935374149658,0.12130818548387097,0.12534280241935483,0.16753637931034485,0.11837220833333334,0.22368487485353172,0.13440780207803632,0.12248608478890503,294,248,174,24,0.11927116825762561,0.0892770727754954,0.049164170977011507,-0.004034616935483862,0.011921717289131287,-0.004959632808581322,8.403668225623571e-05,-0.005043669490837558,0.024321239385157498,0.00042014604591836626,0.02390109333923913,0.029928573931944234,0.0008332721807630037,0.02909530175118123,0.03128374432701884,0.001743556521370111,0.029540187805648727,2018
2018-07-03,2713.22,0.0210785546428571,947,0.24859178397212545,0.12900987096774194,0.13122949193548386,0.1755716592178771,0.12663504,0.23187128031283083,0.13700375218335184,0.13457462530656605,287,248,179,25,0.1195819130043835,0.09486752812947899,0.04893661921787709,-0.00221962096774192,0.0024291268767857865,0.008583806694084265,8.36450581065758e-05,0.00850016163597769,0.02216141023976527,0.0004218486833900214,0.02173956155637525,0.037046364576107944,0.0008313779407867099,0.03621498663532124,0.041157775263009136,0.0017421326679120611,0.039415642595097077,2018
2018-07-05,2736.61,0.0210705092857142,1086,0.24490023825503357,0.12032130830039525,0.12060700401606426,0.16096509937888198,0.11586522727272727,0.22642602360639116,0.13261078318943814,0.11809988736301816,298,253,161,22,0.12457892995463832,0.09381524041695302,0.04509987210615471,-0.00028569571566901264,0.014510895826419984,0.008445532084704199,8.361313208616746e-05,0.00836191895261803,0.022288588207209855,0.00042003154856386866,0.021868556658645986,0.024501776135608472,0.0008298168301480099,0.023671959305460462,0.0372073558900752,0.0017409934522091132,0.035466362437866085,2018
2018-07-06,2759.82,0.0209899328571428,1145,0.23065245132743362,0.11153615272727273,0.10880584251968503,0.14289827500000002,0.10572026086956522,0.21156435382708863,0.12482671699326897,0.10577044338179502,339,275,160,23,0.11911629860016089,0.08673763683381966,0.0371780141304348,0.0027303102075876967,0.019056273611473953,0.008784343615273702,8.329338435374127e-05,0.00870105023091996,0.014921704701979045,0.00041808793532690754,0.014503616766652138,0.015107314913929042,0.0008279621306015249,0.014279352783327518,0.032293875098481445,0.001739757713546982,0.03055411738493446,2018
2018-07-09,2784.17,0.0215605628571428,992,0.22051479710144928,0.10339169314079423,0.10500738235294117,0.13659002409638554,0.09695860869565218,0.20263576558303145,0.11384413897135626,0.10317509227018284,345,277,166,23,0.11712310396065505,0.0887916266116752,0.039631415400733366,-0.0016156892121469424,0.010669046701173412,0.0034671897996766143,8.555778911564603e-05,0.003381632010560968,0.005108741810119513,0.0004163455198885099,0.004692396290231003,0.008159368483549088,0.0008259135457465305,0.0073334549378025575,0.026329716051179182,0.0017410148654744193,0.02458870118570476,2018
2018-07-10,2793.84,0.0216063085714285,1003,0.22173020454545453,0.10400068928571429,0.10257794382022473,0.13513439393939394,0.09666447826086956,0.203574039145311,0.111731086868365,0.10128660152187892,352,280,165,23,0.11772951525974024,0.091842952276946,0.03846991567852438,0.0014227454654895666,0.01044448534648608,-0.0071194619539736125,8.573931972789086e-05,-0.007205201273701503,0.005607334546786759,0.00041312613484463734,0.005194208411942122,0.009461725236790189,0.0008239075910980043,0.008637817645692185,0.022600111862690758,0.0017399402248848505,0.02086017163780591,2018
2018-07-11,2774.02,0.0206206366666666,1009,0.22890853602305478,0.11000936,0.10792217578125,0.14394136257309942,0.104412,0.21002219718424303,0.12109615492893079,0.10597339239815051,347,275,171,24,0.11889917602305478,0.08892604225531224,0.039529362573099414,0.002087184218749996,0.015122762530780279,0.008710984661528809,8.182792328042302e-05,0.008629156738248387,0.014884954336342736,0.0004095292573966885,0.014475425078946048,0.025641563617305428,0.0008216481001682992,0.02481991551713713,0.028276814675222577,0.0017356646485432027,0.026541150026679373,2018
2018-07-12,2798.29,0.02058071875,1149,0.22467763305322128,0.10226236690647482,0.1033353713235294,0.13408020754716982,0.09508761904761905,0.20779417564061506,0.11644549246467008,0.09815055621807815,357,278,159,21,0.12241526614674646,0.09134868317594498,0.03899258849955077,-0.0010730044170545877,0.018294936246591925,0.0010786485794734959,8.166951884920635e-05,0.0009969790606242895,0.0022131879283985726,0.0004097852815841413,0.0018034026468144314,0.013893720875991918,0.0008232416666837945,0.013070479209308124,0.012426534788071182,0.0017352593393500813,0.010691275448721102,2018
2018-07-13,2801.31,0.0205508441666666,1150,0.22398522067039103,0.10078876978417266,0.09975165037593985,0.1301286732026144,0.09273871428571429,0.20518746561350099,0.1113852734006126,0.09719875076867059,358,278,153,21,0.12319645088621838,0.09380219221288838,0.03738995891690011,0.0010371194082328117,0.01418652263194202,-0.001028619276585639,8.155096891534365e-05,-0.0011101702455009828,0.00018561021194999784,0.00040987419527461745,-0.0002242639833246196,0.006231192750395808,0.0008248965344559031,0.0054062962159399045,0.007333883107219796,0.0017347718972204515,0.005599111209999345,2018
2018-07-16,2798.43,0.0207492778260869,1006,0.2194187441860465,0.09920786428571429,0.10443060714285715,0.13603686627906975,0.09265829166666667,0.20392144868584175,0.1084911548530614,0.102394871439183,344,280,172,24,0.12021087990033222,0.09543029383278034,0.043378574612403076,-0.005222742857142859,0.006096283413878412,0.003965782536343808,8.233840407177342e-05,0.0038834441322720347,0.0030506266734295065,0.0004095680258580206,0.002641058647571486,0.0014890121175791242,0.0008266410133863643,0.0006623711041927599,0.014731421930483806,0.0017350461564797108,0.012996375774004094,2018
2018-07-17,2809.55,0.0206998954545454,1007,0.2158436923076923,0.09811265017667845,0.09774133818181818,0.1263926625,0.08939642857142857,0.2033697081752688,0.1073914851649096,0.09393449019640362,351,283,160,21,0.11773104213101385,0.09597822301035921,0.03699623392857143,0.0003713119948602628,0.01345699496850597,0.002158157835582412,8.214244227994207e-05,0.0020760153933024697,0.003854390690003505,0.00041078145625336705,0.003443609233750138,0.0023960877752159534,0.0008273468734869262,0.0015687409017290273,0.0031343754782818824,0.0017343604971169317,0.0014000149811649507,2018
2018-07-18,2815.62,0.0206851547619047,1022,0.2167354358974359,0.09727857597173145,0.09686255072463767,0.1246131847133758,0.0880794,0.2021266908226257,0.1067062885407698,0.09364138747324778,351,283,157,20,0.11945685992570446,0.09542040228185589,0.0365337847133758,0.0004160252470937764,0.01306490106752202,-0.003960781746415428,8.20839474678758e-05,-0.004042865693883304,0.01075660928096255,0.00041211884277161075,0.01034449043819094,-0.0008029874405078345,0.0008281418983271655,-0.001631129338835,0.008864494401812388,0.001733597036318471,0.007130897365493917,2018
2018-07-19,2804.49,0.020603125,1031,0.22567950289017344,0.09940180357142858,0.10667574285714286,0.13661292771084338,0.09135395238095238,0.21191096794774983,0.10820019111798967,0.10473873852975386,346,280,166,21,0.12627769931874486,0.10371077682976015,0.045258975329890996,-0.007273939285714279,0.003461452588235811,-0.0009489291369751974,8.175843253968254e-05,-0.0010306875695148799,0.011680532947593237,0.00041345638509965316,0.011267076562493584,0.008072192433316592,0.0008286707796574754,0.007243521653659116,0.016142903013446494,0.0017332718289299598,0.014409631184516535,2018
2018-07-20,2801.83,0.0204736894736842,1030,0.2261319450867052,0.09996783214285714,0.10211058181818182,0.13466656097560975,0.09256352380952382,0.2114113814820149,0.11219372986700127,0.09959555325932404,346,280,164,21,0.12616411294384805,0.09921765161501364,0.04210303716608593,-0.0021427496753246844,0.01259817660767723,0.001836397184893872,8.124479949874683e-05,0.0017551523853951252,0.006045582538445887,0.0004150223391812857,0.005630560199264601,0.013654508891442058,0.0008294181895214206,0.012825090701920637,0.019516848845604486,0.0017329321100146159,0.01778391673558987,2018
2018-07-23,2806.98,0.0210550622857142,852,0.22027261818181817,0.09769713392857142,0.10441939285714286,0.13627197058823529,0.09105444444444445,0.20360833165337236,0.10686713230544947,0.10156831155561838,275,224,136,18,0.12257548425324676,0.09674119934792288,0.045217526143790834,-0.006722258928571437,0.005298820749831096,0.0047695465529177935,8.355183446711985e-05,0.004685994718450674,-0.001561614555850382,0.0004170729875283437,-0.0019786875433787255,0.01535016299965861,0.00083055078344671,0.0145196122162119,0.019746882349832427,0.001733685583462729,0.0180131967663697,2018
2018-07-24,2820.4,0.0210369168571428,846,0.21933571684587813,0.09678794298245615,0.10399039912280701,0.13269934586466164,0.0888604705882353,0.2061918961960618,0.10605932946349389,0.10113620646221246,279,228,133,17,0.12254777386342199,0.1001325667325679,0.04383887527642634,-0.007202456140350866,0.004923123001281435,0.009060376426541358,8.347982879818571e-05,0.008976896597743173,-0.0014583029147874848,0.0004165654172335591,-0.001874868332021044,0.01340080101471245,0.0008315494852607691,0.01256925152945168,0.014579067211896977,0.0017318746274227372,0.01284719258447424,2018
2018-07-25,2846.07,0.0210222154285714,854,0.21894801730103805,0.0918481017699115,0.10328235398230089,0.1281021968503937,0.08370823529411765,0.20271244369320246,0.09672915902154695,0.10363921590035802,289,226,127,17,0.12709991553112654,0.1059832846716555,0.04439396155627605,-0.01143425221238939,-0.006910056878811063,-0.003036858079784692,8.342148979591826e-05,-0.00312027956958061,-0.011559596721470377,0.0004160230555555548,-0.011975619777025931,0.004078010199359029,0.0008325528049886603,0.003245457394370369,0.003826027584826116,0.001729895197339593,0.002096132387486523,2018
2018-07-26,2837.44,0.0209977454285714,1031,0.22095846232876712,0.09774643303571429,0.09987509375,0.127824,0.08959861111111111,0.206517977442059,0.10394879599252675,0.099613727623527,292,224,125,18,0.12321202929305283,0.10256918144953224,0.03822538888888888,-0.0021286607142857183,0.004335068368999745,-0.006583879546122514,8.332438662131507e-05,-0.006667203932743829,-0.0036083405142766692,0.0004152143945578222,-0.0040235549088344915,0.005672109137701868,0.0008305950585789852,0.004841514079122883,0.013042605139201663,0.0017278416242103413,0.011314763514991322,2018
2018-07-27,2818.82,0.0209904528571428,1023,0.22901867741935483,0.09794641517857143,0.10772512053571429,0.1377452196969697,0.0911233125,0.2141983106979674,0.10754823363898554,0.10703517019019253,279,224,132,16,0.1310722622407834,0.10665007705898187,0.04662190719696971,-0.009778705357142856,0.0005130634487930108,-0.005770799909402402,8.329544784580476e-05,-0.005854095357248207,0.007608926352996189,0.00041439585034013497,0.007194530502656054,0.005116693458201878,0.0008286932860449718,0.004288000172156906,0.027267609081048378,0.0017259541444394854,0.02554165493660889,2018
2018-07-30,2802.6,0.0209271545714285,1032,0.23490345098039217,0.10883805,0.11218496428571428,0.14920009444444446,0.10261712499999999,0.21986991337949832,0.11990372035140599,0.11155599565630858,357,280,180,24,0.12606540098039215,0.09996619302809233,0.04658296944444447,-0.003346914285714278,0.008347724695097411,0.004872858193980633,8.304426417233532e-05,0.004789813929808298,0.01691177755550893,0.00041347779591836625,0.016498299759590565,0.006873490266226196,0.0008265799149187437,0.006046910351307453,0.03330764095612426,0.0017272467408113675,0.0315803942153129,2018
2018-07-31,2816.29,0.0209002417142857,1037,0.22890237500000002,0.10441617857142857,0.10171895220588235,0.13552118404907976,0.0960745909090909,0.2145633051371866,0.1137930147441734,0.10197384284143472,368,280,163,22,0.12448619642857145,0.1007702903930132,0.039446593139988856,0.0026972263655462153,0.011819171902738679,-0.0010409173801414606,8.293746712018134e-05,-0.001123854847261642,0.014859103929499958,0.00041498406802720987,0.014444119861472749,0.008369551618923938,0.0008253608789210111,0.007544190740002926,0.03412001856680425,0.0017282093856526375,0.032391809181151615,2018
2018-08-01,2813.36,0.0208184328571428,1032,0.2309471046831956,0.09988925357142857,0.10962604285714285,0.1384289018404908,0.09255890476190476,0.21439047889555554,0.10686690218258502,0.10861635567813145,363,280,163,21,0.13105785111176704,0.10752357671297053,0.04586999707858605,-0.009736789285714281,-0.0017494534955464353,0.004914398127409042,8.261282879818571e-05,0.004831785298610856,0.01563760692082931,0.00041652974943310554,0.015221077171396206,0.0017792050832071773,0.0008240761565098242,0.0009551289266973532,0.030720817701160807,0.0017291749570812088,0.028991642744079598,2018
2018-08-02,2827.22,0.0207914722857142,1176,0.22684026203208554,0.09588567499999999,0.1045163,0.13036597368421052,0.08825876190476191,0.2090245143390626,0.10466274033061039,0.10355718470126521,374,280,152,21,0.13095458703208557,0.10436177400845222,0.04210721177944861,-0.008630625000000017,0.0011055556293451813,0.0046333873211502116,8.250584240362778e-05,0.004550881478746584,0.00928044965197852,0.00041538066402116317,0.008865068987957357,0.004753083714911294,0.0008228423091931198,0.0039302414057181745,0.025940840915927316,0.0017309039763555854,0.02420993693957173,2018
2018-08-03,2840.35,0.0207591031428571,1173,0.22825303157894739,0.08812480701754387,0.10466176842105263,0.12423176223776225,0.08025336842105263,0.21115209299379953,0.09527944786266158,0.1022072078317036,380,285,143,19,0.1401282245614035,0.11587264513113794,0.04397839381670962,-0.016536961403508757,-0.006927759969042019,0.0035320512931104955,8.237739342403611e-05,0.0034496738996864593,-0.0024922328947942682,0.0004142974357048369,-0.002906530330499105,0.003437323258979652,0.0008220952068688567,0.002615228052110795,0.019651778391092993,0.0017328859344054722,0.01791889245668752,2018
2018-08-06,2850.4,0.0213067351428571,1000,0.21497281471389645,0.09070774385964912,0.10207172631578947,0.12409559354838709,0.0832517,0.1978325205264098,0.09795682107380724,0.09966175242507944,367,285,155,20,0.12426507085424733,0.09987569945260255,0.04084389354838709,-0.011363982456140342,-0.0017049313512721986,0.0028201845679715165,8.455053628117898e-05,0.0027356340316903377,-0.010038287289282724,0.00041310211900037736,-0.010451389408283102,0.0023302886610521013,0.0008211365270691591,0.001509152133982942,0.013312620375440036,0.0017344485041333633,0.011578171871306673,2018
2018-08-07,2858.45,0.0212897534285714,1027,0.21354496858638744,0.09143530633802817,0.09775550704225353,0.11939449659863946,0.08333731578947369,0.1959313991595508,0.09815207932927354,0.0952343799741516,382,284,147,19,0.12210966224835927,0.09777931983027725,0.03605718080916577,-0.006320200704225357,0.0029176993551219416,-0.0002624143888119613,8.448314852607697e-05,-0.00034689753733803825,-0.006489552310576035,0.00041037681089380116,-0.006899929121469837,0.001576534782202211,0.00081858426373484,0.0007579505184673711,0.006833461612619918,0.0017334466597456082,0.00510001495287431,2018
2018-08-08,2857.7,0.0205288633333333,1024,0.21246736074270556,0.09385693771626298,0.09290725951557093,0.11544822857142858,0.08410245000000001,0.19198601241114688,0.10117497700731405,0.08975532802191126,377,289,140,20,0.11861042302644258,0.09081103540383283,0.031345778571428576,0.0009496782006920557,0.011419648985402792,-0.0014427591414417902,8.146374338624326e-05,-0.0015242228848280335,-0.013858401837622087,0.0004075464070767187,-0.014265948244698807,0.0014406805859965245,0.0008158419936358913,0.0006248385923606332,0.004880118876777783,0.0017326595854825699,0.0031474592912952137,2018
2018-08-09,2853.58,0.02051849875,1176,0.21764594708994708,0.09423103157894737,0.09833995789473685,0.12110617808219176,0.08605331578947369,0.1996761814778801,0.10092803221632814,0.09576596253958684,378,285,146,19,0.12341491551099971,0.09874814926155197,0.035052862292718076,-0.004108926315789477,0.005162069676741293,-0.007139295225622618,8.142261408730158e-05,-0.007220717839709919,-0.004527365937067293,0.0004074616451719567,-0.004934827582239249,0.0011907765269087377,0.0008158786489646892,0.00037489787794404853,0.008218923158943835,0.0017347547890917915,0.006484168369852043,2018
2018-08-10,2833.28,0.0204578833333333,1176,0.23851507567567568,0.10424317500000001,0.10311159285714286,0.13834333333333335,0.0966372380952381,0.21846968518590387,0.1136777329536336,0.1026570337542667,370,280,165,21,0.13427190067567568,0.10479195223227027,0.04170609523809525,0.0011315821428571488,0.011020699199366907,-0.004014003101377949,8.11820767195766e-05,-0.004095185178097526,0.0059295561537738095,0.00040779777116401985,0.00552175838260979,0.014509791227122395,0.0008158239515440544,0.013693967275578341,0.0190910805409451,0.0017393988813536963,0.017351681659591403,2018
2018-08-13,2821.93,0.0206199574999999,1036,0.24025946153846153,0.11274463571428571,0.11202805714285714,0.1559829191919192,0.10649544000000001,0.23257379695651328,0.10911260857329967,0.1201632844888856,364,280,198,25,0.12751482582417584,0.12346118838321361,0.04948747919191919,0.0007165785714285666,-0.011050675915585922,0.006368919546678298,8.182522817460278e-05,0.006287094318503695,0.012368575950334647,0.00040803440806878177,0.011960541542265866,0.02616491872422439,0.0008160787816749369,0.025348839942549453,0.023461681837837523,0.0017443125926159787,0.021717369245221545,2018
2018-08-14,2839.96,0.0205764916666666,1037,0.23213338069705095,0.10426252631578947,0.10503908771929825,0.1408885786516854,0.09713175,0.21908380768368615,0.1146603886367798,0.10213472135262036,373,285,178,24,0.12787085438126147,0.10442341904690636,0.043756828651685384,-0.000776561403508777,0.012525667284159436,-0.007631263915857994,8.165274470899445e-05,-0.0077129166605669885,0.008066087092778286,0.00040820745284103887,0.0076578796399372475,0.020065231143219803,0.0008188415977180211,0.019246389545501782,0.022361110945843084,0.0017460898765186703,0.020615021069324415,2018
2018-08-15,2818.37,0.0205075033333333,1029,0.24502078551532033,0.11401809285714286,0.11650799999999999,0.15812981958762887,0.10838576923076923,0.22767375773837958,0.12702564843534997,0.11424830152689117,359,280,194,26,0.1310026926581775,0.10064810930302961,0.04974405035685964,-0.0024899071428571284,0.012777346908458803,0.007888276759113128,8.137898148148134e-05,0.007806897777631647,0.015299082423618542,0.00040829558655917263,0.01489078683705937,0.033381730863738336,0.0008211957620226318,0.03256053510171571,0.030267801947564704,0.0017485270610712352,0.02851927488649347,2018
2018-08-16,2840.69,0.0206032024999999,1045,0.239356136,0.10565339649122807,0.11113951578947369,0.14555818888888888,0.09848104347826088,0.22434136891925424,0.1160322813617966,0.108440694074178,375,285,180,23,0.13370273950877193,0.10830908755745765,0.047077145410628005,-0.00548611929824562,0.0075915872876185925,0.0033176268652185398,8.175874007936468e-05,0.0032358681251391753,0.005718142463976076,0.0004084170037927325,0.005309725460183344,0.021053335858840467,0.0008237198190899031,0.020229616039750563,0.016794210570971135,0.001751063968133577,0.015043146602837558,2018
2018-08-17,2850.13,0.0205175158333333,1045,0.23246422340425532,0.10364813684210526,0.10109909818181818,0.13468598170731708,0.09502063636363635,0.2153804725493765,0.11573414278716919,0.09893307889256972,376,285,164,22,0.12881608656215005,0.09964632976220732,0.03966534534368073,0.0025490386602870785,0.01680106389459947,0.002425016695182756,8.14187136243385e-05,0.0023435979815584172,0.008580235073348461,0.00040802618038003456,0.008172208892968427,0.017870130335797374,0.0008263029270831008,0.017043827408714272,0.01883123330118377,0.0017547173950659444,0.017076515906117827,2018
2018-08-20,2857.05,0.0206635647826087,858,0.2283133973509934,0.10247314912280701,0.10387813596491229,0.13477011764705882,0.09320333333333333,0.21252588610902967,0.11299822309658426,0.10048098448872377,302,228,136,18,0.1258402482281864,0.09952766301244541,0.041566784313725486,-0.0014049868421052714,0.012517238607860498,0.002066430689121701,8.199827294685992e-05,0.001984432416174841,0.013796342773889768,0.00040804437360615517,0.013388298400283613,0.013789438436930437,0.0008293720139122769,0.01296006642301816,0.017658741605183447,0.0017583221103737844,0.015900419494809664,2018
2018-08-21,2862.96,0.0205987013636363,861,0.2319185511551155,0.10669614285714286,0.09905676470588236,0.13327528358208957,0.096347,0.21913434062268608,0.11707771055360713,0.09471537741636722,303,231,134,18,0.12522240829797265,0.10205663006907895,0.03692828358208956,0.007639378151260506,0.022362333137239912,-0.00039826858501759574,8.174087842712817e-05,-0.0004800094634447239,0.01199914405044164,0.00041063414487698215,0.011588509905564658,0.008915901025266295,0.0008313137041173444,0.00808458732114895,0.02340230831013762,0.0017615366152047025,0.02164077169493292,2018
2018-08-22,2861.82,0.0205381004761904,854,0.22976909803921566,0.10345230701754386,0.09741788073394496,0.1297426062992126,0.09346383333333334,0.21475487315186342,0.1156950350269869,0.09324462623600364,306,228,127,18,0.12631679102167181,0.09905983812487652,0.036278772965879266,0.006034426283598904,0.022450408790983256,-0.0016926632005294403,8.150039871504126e-05,-0.0017741635992444816,0.018082648440119843,0.00041290017546345915,0.017669748264656383,0.0056551954154352765,0.00083312151758364,0.004822073897851636,0.023432002624974437,0.0017663422546347171,0.02166566037033972,2018
2018-08-23,2856.98,0.020504715,1103,0.2313497152317881,0.10177148245614034,0.10465224561403509,0.132540664,0.09342341176470588,0.2158046556431272,0.11301190068500948,0.10114010103556328,302,228,125,17,0.12957823277564776,0.10279275495811772,0.03911725223529412,-0.0028807631578947474,0.011871799649446194,0.006179719474590772,8.136791666666667e-05,0.0060983515579241055,0.015335193394864267,0.00041530281529717064,0.014919890579567096,0.005132101491310858,0.0008353171931316373,0.004296784298179221,0.021602716703298486,0.0017718759327784892,0.019830840770519997,2018
2018-08-24,2874.69,0.0205221005263157,1104,0.23058592675159237,0.09944567256637168,0.10081596017699115,0.12627680165289257,0.08996931250000001,0.21466498200934436,0.10953114689511877,0.09735829673395223,314,226,121,16,0.13114025418522068,0.1051338351142256,0.03630748915289256,-0.0013702876106194695,0.012172850161166537,0.007641124395724228,8.143690685045913e-05,0.0075596874888737686,0.009289895262448894,0.00041827674670306627,0.008871618515745828,0.0008484271574442516,0.0008375082234604353,1.0918933983816237e-05,0.014117068780044057,0.0017801919208737269,0.01233687685917033,2018
2018-08-27,2896.74,0.0213161871428571,938,0.21896866019417477,0.10161927149321266,0.10051146606334842,0.127444776119403,0.09218699999999999,0.20445321914786774,0.11011937650246115,0.09763829737935285,309,221,134,18,0.1173493887009621,0.09433384264540659,0.035257776119403006,0.0011078054298642448,0.012481079123108293,0.00026923196567344023,8.458804421768691e-05,0.00018464392145575332,-6.90433695932463e-06,0.00042132764030612186,-0.00042823197726544646,-0.0030598350819013727,0.0008421380229591825,-0.003901973104860555,0.003181274881687094,0.0017891942294427686,0.0013920806522443254,2018
2018-08-28,2897.52,0.0211697410714285,941,0.22372454692556637,0.1018691402714932,0.10432400904977376,0.13097783333333332,0.0928111052631579,0.2083299725680999,0.10970994988114806,0.10197799571320278,309,221,138,19,0.12185540665407317,0.09862002268695184,0.03816672807017542,-0.002454868778280564,0.007731954167945282,0.005685235804660677,8.400690901360516e-05,0.005601228895647072,-0.0030832430251752628,0.00042067955924036227,-0.003503922584415625,-0.0029724688520603986,0.0008436457667233547,-0.003816114618783753,0.0056715090629084735,0.0017951230049529727,0.0038763860579555005,2018
2018-08-29,2914.04,0.0211435657142857,939,0.22122658252427185,0.10232306976744186,0.10048180000000001,0.1252535503875969,0.09252766666666666,0.20831863903839243,0.10908371817373189,0.09787152980568642,309,215,129,18,0.11890351275682999,0.09923492086466054,0.03272588372093023,0.0018412697674418527,0.011212188368045467,-0.004440118245784964,8.390303854875277e-05,-0.004524021284333717,-0.01242745302468443,0.00042022134212018095,-0.012847674366804611,-0.0033893560020372034,0.000843241369787044,-0.004232597371824247,-2.059018328763797e-05,0.0018022474870958297,-0.0018228376703834676,2018
2018-08-30,2901.13,0.0212541457142857,937,0.23239331715210354,0.10809221100917431,0.10611784403669726,0.13749215602836878,0.09948942105263157,0.21819350856199257,0.11566993899932101,0.10382178630010987,309,218,141,19,0.12430110614292923,0.10252356956267156,0.03800273497573721,0.0019743669724770485,0.011848152699211148,0.0001344213421754606,8.43418480725623e-05,5.007949410289829e-05,-0.010203091903553618,0.0004200143778344667,-0.010623106281388085,0.00132618932961127,0.0008434282604998509,0.00048276106911141923,0.008053983649804359,0.0018094746537624963,0.006244508996041862,2018
2018-08-31,2901.52,0.0212909257142857,965,0.23346758466453676,0.10399873660714286,0.10135978125,0.13333424817518247,0.0947245,0.2232210826677218,0.1151864005913834,0.09899877777935892,313,224,137,18,0.1294688480573939,0.10803468207633841,0.038609748175182465,0.0026389553571428553,0.016187622812024474,-0.0016556752036839839,8.448780045351468e-05,-0.0017401630041374986,-0.00844146810500475,0.00041923147675736904,-0.008860699581762119,-0.00439354663004476,0.0008430023009711115,-0.005236548931015872,0.007522846832916322,0.0018162737932182786,0.005706573039698044,2018
2018-09-04,2896.72,0.0211528707142857,1024,0.2353657851458886,0.1075003665480427,0.10762983985765125,0.13954945714285713,0.09924424999999999,0.2221241386664698,0.11829652272334326,0.10495142926519041,377,281,175,24,0.1278654185978459,0.10382761594312653,0.04030520714285714,-0.00012947330960855208,0.013345093458152851,-0.0028071067225424913,8.393996315192738e-05,-0.0028910466856944188,-0.00305293074494203,0.00042081038265306074,-0.003473741127595091,0.002616778169070269,0.000843926667529329,0.0017728515015409398,0.009889762051947883,0.0018231674882296161,0.008066594563718266,2018
2018-09-05,2888.6,0.0210542703571428,1052,0.23915646070460705,0.11198806206896551,0.10573111387900357,0.14207269318181817,0.10434756,0.22713781240406017,0.1258489401075062,0.10452409030762957,369,290,176,25,0.12716839863564156,0.10128887229655398,0.037725133181818166,0.006256948189961947,0.021324849799876616,-0.003658974194848502,8.354869189342381e-05,-0.003742522886741926,0.00011077417311480258,0.00042296620748299247,-0.0003121920343681899,0.006676409890795534,0.0008450101333095802,0.005831399757485953,0.0044937996701017325,0.0018303902495674844,0.0026634094205342483,2018
2018-09-06,2878.05,0.0210914107142857,1212,0.24688228846153848,0.11857882758620691,0.11126087356321838,0.14888260655737703,0.1107575,0.2288275212712681,0.1316425345201789,0.10866543251125718,364,290,183,26,0.12830346087533157,0.09718498675108919,0.03812510655737704,0.007317954022988529,0.022977102008921724,-0.002215757124654065,8.36960742630385e-05,-0.002299453198917103,0.009038097022647202,0.0004230200276668631,0.008615076994980339,0.01814538147971982,0.0008466742191939341,0.01729870726052589,0.002609472611723286,0.0018378339102817702,0.0007716387014415158,2018
2018-09-07,2871.68,0.0210568546428571,1219,0.25212790384615386,0.12163388620689654,0.1113429387755102,0.1506273021978022,0.11409353846153847,0.23771784693716133,0.13572812934360792,0.10681190229302918,364,290,182,26,0.13049401763925733,0.10198971759355341,0.03653376373626374,0.010290947431386338,0.02891622705057874,0.0018960451407243311,8.355894699546469e-05,0.0018124861937288664,0.01152928123316492,0.0004234138826653841,0.011105867350499536,0.019992564334193226,0.0008495246627880385,0.01914303967140519,0.004430082417544214,0.0018450971976967361,0.0025849852198474776,2018
2018-09-10,2877.13,0.02168881,1016,0.23508239769452452,0.11635025172413795,0.10919021132075472,0.14934125,0.11022511111111111,0.22020441658042764,0.13048414741633643,0.1052823048925568,347,290,192,27,0.11873214597038657,0.0897202691640912,0.0391161388888889,0.007160040403383222,0.025201842523779633,0.003732862156378708,8.606670634920635e-05,0.003646795450029502,0.004047921474959985,0.00042377082421374247,0.0036241506507462425,0.01457457007126343,0.0008529997926513874,0.013721570278612042,0.0011150732292504516,0.0018537396951457158,-0.0007386664658952642,2018
2018-09-11,2887.89,0.0216961385714285,1017,0.23010621186440677,0.11068204137931034,0.10298371955719558,0.1387808079096045,0.10359275,0.21808385840774877,0.1221545057721432,0.10058694094833139,354,290,177,24,0.11942417048509643,0.09592935263560558,0.03518805790960451,0.007698321822114759,0.021567564823811808,0.00035659819551439804,8.609578798185912e-05,0.0002705024075325389,0.005669708914012477,0.00042311628487626827,0.005246592629136208,0.009535779466221143,0.0008566169910640853,0.008679162475157057,-0.036034122916189855,0.0018601404253044459,-0.0378942633414943,2018
2018-09-12,2888.92,0.0210678330434782,1019,0.2303075395480226,0.10734728965517241,0.1019026463878327,0.13561147953216374,0.10002934782608695,0.21574003105352657,0.11851910332315206,0.09878246372866537,354,290,171,23,0.12296024989285019,0.09722092773037451,0.03558213170607678,0.005444643267339719,0.019736639594486696,0.005268348654683924,8.360251207729444e-05,0.00518474614260663,0.006565635717680598,0.00042204392582658774,0.006143591791854011,0.005884511768074129,0.000860960418501727,0.005023551349572402,-0.05717836857527925,0.001864761978592428,-0.05904313055387168,2018
2018-09-13,2904.18,0.021190662173913,1167,0.22663832513661203,0.10247558680555555,0.0966560035460993,0.12564904487179487,0.09363081818181818,0.2090175057757132,0.11283625808074882,0.09411371803747427,366,288,156,22,0.12416273833105648,0.09618124769496439,0.0320182266899767,0.005819583259456251,0.018722540043274546,0.0002754270858635385,8.408992926155953e-05,0.00019133715660197897,0.009107284457072517,0.00042365419152707104,0.008683630265545446,0.0033756292602849978,0.0008678747261523234,0.0025077545341326743,-0.048340396520282186,0.0018717433504437052,-0.05021213987072589,2018
2018-09-14,2904.98,0.0211468039130434,1179,0.2270088961748634,0.10227658983050847,0.09419434765625,0.12115017880794701,0.09182933333333333,0.21029819006423803,0.1123200530313582,0.0904265806957128,366,295,151,21,0.12473230634435492,0.09797813703287983,0.02932084547461368,0.008082242174258472,0.021893472335645398,-0.005585314617480499,8.391588854382302e-05,-0.005669230506024322,0.00846328310102843,0.00042611078012265435,0.008037172320905776,0.0030933387328859726,0.0008749161880472261,0.0022184225448387464,-0.054538362447748116,0.001878036020388495,-0.05641639846813661,2018
2018-09-17,2888.8,0.0215238660869565,1012,0.23253627719298248,0.10737677586206897,0.1032102974137931,0.13883029078014186,0.100255,0.2209999613993498,0.1187728582985989,0.10166232654790779,285,232,141,19,0.12515950133091353,0.1022271031007509,0.038575290780141866,0.004166478448275862,0.01711053175069112,0.005354649595431229,8.541216701173215e-05,0.0052692374284194965,0.01052664859630339,0.0004292289684376449,0.010097419627865745,0.012313108937673626,0.0008821305047188227,0.011430978432954804,-0.027685177791617277,0.0018854560643843544,-0.02957063385600163,2018
2018-09-18,2904.31,0.021425904090909,1016,0.22978485472972973,0.1121132974137931,0.10060199470899471,0.1313223106060606,0.10255065000000001,0.2247270847828216,0.12548627342943847,0.09587763279117867,296,232,132,20,0.11767155731593663,0.09924081135338314,0.02877166060606058,0.011511302704798387,0.029608640638259798,0.0012525249991826694,8.502342893217858e-05,0.0011675015702504908,0.0038660705522088955,0.00043350070618781707,0.0034325698460210786,0.006561743867530014,0.0008878593252354349,0.00567388454229458,-0.03329253554784151,0.0018911477068964317,-0.035183683254737946,2018
2018-09-19,2907.95,0.02147362,1004,0.22508056081081082,0.10485783189655173,0.09622224736842104,0.12408000819672131,0.09508755555555555,0.21377169620165087,0.12021807476877021,0.09029254851935689,296,232,122,18,0.12022272891425909,0.09355362143288067,0.02899245264116576,0.008635584528130694,0.029925526249413317,0.007809997394075651,8.521277777777777e-05,0.007724784616297874,-0.000681123949606603,0.00043891649267513926,-0.0011200404422817424,0.006020458883694711,0.0008942173917681087,0.005126241491926603,-0.04904157560866968,0.0018968904155303905,-0.050938466024200074,2018
2018-09-20,2930.75,0.0218097225,1012,0.22780847385620917,0.10319331196581195,0.09558524528301886,0.12331544,0.09163794117647059,0.216874079013872,0.11361169714573541,0.09109566084970071,306,234,125,17,0.12461516189039722,0.1032623818681366,0.03167749882352941,0.0076080666827930965,0.0225160362960347,-0.0003685742701806347,8.654651785714285e-05,-0.00045512078803777755,-0.005731655196787567,0.0004442205346252524,-0.006175875731412819,-0.009992607614769637,0.0009001673384801266,-0.010892774953249763,-0.057212808141847774,0.001902329795490708,-0.05911513793733848,2018
2018-09-21,2929.67,0.021932587368421,1028,0.22729114052287583,0.09785639830508475,0.09821497835497836,0.12512728455284552,0.0878045625,0.21007909740929165,0.1087498777417516,0.09673831873099031,306,236,123,16,0.12943474221779108,0.10132921966754005,0.03732272205284552,-0.00035858004989361425,0.012011559010761286,-0.0035219491222055663,8.703407685881348e-05,-0.0036089831990643796,-0.00536994436814229,0.0004488054079245718,-0.005818749776066862,-0.0151673345978157,0.0009046131732306932,-0.016071947771046393,-0.06115297786045652,0.0019063894978716602,-0.06305936735832818,2018
2018-09-24,2919.37,0.0226003439999999,851,0.21811256293706294,0.10643224999999999,0.09952601388888889,0.13368357042253523,0.09857740000000001,0.20602757354117704,0.11757191821473692,0.09690720279945801,286,236,142,20,0.11168031293706294,0.08845565532644012,0.03510617042253522,0.006906236111111103,0.02066471541527891,-0.0013059284486635185,8.968390476190437e-05,-0.001395612353425423,0.0017864603413702683,0.00045290153628117774,0.0013335588050890905,-0.012040532794443462,0.0009085384580498841,-0.012949071252493347,-0.06315812606246447,0.0019116176347316676,-0.06506974369719615,2018
2018-09-25,2915.56,0.0227906822857142,851,0.22097321276595747,0.10490881779661017,0.10375358050847458,0.13816925874125874,0.09709355555555556,0.20793470453091503,0.11556475009679648,0.10381351402828723,282,236,143,18,0.1160643949693473,0.09236995443411855,0.04107570318570318,0.0011552372881355882,0.011751236068509252,-0.0032946695026326335,9.043921541950079e-05,-0.003385108718052134,0.002695673315321118,0.00045435861904761783,0.0022413146962735,-0.012153568393349416,0.0009110559977324242,-0.01306462439108184,-0.09320302962091997,0.0019139205610355227,-0.0951169501819555,2018
2018-09-26,2905.97,0.0228102385714285,846,0.22442140845070424,0.10817117241379309,0.10435719642857143,0.1397367972027972,0.10105136842105263,0.20876314673616916,0.11877939450348408,0.10375433451313351,284,232,143,19,0.11625023603691115,0.08998375223268508,0.038685428781744566,0.0038139759852216654,0.015025059990350573,0.0027594661468949336,9.051681972789087e-05,0.002668949327167043,0.0067015828333012615,0.0004553008990929694,0.006246281934208292,-0.04227523287977846,0.00091308421882086,-0.04318831709859932,-0.0714546306389553,0.0019157913427815542,-0.07337042198173685,2018
2018-09-27,2914.0,0.0229651105714285,850,0.22161108510638297,0.11013094396551724,0.09980391414141415,0.13146542647058823,0.10098700000000001,0.20798256784858413,0.12301626894934857,0.094559730429966,282,232,136,20,0.11148014114086573,0.08496629889923556,0.030478426470588224,0.010327029824103093,0.028456538519382568,-6.863441535533463e-06,9.11313911564623e-05,-9.799483269199577e-05,-0.004260952417982149,0.0004559468038548742,-0.004716899221837023,-0.06582234649024818,0.0009132847403628104,-0.06673563123061099,-0.0916931874911104,0.001917545560468629,-0.09361073305157902,2018
2018-09-28,2913.98,0.0229648117142857,843,0.2266176560283688,0.10261085344827586,0.10111641304347826,0.1346206934306569,0.09474977777777777,0.21579933356633582,0.11636069483147936,0.10059371083553688,282,232,137,18,0.12400680258009295,0.09943863873485646,0.039870915652879146,0.0014944404047975979,0.01576698399594248,0.0036344555873070567,9.113020521541945e-05,0.0035433253820916374,-0.009797390229673469,0.00045580776530612145,-0.01025319799497959,-0.051709162339031806,0.0009127372331349194,-0.052621899572166723,-0.09826755438334814,0.0019186056404006024,-0.10018616002374874,2018
2018-10-01,2924.59,0.0229675288571428,843,0.22403258287292818,0.1039713627118644,0.09983560763888889,0.13379143023255813,0.09558431818181817,0.20660012847130083,0.11498351063364286,0.09941763567863729,362,295,172,22,0.12006122016106378,0.09161661783765797,0.038207112050739955,0.0041357550729755055,0.015565874955005568,-0.0003967154747124362,9.114098752834444e-05,-0.00048785646224078064,-0.013826993135813566,0.0004556369217687063,-0.014282630057582273,-0.06126615676794104,0.0009119896271258492,-0.062178146395066886,-0.08635664331496644,0.0019195578104686292,-0.08827620112543506,2018
2018-10-02,2923.43,0.0230281368571428,841,0.2255223370165746,0.10553957931034483,0.10287988014981274,0.13635927011494253,0.097149125,0.2084020104921788,0.11556435919786158,0.10161285754544848,362,290,174,24,0.11998275770622976,0.09283765129431722,0.03921014511494253,0.002659699160532089,0.0139515016524131,0.0007112400153475563,9.138149546485237e-05,0.0006198585198827039,-0.014849241708670594,0.0004566973786848063,-0.0153059390873554,-0.039601571254578354,0.0009121845721371874,-0.04051375582671554,-0.07516708916825468,0.0019203915224867698,-0.07708748069074145,2018
2018-10-03,2925.51,0.0229730065714285,837,0.22377873055555556,0.10333834237288136,0.10314133571428571,0.13441006024096386,0.09541733333333333,0.20539421142324074,0.11293618751041368,0.10258720665192193,360,295,166,21,0.12044038818267419,0.09245802391282706,0.03899272690763053,0.0001970066585956498,0.010348980858491744,-0.008203069104388573,9.116272448979564e-05,-0.008294231828878368,-0.048976815713079776,0.0004577833197278905,-0.04943459903280767,-0.04056551943071888,0.0009119068861961444,-0.04147742631691502,-0.06537587667969738,0.001920905253779287,-0.06729678193347667,2018
2018-10-04,2901.61,0.0229300728571428,992,0.24029385959885385,0.1154224827586207,0.11588401090909091,0.156967164021164,0.11023635999999999,0.22116250091060158,0.12759250047834794,0.1162051137931546,349,290,189,25,0.12487137684023315,0.09357000043225364,0.046730804021164016,-0.00046152815047020845,0.011387386685193346,-0.005543301253226848,9.099235260770952e-05,-0.005634293605834557,-0.061561394072266136,0.00045733793650793613,-0.06201873200877407,-0.046858965387975696,0.0009115102992724861,-0.04777047568724818,-0.06350950738541572,0.0019217579374527563,-0.06543126532286847,2018
2018-10-05,2885.57,0.0229217591428571,979,0.24792359643916914,0.12274881754385965,0.12409326642335768,0.16901456345177668,0.119119,0.22740447254250556,0.14102857882797518,0.11695305448562976,337,285,197,28,0.12517477889530948,0.08637589371453039,0.049895563451776676,-0.001344448879498028,0.024075524342345417,-0.0003951473188331464,9.095936167800437e-05,-0.0004861066805111508,-0.0419117721093584,0.000456929467828798,-0.042368701577187196,-0.041676899273851244,0.0009111701044028718,-0.042588069378254115,-0.05238151231516045,0.0019226871863189693,-0.05430419950147942,2018
2018-10-08,2884.43,0.023234764,840,0.24219480523255812,0.1289009754385965,0.12424710486891385,0.17205430373831776,0.12540729032258063,0.2258224448319037,0.14554286767238045,0.11890049413730544,344,285,214,31,0.11329382979396163,0.08027957715952325,0.046647013415737126,0.004653870569682639,0.02664237353507501,-0.0014189640475695234,9.220144444444446e-05,-0.0015111654920139678,-0.047439163632127496,0.0004563527053571429,-0.04789551633748464,-0.0455904959438076,0.0009108169629629627,-0.046501312906770564,-0.04574653813357764,0.001925780121976566,-0.0476723182555542,2018
2018-10-09,2880.34,0.023301794,840,0.2427457581120944,0.1308686105263158,0.1255832947761194,0.17187954976303318,0.12718303225806452,0.2231146851716912,0.14721490986062824,0.1217471112715482,339,285,211,31,0.1118771475857786,0.07589977531106296,0.04469651750496867,0.00528531575019639,0.025467798589080035,-0.033416333989061714,9.246743650793651e-05,-0.033508801425569654,-0.024752329545907788,0.00045548719345238093,-0.025207816739360168,-0.049698629220451526,0.0009108777322373388,-0.050609506952688864,-0.02334047507021926,0.0019274591494708969,-0.025267934219690157,2018
2018-10-10,2785.68,0.02286077,827,0.2805014659090909,0.18001280727272725,0.1689739706959707,0.22642112340425533,0.176512,0.26702579327873055,0.1931013741789517,0.16487184685786063,264,275,235,39,0.10048865863636366,0.07392441909977884,0.04990912340425532,0.011038836576756555,0.028229527321091075,-0.020787647463574973,9.071734126984126e-05,-0.020878364804844816,0.008411296282360922,0.000454123566468254,0.007957172715892668,-0.04763312723850893,0.0009103971267951619,-0.0485435243653041,0.007563723920882449,0.0019289177291194224,0.0056348061917630265,2018
2018-10-11,2728.37,0.02282713875,1060,0.3053500220588235,0.20807688148148148,0.19918133333333332,0.25519325101214574,0.20439377272727272,0.296036391567626,0.21753486984372822,0.19579109553626092,272,270,247,44,0.09727314057734202,0.0785015217238978,0.05079947828487302,0.008895548148148164,0.021743774307467295,0.014106320709680948,9.058388392857143e-05,0.014015736825752377,0.014702428684290366,0.00045417236276455,0.014248256321525815,-0.008391750295601826,0.0009119897826908532,-0.00930374007829268,0.019109809791436474,0.0019321796197089918,0.017177630171727482,2018
2018-10-12,2767.13,0.022776415,1084,0.28183925,0.17664285714285716,0.16136491911764705,0.2160355404255319,0.17350379487179488,0.2676336055633418,0.1901249750481543,0.15688462205198034,336,280,235,39,0.10519639285714283,0.07750863051518753,0.04253174555373704,0.015277938025210103,0.03324035299617395,-0.005922538841602318,9.038259920634921e-05,-0.006012921440808667,0.00023487283550703596,0.0004542406365740738,-0.00021936780106703783,-0.03997716171054313,0.0009136769361772477,-0.04089083864672038,-0.014894647645837412,0.0019354419276738442,-0.016830089573511255,2018
2018-10-15,2750.79,0.023016655,903,0.27049541925465836,0.17381491272727273,0.1605909815498155,0.21501395473251028,0.17012094871794872,0.25517978398713687,0.18486665390660706,0.15770952940957494,322,275,243,39,0.09668050652738563,0.0703131300805298,0.04489300601456156,0.013223931177457238,0.027157124497032115,0.021267870038650147,9.133593253968254e-05,0.021176534106110464,0.0018486676883198603,0.00045446425760581983,0.0013942034307140405,-0.04063585320271406,0.0009154858080593337,-0.041551339010773396,-0.01045511326074774,0.0019418323670162476,-0.012396945627763988,2018
2018-10-16,2809.92,0.02295816,902,0.2572554349030471,0.14091987719298246,0.14613229473684208,0.1906301013215859,0.13728620588235294,0.23754566307059066,0.15163487050071187,0.14432568934112833,361,285,227,34,0.11633555771006462,0.0859107925698788,0.05334389543923296,-0.005212417543859621,0.007309181159583539,-0.00025270816079308065,9.110380952380952e-05,-0.00034381197031689017,-0.02494629967454376,0.0004553905387849579,-0.025401690213328717,-0.04635835658567551,0.0009162322508030976,-0.04727458883647861,-0.03931922614810763,0.0019472214174697624,-0.04126644756557739,2018
2018-10-17,2809.21,0.0228730666666666,908,0.25804547091412744,0.1405439,0.14641549642857143,0.18943503619909505,0.13661512903225806,0.24060809584304557,0.1496978807378172,0.14372300343495348,361,280,221,31,0.11750157091412744,0.09091021510522837,0.05281990716683699,-0.005871596428571435,0.005974877302863724,-0.014496515061645461,9.07661375661373e-05,-0.0145872811992116,-0.056044423520869746,0.00045627356032690796,-0.056500697081196656,-0.035312809752883256,0.000917103140825773,-0.036229912893709026,-0.028528438441960437,0.0019477713760618943,-0.03047620981802233,2018
2018-10-18,2768.78,0.02284434375,897,0.28078513529411764,0.15693967636363637,0.17130123636363637,0.2201517387755102,0.15434576470588235,0.2640538497049469,0.16598992955942857,0.17114261232900188,340,275,245,34,0.12384545893048127,0.09806392014551832,0.06580597406962785,-0.014361559999999995,-0.0051526827695733135,-0.00036123513910236955,9.065215773809524e-05,-0.0004518872968404648,-0.023094178979892237,0.0004578174199263032,-0.02355199639981854,-0.010313842187332962,0.0009182322300170052,-0.011232074417349967,-0.011811110865191226,0.0019483045259353707,-0.013759415391126597,2018
2018-10-19,2767.78,0.0228327675,891,0.2769764805970149,0.16237763214285714,0.16306852142857142,0.21356617372881356,0.15875327027027028,0.2585763693417667,0.17381790060344784,0.16063954800534216,335,280,236,37,0.11459884845415777,0.08475846873831885,0.05481290345854328,-0.0006908892857142857,0.01317835259810568,-0.004308743988789517,9.060622023809524e-05,-0.004399350209027612,-0.040212034546050185,0.0004594362996031738,-0.04067147084565336,-0.016289306858337706,0.000919595480442175,-0.01720890233877988,-0.028233022565182064,0.001948762804705212,-0.030181785369887276,2018
2018-10-22,2755.88,0.0232500778571428,724,0.26487073622047247,0.16213936363636364,0.15965426363636365,0.2097301,0.15904243333333332,0.25165364125794853,0.17235835241178715,0.15843480398685023,254,220,190,30,0.10273137258410883,0.07929528884616138,0.050687666666666686,0.00248509999999999,0.013923548424936927,-0.005527097324213361,9.226221371882063e-05,-0.005619359537932181,-0.04248452089103394,0.00046102155045351387,-0.042945542441487454,-0.006395869052519674,0.0009209108616780023,-0.007316779914197676,-0.042242240730701076,0.001949907150374639,-0.04419214788107571,2018
2018-10-23,2740.69,0.0231806814285714,733,0.2776586138211382,0.16318193636363634,0.17836465454545453,0.22465881347150257,0.16074103333333334,0.2660973474820645,0.1729436742998458,0.17589434806929177,246,220,193,30,0.11447667745750187,0.09315367318221868,0.06391778013816923,-0.015182718181818183,-0.002950673769445966,-0.03135083200711912,9.198683106575951e-05,-0.03144281883818488,-0.021412056911131773,0.0004608417120181397,-0.021872898623149912,0.005371055134443243,0.0009227009452947826,0.00444835418914846,-0.03367648896004354,0.0019493968522402336,-0.03562588581228378,2018
2018-10-24,2656.1,0.0232621192857142,730,0.3110690257731959,0.20169203301886793,0.22007059905660378,0.27040192346938774,0.19939379411764707,0.3026655578951039,0.2116433575210772,0.21632091745623813,194,212,196,34,0.10937699275432797,0.0910222003740267,0.07100812935174067,-0.018378566037735855,-0.004677559935160919,0.01845372947933219,9.230999716553255e-05,0.018361419482166658,0.02073161376798651,0.00046082958049886507,0.020270784187487647,0.05770898615735132,0.0009245945861677984,0.05678439157118353,-0.00890212471877952,0.0019493373813407626,-0.010851462100120283,2018
2018-10-25,2705.57,0.0232523014285714,908,0.28776180566801624,0.18721155555555558,0.18779885185185186,0.23671068527918782,0.18446134375,0.27617573064364104,0.1954828014872213,0.18609822733123507,247,216,197,32,0.10055025011246066,0.08069292915641973,0.05224934152918781,-0.0005872962962962802,0.00938457415598623,-0.017479090705260276,9.227103741496587e-05,-0.01757136174267524,0.01278033679255929,0.00046041481009070196,0.012319921982468588,0.03674312168005921,0.0009262106051587282,0.03581691107490048,-0.011942837831330301,0.0019488077789120723,-0.013891645610242373,2018
2018-10-26,2658.69,0.0232322507142857,896,0.31113090740740745,0.19065175,0.22493670754716982,0.269912205,0.18959881818181817,0.30157318567086316,0.1972056061818709,0.22236292845532216,216,212,200,33,0.12047915740740744,0.10436757948899225,0.08031338681818184,-0.034284957547169814,-0.025157322273451244,-0.00658123033377329,9.219147108843531e-05,-0.006673421804861725,0.02392272768771236,0.0004601591808390012,0.02346256850687336,0.04498065079229862,0.0009279187996031726,0.044052731992695444,0.008792648101990189,0.0019524694498304397,0.0068401786521597495,2018
2018-10-29,2641.25,0.0232047585714285,911,0.3095019794520548,0.19996160754716982,0.21775057358490565,0.26409916205533596,0.19705864285714286,0.29952841744849185,0.20821524463986896,0.21491760312728944,292,265,253,42,0.109540371904885,0.09131317280862289,0.0670405191981931,-0.01778896603773583,-0.0067023584874204845,0.015545366655688744,9.208237528344643e-05,0.015453284280405297,0.03608865183851423,0.0004598893112244885,0.03562876252728974,0.0316637443984789,0.0009295735204081612,0.030734170878070743,0.0380878863746477,0.001956529301020916,0.03613135707362679,2018
2018-10-30,2682.63,0.0231776242857142,924,0.29410467477203645,0.19819276296296295,0.19864883703703703,0.2431344262295082,0.1948687619047619,0.2828858547142104,0.20544096038918494,0.19762896863456217,329,270,244,42,0.09591191180907349,0.07744489432502547,0.0482656643247463,-0.00045607407407408096,0.007811991754622771,0.010792838671999127,9.197469954648492e-05,0.010700863972452642,0.026783112045575142,0.00046185923327664286,0.0263212528122985,0.014635373286277648,0.0009342641836734675,0.01370110910260418,0.02034241119770513,0.001960342486961959,0.018382068710743174,2018
2018-10-31,2711.74,0.0231575971428571,943,0.2823663607954546,0.1833890296296296,0.1860948,0.22745518859649122,0.180996075,0.26667011910372623,0.19045125391760787,0.18430287282474042,352,270,228,40,0.09897733116582497,0.07621886518611837,0.046459113596491214,-0.0027057703703703972,0.006148381092867444,0.010502452503904892,9.189522675736945e-05,0.010410557277147523,0.036977372389364736,0.00046376500566893336,0.0365136073836958,-0.0037537082344313443,0.0009390144671201797,-0.004692722701551524,0.017701776759294796,0.001964446640873524,0.015737330118421274,2018
2018-11-01,2740.37,0.0231878828571428,1084,0.27209088268156423,0.15916951636363635,0.17953749454545453,0.2146436712962963,0.15813602857142856,0.25371426614121845,0.16625429412174547,0.1783602163332748,358,275,216,35,0.11292136631792787,0.08745997201947298,0.056507642724867746,-0.02036797818181818,-0.01210592221152934,-0.006336699810107039,9.201540816326509e-05,-0.006428715218270304,0.023962784887500036,0.0004657957950680262,0.02349698909243201,-0.003718081192982005,0.0009387730084787519,-0.004656854201460757,0.01808125574821828,0.0019684244583338412,0.016112831289884437,2018
2018-11-02,2723.06,0.0231642435714285,1082,0.27507669121813033,0.1626553037037037,0.1859777185185185,0.2202673534883721,0.16250569696969697,0.25879045660060984,0.1699517101632813,0.18422457009985707,353,270,215,33,0.11242138751442662,0.08883874643732853,0.057761656518675125,-0.023322414814814785,-0.01427285993657576,0.005584693817028391,9.192160147392262e-05,0.005492772215554468,0.021057923104586134,0.00046775961876417146,0.020590163485821964,0.004839431132248767,0.0009380568877551004,0.003901374244493666,-0.008482252984019533,0.0019723910002839547,-0.010454643984303489,2018
2018-11-05,2738.31,0.0237011789285714,888,0.2686683323782235,0.16710586181818182,0.17881400363636363,0.21740954782608696,0.16626357894736843,0.2536710260102697,0.17429058280585347,0.17769866509586746,349,275,230,38,0.1015624705600417,0.07938044320441623,0.05114596887871853,-0.011708141818181805,-0.0034080822900139918,0.006239826862749526,9.405229733560079e-05,0.006145774565413925,-0.004424907440035359,0.00046968420918367266,-0.004894591649219032,-0.01752840952387299,0.0009372457227891143,-0.0184656552466621,-0.015590294902627547,0.0019764503185946123,-0.01756674522122216,2018
2018-11-06,2755.45,0.0236578789285714,891,0.2716927242339833,0.16540868864468863,0.1767368315018315,0.21512114847161573,0.16314902702702705,0.2567815868277307,0.17096667794871764,0.1764478393391285,359,273,229,37,0.10628403558929464,0.08581490887901308,0.05197212144458868,-0.01132814285714287,-0.005481161390410855,0.02098709901578878,9.38804719387754e-05,0.020893218543850005,-0.012147738759297566,0.0004724049503968246,-0.01262014370969439,-0.04208619854093096,0.0009349439913610357,-0.043021142532291994,-0.045426505003933054,0.0019785850337306664,-0.04740509003766372,2018
2018-11-07,2813.89,0.0236693560714285,895,0.24794715104166667,0.13870118939393938,0.14939147727272725,0.17952470707070708,0.1354389375,0.23112898742115892,0.1446940706824595,0.1475733096115891,384,264,198,32,0.10924596164772729,0.08643491673869941,0.04408576957070709,-0.010690287878787869,-0.002879238929129585,-0.002512134997959903,9.392601615646231e-05,-0.0026060610141163654,-0.04073108062379615,0.00047524946145124637,-0.0412063300852474,-0.060034643110275766,0.0009328154350066758,-0.06096745854528244,-0.06465296001933679,0.001980292178005043,-0.06663325219734184,2018
2018-11-08,2806.83,0.0236827664285714,1078,0.2543282239583333,0.1358674,0.15037225714285715,0.18321002525252525,0.13419433333333333,0.23618266835513355,0.1429482053707695,0.14864901108159032,384,280,198,30,0.11846082395833332,0.09323446298436405,0.04901569191919192,-0.014504857142857153,-0.005700805710820822,-0.00924156159302086,9.397923185941032e-05,-0.009335540824880272,-0.027680866080481956,0.0004729772134107258,-0.028153843293892682,-0.06409897587817094,0.000930816779016502,-0.06502979265718745,-0.06249725691442888,0.001985798894274884,-0.06448305580870377,2018
2018-11-09,2781.01,0.0236492403571428,1068,0.25557485026737964,0.14975618214285713,0.14642947857142857,0.18722813567839194,0.14722793939393938,0.2366343983679391,0.15757281812339738,0.14606630767712123,374,280,199,33,0.10581866812452251,0.07906158024454171,0.04000019628445256,0.0033267035714285575,0.011506510446276152,-0.0198981367275931,9.384619189342381e-05,-0.019991982919486524,-0.01621849197233754,0.0004702972689909289,-0.016688789241328467,-0.03944439791836873,0.0009286179418939337,-0.04037301586026266,-0.04785083898578263,0.0019913960286286254,-0.049842235014411256,2018
2018-11-12,2726.22,0.0243868057142857,865,0.27501469254658384,0.1702046909090909,0.18087301818181817,0.2237248776371308,0.16816735897435897,0.25839809616078835,0.17898248864337388,0.17968468008875307,322,275,237,39,0.10481000163749293,0.07941560751741447,0.05555751866277184,-0.010668327272727263,-0.0007021914453791966,-0.0014830044565126614,9.677303854875278e-05,-0.0015797774950614143,-0.01310350208383765,0.00046756151360544167,-0.013571063597443091,-0.016289865962715446,0.0009307044583338432,-0.01722057042104929,-0.028152641522588756,0.0019926963843542493,-0.030145337906943005,2018
2018-11-13,2722.18,0.0243746957142857,886,0.2723232530120482,0.17281141111111112,0.1754391925925926,0.21881683690987125,0.17059733333333332,0.25634037625726325,0.18097145661616562,0.17352848854887135,332,270,233,39,0.09951184190093706,0.07536891964109763,0.048219503576537925,-0.0026277814814814893,0.0074429680672942755,-0.007596242848709706,9.672498299319722e-05,-0.007692967831702904,-0.02993845978163343,0.0004625390409642111,-0.03040099882259764,0.007907146432681296,0.000930182742064002,0.0069769636906172935,-0.04594081581680391,0.0019919342882658135,-0.04793275010506973,2018
2018-11-14,2701.58,0.0230967495652173,890,0.27636887187500003,0.18382794074074074,0.18223366666666668,0.22459272246696035,0.1817042,0.26061252243427535,0.18934811458514397,0.18136239733356227,320,270,227,40,0.09254093113425929,0.07126440784913138,0.042888522466960344,0.001594274074074059,0.007985717251581703,0.010538079545354202,9.165376811594167e-05,0.01044642577723826,-0.01930356248647966,0.0004575659735554294,-0.01976112846003509,0.01330328076013725,0.0009293533202952945,0.012373927439841956,-0.059336853562495906,0.0019909928502461613,-0.06132784641274207,2018
2018-11-15,2730.2,0.0230074204347826,896,0.27556530205278595,0.16400413818181817,0.18645614181818182,0.22155402212389383,0.16294821621621622,0.2600343914210836,0.16976704323456598,0.1853396470933719,341,275,226,37,0.11156116387096779,0.0902673481865176,0.05860580590767761,-0.022452003636363654,-0.015572603858805906,0.002220812515123669,9.129928743961349e-05,0.0021295132276840556,-0.03641810979768896,0.00045783956560577617,-0.03687594936329474,0.010917405448371897,0.0009337784056374024,0.009983627042734495,-0.06978852474975157,0.001996902084200613,-0.07178542683395218,2018
2018-11-16,2736.27,0.02295983,883,0.26140231791907514,0.16463596,0.16326770181818182,0.2011875311004785,0.16191394594594594,0.2437723277208335,0.17147670783837599,0.16187806982070885,346,275,209,37,0.09676635791907515,0.0722956198824575,0.03927358515453255,0.0013682581818181827,0.009598638017667138,-0.016783146839093228,9.111043650793651e-05,-0.016874257275601164,-0.023225905946031234,0.00045832067290300476,-0.02368422661893424,0.019578524426076355,0.0009383521624154758,0.018640172263660878,-0.0875248153780849,0.002003715428434881,-0.08952853080651979,2018
2018-11-19,2690.73,0.0231211426086956,679,0.2662519795918367,0.17702708333333333,0.18308687962962963,0.22065450282485877,0.17534775,0.2529364080777972,0.1833140668032582,0.18219562037469478,245,216,177,32,0.08922489625850338,0.069622341274539,0.04530675282485877,-0.006059796296296299,0.00111844642856343,-0.018317962154308476,9.175056590752223e-05,-0.018409712720216,-0.0031863638788777416,0.0004631429447284016,-0.003649506823606143,0.0034614627228248232,0.0009432236760209179,0.002518239046803905,-0.08663946194208867,0.002010789852093233,-0.0886502517941819,2018
2018-11-20,2641.89,0.0231214827272727,686,0.2799233944954128,0.19861684905660376,0.19618170283018868,0.23538266857142856,0.19566121212121212,0.2670089713663635,0.2054410313312052,0.19394351841941318,218,212,175,33,0.08130654543880905,0.06156794003515828,0.039721456450216436,0.0024351462264150803,0.011497512911792018,0.003038654446444182,9.175191558441548e-05,0.0029469025308597667,0.03784560621431486,0.00046764370109979086,0.03737796251321507,0.020256076775553855,0.0009474540298979757,0.01930862274565588,-0.08912470044126328,0.002018256022296822,-0.0911429564635601,2018
2018-11-21,2649.93,0.0231656947619047,841,0.270062873015873,0.18670971226415095,0.17607491509433965,0.2166954269005848,0.18348393333333332,0.253188233528838,0.19313080343018574,0.1741732759345209,252,212,171,30,0.08335316075172206,0.060057430098652276,0.03321149356725148,0.010634797169811305,0.018957527495664844,-0.006576467765855121,9.192736016628849e-05,-0.00666839512602141,0.03260684324661691,0.00047178734673986505,0.032135055899877044,-0.006378960909446267,0.0009518891267852155,-0.007330850036231482,-0.11964992081011493,0.0020257543719588555,-0.12167567518207378,2018
2018-11-23,2632.56,0.0231286594736842,844,0.276017925,0.18885221634615385,0.18923147115384614,0.22640694674556214,0.18631993548387096,0.2596715555083032,0.19516734689943066,0.18743191541481785,240,208,169,31,0.08716570865384615,0.06450420860887252,0.040087011261691174,-0.00037925480769229747,0.007735431484612809,0.015413016366781477,9.178039473684205e-05,0.015321235972044635,0.04733551524606079,0.0004759388400316262,0.04685957640602917,0.0019581508567940976,0.0009555493828320785,0.001002601473962019,-0.06467021405015036,0.0020351805322007302,-0.06670539458235109,2018
2018-11-26,2673.45,0.0241750425,683,0.2510622175572519,0.1679648878504673,0.16829531308411216,0.20378771264367818,0.16495989655172413,0.23700175472767926,0.17433666828018887,0.16580192727285745,262,214,174,29,0.0830973297067846,0.06266508644749039,0.03882781609195404,-0.0003304252336448765,0.008534741007331426,0.003256395228060269,9.593270833333333e-05,0.0031604625197269357,0.042804430372107634,0.00048003148951247104,0.04232439888259516,-0.013811297403039349,0.0009632017205215401,-0.014774499123560889,-0.07155705262526274,0.0020448394424525495,-0.0736018920677153,2018
2018-11-27,2682.17,0.0242553332142857,683,0.25120273880597016,0.16802868224299064,0.17013916355140188,0.20405631976744187,0.16553087096774194,0.23629853837984877,0.17322641411060638,0.1685881716963642,268,214,172,31,0.08317405656297952,0.06307212426924239,0.038525448799699935,-0.0021104813084112384,0.004638242414242183,0.02271400793888423,9.625132227891151e-05,0.022617756616605318,0.0066478266017026486,0.00048008073129251626,0.0061677458704101325,-0.011662836295474198,0.0009668453784013583,-0.012629681673875556,-0.07605576644464417,0.0020502224744820283,-0.07810598891912619,2018
2018-11-28,2743.79,0.0241656814285714,690,0.24784910204081634,0.16474744976076555,0.16409827272727273,0.1951071017964072,0.1609769642857143,0.23183095080907537,0.16967931499604802,0.16188737336864112,294,209,167,28,0.08310165228005079,0.06215163581302735,0.03413013751069288,0.0006491770334928204,0.007791941627406901,-0.0022001085212538245,9.589556122448968e-05,-0.002296004082478314,-0.01758952943876094,0.00047981032879818486,-0.018069339767559124,-0.034576783498757604,0.0009657406037414944,-0.0355425241024991,-0.09031319140574098,0.0020550917168289666,-0.09236828312256995,2018
2018-11-29,2737.76,0.0242118710714285,702,0.2574325482758621,0.1697009675925926,0.16781312962962963,0.20426087861271675,0.1667581,0.24093396824896085,0.17527824399450265,0.16633785852238636,290,216,173,30,0.0877315806832695,0.0656557242544582,0.03750277861271675,0.0018878379629629627,0.008940385472116286,0.008152204233588811,9.60788534580496e-05,0.008056125380130761,-0.0389858041560631,0.0004801017800453504,-0.03946590593610845,-0.0516478537282314,0.0009658559849773222,-0.05261370971320872,-0.08684536253802257,0.002059753224765475,-0.08890511576278805,2018
2018-11-30,2760.17,0.0241600071428571,695,0.25732965562913906,0.16029810091743119,0.16958979357798162,0.20219736094674556,0.15862792857142857,0.2397016219108584,0.1660465108078949,0.16708627425964753,302,218,169,28,0.09703155471170788,0.0736551111029635,0.04356943237531699,-0.009291692660550438,-0.0010397634517526344,0.010881931492828126,9.58730442176869e-05,0.01078605844861044,-0.045377364389266796,0.00047961054280045237,-0.04585697493206725,-0.08079233855622205,0.0009655606764928175,-0.08175789923271487,-0.12006584303514661,0.0020641616944366767,-0.1221300047295833,2018
2018-12-03,2790.37,0.0241874514285714,700,0.24777854193548385,0.14422305504587155,0.14656627064220185,0.17753800675675677,0.14115646153846154,0.22262185722808722,0.1501124941019498,0.14745820189206763,310,218,148,26,0.1035554868896123,0.07250936312613743,0.03638154521829523,-0.0023432155963303003,0.0026542922098821697,-0.03290020854234479,9.598195011337857e-05,-0.032996190492458166,-0.05661572777514703,0.000483170231009069,-0.0570988980061561,-0.09158786169095177,0.0009672506343455238,-0.0925551123252973,-0.09718839620924596,0.0020685971196067444,-0.09925699332885271,2018
2018-12-04,2700.06,0.0241871917857142,704,0.28095392446043166,0.1860849675925926,0.18121083333333332,0.2229223142857143,0.18400525806451615,0.26424643839099377,0.1944077525222461,0.1785818075150795,278,216,175,31,0.09486895686783905,0.06983868586874767,0.03891705622119815,0.004874134259259283,0.01582594500716661,-0.0015233481015795478,9.598091978458015e-05,-0.001619329021364128,-0.018310662897176887,0.0004867646471088421,-0.01879742754428573,-0.07420313126181667,0.0009693813159060267,-0.0751725125777227,-0.057302211832776326,0.002073071434799488,-0.05937528326757582,2018
2018-12-06,2695.95,0.0242391271428571,860,0.28726381268882173,0.18240975185185185,0.19239803703703703,0.23332846320346318,0.18098502564102564,0.2693132837470889,0.1898729838265636,0.19060830440375787,331,270,231,39,0.10485406083696988,0.07944029992052531,0.052343437562437534,-0.009988285185185186,-0.0007353205771942761,-0.023596383238556007,9.618701247165516e-05,-0.023692570251027664,-0.016987254059996612,0.0004859302749433096,-0.017473184334939922,-0.08857757656333402,0.000971585256287735,-0.08954916181962176,-0.04613026523533017,0.0020793486295273794,-0.048209613864857545,2018
2018-12-07,2633.08,0.0240880792857142,838,0.30216356747404843,0.21400906923076923,0.20791446923076923,0.25249355947136565,0.21032675555555555,0.286688512939978,0.21740737530004978,0.20719427240131677,289,260,227,45,0.0881544982432792,0.06928113763992821,0.0421668039158101,0.006094600000000006,0.010213102898733006,0.0017606440003852311,9.55876162131516e-05,0.0016650563841720796,-0.012662049572168262,0.00048575420493197186,-0.013147803777100234,-0.08578439397826117,0.0009746149799271909,-0.08675900895818836,-0.01844422969260381,0.0020853735127473343,-0.020529603205351146,2018
2018-12-10,2637.72,0.0250570485714285,699,0.2866701411290323,0.2074246346153846,0.19543394230769232,0.23792040782122906,0.20423380555555556,0.27232548964801384,0.21430790648313122,0.19225371523995138,248,208,179,36,0.07924550651364767,0.05801758316488262,0.03368660226567349,0.011990692307692286,0.022054191243179838,-0.0003564318930519869,9.943273242630357e-05,-0.00045586462547829047,-0.035414974166955195,0.0004859501336923651,-0.03590092430064756,-0.11503160390105391,0.0009782776289604886,-0.1160098815300144,-0.015696606060410692,0.0020896402219310077,-0.0177862462823417,2018
2018-12-11,2636.78,0.0250932442857142,699,0.2841583815261044,0.1999074386792453,0.19454807075471697,0.23437752272727275,0.19683958823529413,0.2694620337717248,0.20648300242286116,0.19192874618976183,249,212,176,34,0.0842509428468591,0.06297903134886362,0.03753793449197862,0.005359367924528319,0.014554256233099333,0.005404856335625491,9.957636621315158e-05,0.00530527996941234,-0.03497213391580472,0.0004840804033364548,-0.03545621431914117,-0.06627193301389234,0.000980198416942348,-0.06725213143083468,-0.01548652784283018,0.0020896843347427987,-0.017576212177572978,2018
2018-12-12,2651.07,0.02397693,701,0.27805231517509726,0.19859135377358492,0.18388318867924527,0.22473739181286548,0.195447875,0.2613342200640831,0.2043591062879931,0.18102281834176442,257,212,171,32,0.07946096140151235,0.05697511377608999,0.029289516812865485,0.014708165094339642,0.023336287946228662,-0.0001999392643992198,9.514654761904762e-05,-0.0002950858120182674,-0.055892468364639784,0.0004826166687971846,-0.05637508503343697,-0.06315061155784892,0.0009820613557178584,-0.06413267291356678,-0.026162816598591664,0.002089266239032293,-0.028252082837623958,2018
2018-12-13,2650.54,0.0241947575,839,0.2704269392971246,0.18493545283018867,0.1849011245283019,0.22072733179723503,0.1828764358974359,0.251607198201423,0.18828937157149206,0.18381293592472467,313,265,217,39,0.08549148646693591,0.06331782662993096,0.03785089589979912,3.432830188676572e-05,0.0044764356467673905,-0.019271178750727643,9.601094246031747e-05,-0.019367189693187962,-0.07159032250333748,0.0004856549813444254,-0.0720759774846819,-0.06419299088477083,0.0009882305484616221,-0.06518122143323245,-0.015298235566068085,0.0020938703858576894,-0.017392105951925776,2018
2018-12-14,2599.95,0.0241374533333333,831,0.2753446875,0.19863727307692308,0.19417117307692308,0.22833002487562187,0.19552914999999998,0.2613125029703237,0.20473850802481605,0.19126510792002008,272,260,201,40,0.07670741442307694,0.05657399494550766,0.03280087487562189,0.004466100000000001,0.013473400104795974,-0.020992280594401735,9.578354497354485e-05,-0.02108806413937528,-0.07312234440609297,0.0004888607749952191,-0.07361120518108819,-0.036465229156255774,0.0009933401706271549,-0.03745856932688293,0.006192445090748068,0.0020974230793100704,0.004095022011437998,2018
2018-12-17,2545.94,0.0245858765217391,645,0.29310275568181815,0.21884166666666668,0.21493132843137253,0.2526360240963855,0.21603697142857142,0.28169875633133007,0.22389577738316827,0.21163570161866596,176,204,166,35,0.07426108901515147,0.057802978948161804,0.0365990526678141,0.0039103382352941585,0.012260075764502304,8.640835809843542e-05,9.756300207039326e-05,-1.115464397195784e-05,-0.07961662973409864,0.0004923274952681235,-0.08010895722936676,-0.014205228215389418,0.0009981136948146075,-0.015203341910204025,0.03474750853940814,0.0021012518756063667,0.032646256663801776,2018
2018-12-18,2546.16,0.0247243831818181,716,0.3018254957627119,0.22654895588235294,0.21651738725490197,0.25659426486486486,0.22256562162162163,0.2876902473336445,0.2301394654830835,0.2144473929789376,236,204,185,37,0.07527653988035896,0.057550781850561006,0.03402864324324323,0.01003156862745097,0.015692072504145893,-0.015515478113209684,9.811263167388136e-05,-0.015613590744883565,-0.03129979909808765,0.0004961180136058932,-0.03179591711169354,-0.039359912837023114,0.0010010380158734658,-0.04036095085289658,0.047758012828346505,0.002102855361631211,0.04565515746671529,2018
2018-12-19,2506.96,0.0247425847619047,712,0.2926070283018868,0.222452285,0.205713285,0.24664504678362573,0.21913625714285714,0.28254526696226334,0.22781974879894984,0.2036297327512233,212,200,171,35,0.07015474330188678,0.0547255181633135,0.027508789640768583,0.016739000000000004,0.024190016047726526,-0.01589779340309688,9.818486016628849e-05,-0.01599597826326317,-0.0072581431932091664,0.0004994446869206738,-0.00775758788012984,0.009914943594915423,0.0010032338535873393,0.008911709741328084,0.049015036578079305,0.002103822336438811,0.04691121424164049,2018
2018-12-20,2467.42,0.0250026175,1009,0.3358511380952381,0.23075341500000002,0.24979085,0.29200729255319147,0.22825710810810812,0.3251715102251226,0.23557445328568366,0.24804985241813104,210,200,188,37,0.10509772309523807,0.08959705693943892,0.06375018444508335,-0.01903743499999999,-0.012475399132447385,-0.020803200653483116,9.921673611111112e-05,-0.020902417389594228,0.007397331618566585,0.0005025755671171969,0.006894756051449388,0.03279871283213711,0.001005505258727173,0.031793207573409935,0.06711330131448515,0.0021068001066580095,0.06500650120782714,2018
2018-12-21,2416.62,0.0250110668421052,1015,0.3431006071428572,0.259000703125,0.25162331770833335,0.3033697659574468,0.25487805405405406,0.3368053307899855,0.26351895868469627,0.24884291350683405,196,192,188,37,0.08409990401785716,0.07328637210528921,0.04849171190339274,0.00737738541666666,0.014676045177862224,-0.02748656592240741,9.925026524644921e-05,-0.027585816187653857,0.03665711524983729,0.0005044793956319358,0.03615263585420535,0.06325051198148691,0.0010085466371285332,0.06224196534435838,0.08929123400762398,0.002108298384719234,0.08718293562290474,2018
2018-12-24,2351.1,0.0255410871428571,826,0.3744328125,0.30585926241134753,0.28868711347517734,0.34867031125827813,0.300277625,0.3709594623254798,0.31345602374339193,0.28528608605014794,128,141,151,32,0.06857355008865246,0.057503438582087896,0.04839268625827814,0.017172148936170195,0.028169937693243996,0.04840323899410944,0.0001013535204081631,0.048301885473701275,0.06541140151870924,0.0005057861995464842,0.06490561531916275,0.09482673020806487,0.001011508267573694,0.09381522194049118,0.12523069353252747,0.002109317113236957,0.12312137641929051,2018
2018-12-26,2467.7,0.0255627048571428,888,0.34618848958333337,0.2519644933333333,0.26417263333333335,0.3101215652173913,0.24934858620689654,0.3384486486740437,0.25871474309193127,0.26002055958073367,192,150,161,29,0.09422399625000005,0.07973390558211241,0.060772979010494776,-0.012208140000000034,-0.0013058164888024026,0.008526177791668824,0.0001014393049886619,0.008424738486680163,-0.008060113738935507,0.0005049200022675726,-0.00856503374120308,0.05093175884653375,0.001010009072562356,0.049921749773971395,0.06894964541730221,0.0021079622719671156,0.06684168314533509,2018
2018-12-27,2488.83,0.0255315665714285,1007,0.3482252015503876,0.24817948888888888,0.2770263111111111,0.3177375603448276,0.2453588285714286,0.3403789483474848,0.25159448650793714,0.2748727173242113,258,180,232,35,0.10004571266149873,0.08878446183954763,0.07237873177339899,-0.028846822222222207,-0.02327823081627417,-0.001242318591321125,0.0001013157403628115,-0.0013436343316839364,0.017173086788124507,0.0005037891666666654,0.016669297621457843,0.042259227379393326,0.0010080466128117888,0.04125118076658154,0.05896619662765488,0.0021061701665249393,0.05686002646112994,2018
2018-12-28,2485.74,0.0254823822857142,1036,0.334633427480916,0.24583615555555557,0.2535520111111111,0.29938529357798166,0.24189828125,0.3230733844854861,0.2504360548037416,0.25202727104597383,262,180,218,32,0.08879727192536044,0.07263732968174452,0.057487012327981646,-0.007715855555555512,-0.0015912162422322407,0.008456582977787399,0.00010112056462585,0.00835546241316155,0.02540138121357046,0.0005029296916099762,0.024898451521960484,0.03823011355057832,0.0010058891429516226,0.037224224407626696,0.07563810689822213,0.0021044816427154152,0.07353362525550672,2018
2018-12-31,2506.85,0.0253403814285714,1031,0.32716267158671586,0.20299426136363638,0.25897163068181817,0.2899847313432836,0.20272895999999999,0.31469264373990435,0.2063281771388107,0.25726700362731614,271,176,201,25,0.12416841022307948,0.10836446660109367,0.08725577134328363,-0.055977369318181786,-0.05093882648850545,0.0012677203464647186,0.00010055706916099761,0.001167163277303721,0.026593396731649906,0.0005040672414965976,0.026089329490153308,0.04043817234091523,0.0010045192727702172,0.03943365306814501,0.07574215482837561,0.0021031858711734654,0.07363896895720215,2018
2019-01-02,2510.03,0.0253228054285714,1041,0.3031144870848708,0.19705810837438423,0.2152022512315271,0.25361337288135594,0.19527183333333334,0.2892102026509067,0.20251248700465316,0.21389638849270093,271,203,177,30,0.10605637871048659,0.08669771564625353,0.0583415395480226,-0.01814414285714286,-0.01138390148804777,-0.025068276263535243,0.00010048732312925159,-0.025168763586664495,0.029415328689355518,0.0005057220680272098,0.02890960662132831,0.04138995390053922,0.0010035258395219178,0.040386428061017304,0.07537266635634397,0.002102412118338998,0.07327025423800497,2019
2019-01-03,2447.89,0.0252777342857142,1129,0.30928391467576793,0.2299601836734694,0.22303102857142856,0.2658926081081081,0.22717065217391302,0.2984988686633855,0.23656536975625536,0.22205515871512574,293,245,222,46,0.07932373100229853,0.061933498907130125,0.038721955934195085,0.00692915510204084,0.014510211041129623,0.03375937831872888,0.00010030846938775475,0.033659069849341125,0.058991872585469306,0.0005050890702947834,0.05848678351517452,0.07402101301833278,0.0010026508576625075,0.07301836216067027,0.107194291555236,0.00210154038194444,0.10509275117329156,2019
2019-01-04,2531.94,0.0253149788571428,1134,0.280693386627907,0.19015073170731706,0.19813699999999998,0.23263679425837322,0.18760273684210527,0.2636698128528947,0.19602307714629205,0.19617109004937958,344,246,209,38,0.09054265492058994,0.06764673570660265,0.04503405741626795,-0.007986268292682924,-0.00014801290308752435,0.006985975834124729,0.00010045626530612222,0.0068855195688186065,0.025086140591268635,0.0005042574461451234,0.024581883145123513,0.05335854734664076,0.0010015088763699904,0.05235703847027077,0.07813234451595008,0.00210178975269274,0.07603055476325735,2019
2019-01-07,2549.69,0.0257690448571428,950,0.2781515935251799,0.1902488514851485,0.19197225247524755,0.22985239411764707,0.18740651612903225,0.26161772502249997,0.19684196054714845,0.19001135698234553,278,202,170,31,0.08790274204003137,0.06477576447535152,0.04244587798861482,-0.0017234009900990443,0.006830603564802917,0.009648598495866724,0.00010225811451247143,0.009546340381354252,0.012828732337007777,0.0005029594513416465,0.01232577288566613,0.032114117149039126,0.0010001322175453495,0.031113984931493775,0.06891939580338217,0.00210188367162698,0.0668175121317552,2019
2019-01-08,2574.41,0.0257573977142857,949,0.27741874137931033,0.17743735532994925,0.18711831472081217,0.22411744047619048,0.17427456666666666,0.2574808009967408,0.18462696491280478,0.18489198825350017,290,197,168,30,0.09998138604936108,0.07285383608393603,0.04984287380952382,-0.009680959390862914,-0.0002650233406953917,0.004089652304170427,0.00010221189569160993,0.003987440408478817,0.013844775609265527,0.0005004520312736195,0.013344323577991908,0.02466598998648116,0.0009990367334183653,0.023666953253062794,0.049869625386706105,0.002100179919359406,0.0477694454673467,2019
2019-01-09,2584.96,0.0251632899999999,959,0.27585428571428566,0.17343038860103627,0.182547518134715,0.2190423780487805,0.16982910344827584,0.25681380034198104,0.17919007866567022,0.1815049014788281,294,193,164,29,0.1024238971132494,0.07762372167631082,0.04921327460050465,-0.009117129533678742,-0.0023148228131578963,0.004508267632578381,9.9854325396825e-05,0.004408413307181556,0.011974625211183646,0.000497803771494708,0.011476821439688938,0.021951069721966567,0.0009975398518990907,0.020953529870067475,0.046456006969082364,0.002098099596797048,0.044357907372285316,2019
2019-01-10,2596.64,0.0250681649999999,1117,0.2699756733524355,0.16885611923076924,0.17695196923076922,0.21494759134615385,0.1665066666666667,0.2518813447838756,0.1764281074390886,0.17515414453301886,349,260,208,36,0.10111955412166626,0.07545323734478698,0.04844092467948716,-0.008095849999999988,0.0012739629060697366,-0.0001463536754715011,9.947684523809484e-05,-0.00024583052070959593,0.015029140432863469,0.0004975617873677243,0.014531578645495745,0.02589569569188427,0.0009979545202664381,0.024897741171617832,0.04265652984475903,0.0020981315228174565,0.04055839832194157,2019
2019-01-11,2596.26,0.0249878841666666,1114,0.26196769340974213,0.15484431538461538,0.16898824615384614,0.20383042424242423,0.1530784193548387,0.2412514391479578,0.16168766786027117,0.16683271136291902,349,260,198,31,0.10712337802512675,0.07956377128768663,0.05075200488758552,-0.014143930769230761,-0.005145043502647856,-0.005271432420136155,9.915827050264523e-05,-0.0053705906906388,0.028272406755372046,0.0004972514302248671,0.02777515532514718,0.01816424024623995,0.000998476354166665,0.017165763892073284,0.055610761558066386,0.002100185493905892,0.053510576064160494,2019
2019-01-14,2582.61,0.025137175,921,0.2613177706766917,0.1605764519230769,0.16548082692307692,0.20464737423312884,0.15757352,0.2430921848552868,0.1693227110737065,0.1621603007077616,266,208,163,25,0.1007413187536148,0.0737694737815803,0.04707385423312885,-0.004904375000000016,0.0071624103659448934,0.0106646417681244,9.975069444444445e-05,0.010564891073679956,0.019285384812031323,0.0004971727662037032,0.01878821204582762,0.021978401668397745,0.0009989652832105046,0.02097943638518724,0.06390160781432037,0.0021028901599111833,0.06179871765440919,2019
2019-01-15,2610.3,0.02509003625,920,0.2634316811594203,0.1486098238095238,0.16263269047619047,0.20096776829268292,0.14451842307692309,0.24665995594858167,0.1567700778815,0.1609397209430605,276,210,164,26,0.11482185734989647,0.08988987806708168,0.05644934521575984,-0.014022866666666661,-0.004169643061560507,0.002219501906088628,9.956363591269842e-05,0.00211993827017593,0.010821214377215782,0.000498584702144746,0.010322629675071035,0.02674335157951937,0.0009988418053193482,0.02574450977420002,0.05058182041749907,0.0021025193048469348,0.04847930111265213,2019
2019-01-16,2616.1,0.02510231,937,0.2677237224199288,0.1496984368932039,0.15892708252427185,0.19958838036809814,0.14508956,0.2471682676605515,0.15806534400334443,0.15619923969144536,281,206,163,25,0.11802528552672492,0.08910292365720707,0.05449882036809814,-0.009228645631067955,0.0018661043118990694,0.007562782854258203,9.961234126984127e-05,0.007463170512988362,0.009976444510782735,0.000499736080404383,0.009476708430378351,0.033084480581371804,0.0009991029624905495,0.03208537761888126,0.059182280879216634,0.002101952454648522,0.05708032842456811,2019
2019-01-17,2635.96,0.0249899549999999,955,0.26703129065743947,0.14430095192307693,0.15671665384615385,0.19337220253164555,0.13974272727272727,0.24895407379143245,0.14979015490776687,0.15510375160970827,289,208,158,22,0.12273033873436254,0.09916391888366557,0.053629475258918285,-0.012415701923076922,-0.005313596701941398,0.013096912647036883,9.91664880952377e-05,0.012997746158941646,0.010866555259020803,0.0005003927328987139,0.010366162526122089,0.02641992960154656,0.0009992739375472388,0.02542065566399932,0.05311715102226606,0.002101183883219951,0.05101596713904611,2019
2019-01-18,2670.71,0.0249680608333333,970,0.2667713233333333,0.13964847596153845,0.15869470673076924,0.19033827096774192,0.13544995454545455,0.24682505254239526,0.14533122901727347,0.15542137631704472,300,208,155,22,0.12712284737179486,0.10149382352512179,0.054888316422287364,-0.019046230769230788,-0.010090147299771257,-0.014258454363476867,9.907960648148135e-05,-0.014357533969958348,-0.010108166509132111,0.000501224923941798,-0.01060939143307391,0.020076365889866186,0.0009997230361866948,0.019076642853679493,0.041795792983517224,0.002102090969387752,0.03969370201412947,2019
2019-01-22,2632.9,0.0254929828571428,807,0.2878637440758294,0.15651776923076924,0.1887383782051282,0.22977679710144927,0.15460942105263156,0.2755693942663601,0.1638699219769575,0.18707166128828345,211,156,138,19,0.13134597484506014,0.11169947228940263,0.07516737604881771,-0.032220608974358966,-0.023201739311325964,0.002200471333308696,0.00010116263038548729,0.0020993087029232086,0.0026930168563663328,0.0005017925170068016,0.0021912243393595312,0.039032251532786146,0.0010012012698412678,0.03803105026294488,0.05252160271828018,0.0021029142285525285,0.05041868848972765,2019
2019-01-23,2638.7,0.0253801835714285,803,0.2768194103773585,0.1610497924528302,0.1756476603773585,0.21751153488372094,0.1588876,0.2610414383359436,0.17008860526023084,0.1725824256105112,212,159,129,20,0.11576961792452833,0.09095283307571278,0.058623934883720946,-0.014597867924528302,-0.002493820350280368,0.0013747320396555432,0.00010071501417233532,0.001274017025483208,0.015922137202303597,0.000500257103174602,0.015421880099128996,0.034604807321034076,0.0010005888236961434,0.03360421849733793,0.05671175582314565,0.002101853474584275,0.054609902348561376,2019
2019-01-24,2642.33,0.0252677864285714,946,0.2642660147601476,0.15383600966183575,0.1628014685990338,0.20416581395348837,0.1512303076923077,0.24864061466166462,0.16282239041259206,0.16032041521034818,271,207,172,26,0.11043000509831186,0.08581822424907257,0.05293550626118068,-0.008965458937198051,0.002501975202243878,0.00845289360249617,0.00010026899376417223,0.008352624608731998,0.023108036070588898,0.0004993668820861667,0.022608669188502732,0.02382890336056922,0.0010004281717687056,0.022828475188800514,0.056568061839892304,0.002100913664493572,0.05446714817539873,2019
2019-01-25,2664.76,0.0251996671428571,938,0.2549106534296029,0.14427403349282297,0.16197673684210526,0.19520811801242235,0.14243376923076922,0.2381640437147309,0.15093513379838625,0.1601407866739056,277,209,161,26,0.11063661993677992,0.08722890991634466,0.05277434878165313,-0.017702703349282284,-0.00920565287551936,-0.007877809121115848,9.999867913832182e-05,-0.00797780780025417,0.01555337434252575,0.0004988812046485251,0.015054493137877226,0.016052043644619797,0.001000290751133785,0.015051752893486012,0.04732447193626587,0.002099873536942551,0.04522459839932332,2019
2019-01-28,2643.85,0.0251110942857142,942,0.2663876314285714,0.1568075303030303,0.1730094393939394,0.21089870967741936,0.15556714705882355,0.24828443656508198,0.1659438760548557,0.1704815499545569,350,264,217,34,0.10958010112554112,0.08234056051022628,0.055331562618595814,-0.0162019090909091,-0.0045376738997011945,-0.0014572709979783426,9.964719954648492e-05,-0.0015569181975248275,0.030184532398998275,0.0004984981122448968,0.029686034286753378,0.024638643273990506,0.0010001783234126964,0.02363846495057781,0.05465809063459163,0.0020993954218631863,0.05255869521272844,2019
2019-01-29,2640.0,0.0251060585714285,937,0.26882548554913294,0.1594759471698113,0.17441296981132076,0.21227594883720932,0.15758468571428572,0.25055633266445765,0.1676564325512689,0.17183628540624743,346,265,215,35,0.10934953837932163,0.08289990011318873,0.054691263122923606,-0.014937022641509451,-0.004179852854978516,0.015429591679246102,9.96272165532877e-05,0.015329964462692814,0.036339234676419765,0.0004994087528344663,0.0358398259235853,0.03890379230980486,0.001002061940192742,0.03790173036961212,0.053285815573880416,0.0020990379445389234,0.05118677762934149,2019
2019-01-30,2681.05,0.0251558478571428,929,0.25811117213114754,0.14694987739463602,0.16035147509578543,0.19301523115577887,0.1445929375,0.23659949623848062,0.15406822683235744,0.15812841710286699,366,261,199,32,0.11116129473651151,0.08253126940612318,0.04842229365577888,-0.013401597701149404,-0.0040601902705095505,0.008560630907940894,9.98247930839e-05,0.008460806114856993,0.01868267011873053,0.0005003317205215412,0.01818233839820899,0.026493614466676592,0.001004297660147391,0.025489316806529203,0.04472789787499513,0.0020985077829742977,0.04262939009202083,2019
2019-01-31,2704.1,0.0251453957142857,1110,0.25115352150537634,0.14536346268656716,0.14387014179104476,0.17652685326086956,0.14121151612903227,0.22954956371346244,0.15265982045768028,0.14065805007016896,372,268,184,31,0.10579005881880918,0.07688974325578216,0.03531533713183729,0.0014933208955223987,0.012001770387511324,0.0008982318744328292,9.978331632653057e-05,0.0007984485581062986,0.0007208672899801626,0.0005010612896825389,0.0002198060002976237,0.015277837930038705,0.0010038527064436871,0.014273985223595017,0.032279117692787795,0.0020972425023620526,0.03018187519042574,2019
2019-02-01,2706.53,0.0251031278571428,1117,0.24932758933333332,0.1324671962962963,0.14678936666666664,0.17549456043956044,0.13075739285714286,0.2275742650281461,0.13921508298287907,0.14449594957660858,375,270,182,28,0.11686039303703702,0.08835918204526702,0.04473716758241758,-0.01432217037037034,-0.005280866593729505,0.006753348935356753,9.961558673469365e-05,0.006653733348622059,0.0004986693020940818,0.0005014095464852599,-2.7402443911780754e-06,0.025199568423412064,0.001003066175831442,0.02419650224758062,0.030248768315493665,0.002096743519935749,0.028152024795557916,2019
2019-02-04,2724.87,0.0253405757142857,932,0.23997407650273223,0.12688569003690037,0.14640360516605166,0.17289128125,0.1252384,0.22193214193983682,0.13152806666060798,0.14420412320174592,366,271,192,30,0.11308838646583186,0.09040407527922883,0.04765288125,-0.019517915129151298,-0.012676056541137931,0.004697431279443067,0.00010055784013605437,0.004596873439307012,-0.0055458891250077,0.0005016802111677996,-0.0060475693361755,0.01994387248536293,0.0010022943589380183,0.01894157812642491,0.016949928387639084,0.002096621080876792,0.014853307306762292,2019
2019-02-05,2737.7,0.0253386464285714,942,0.23838649729729733,0.12703799626865672,0.14417720522388058,0.1714366052631579,0.12461589655172414,0.22018902345246535,0.13197563041854726,0.14204684202027723,370,268,190,29,0.1113485010286406,0.08821339303391809,0.04682070871143376,-0.01713920895522386,-0.010071211601729968,-0.0022269728784431774,0.0001005501842403627,-0.00232752306268354,0.002564557633385052,0.0005026531873582757,0.0020619044460267765,0.017021995814207734,0.0010018100930650024,0.01602018572114273,0.004093593219235723,0.0020954331656273585,0.0019981600536083644,2019
2019-02-06,2731.61,0.0253396992857142,933,0.23990134054054055,0.1293676529850746,0.13993348880597015,0.17002741711229946,0.12661789285714287,0.22130737130138264,0.135145050423575,0.13789531744098937,370,268,187,28,0.11053368755546594,0.08616232087780765,0.043409524255156595,-0.010565835820895542,-0.002750267017414376,-0.009401171920809304,0.00010055436224489761,-0.009501726283054202,0.00781094434794613,0.0005039659396258497,0.00730697840832028,0.015716324063937203,0.001001162774470898,0.014715161289466304,0.004186552177840233,0.00209414431642101,0.0020924078614192225,2019
2019-02-07,2706.05,0.0252331564285714,1069,0.2510131740331492,0.13154049259259257,0.1517181074074074,0.18374784615384615,0.13150183333333335,0.23089200855287376,0.13973133373448232,0.14962060572667987,362,270,195,30,0.11947268144055664,0.09116067481839144,0.052246012820512805,-0.020177614814814837,-0.009889271992197551,0.0006760338865466208,0.00010013157312925158,0.0005759023134173692,0.01455697064005838,0.0005027914167611484,0.014054179223297231,0.031508120422920845,0.0010007102886432338,0.030507410134277612,0.028147267039644763,0.002092596498960692,0.026054670540684072,2019
2019-02-08,2707.88,0.0251713353571428,1071,0.24547737396121885,0.12548308518518517,0.14917373703703704,0.17821695161290324,0.12619140740740742,0.22305504630805406,0.13400945095500746,0.14754528427110877,361,270,186,27,0.11999428877603369,0.0890455953530466,0.05202554420549582,-0.023690651851851874,-0.013535833316101309,0.000708790508255086,9.988625141723333e-05,0.0006089042568378526,0.02470089912131805,0.0005016566293461821,0.02419924249197187,0.03206312459277642,0.0010003539195956148,0.031062770673180803,0.030420209427515967,0.002092839755763413,0.028327369671752554,2019
2019-02-11,2709.8,0.0255857657142857,901,0.23782486918604653,0.1368753890909091,0.14426817090909091,0.178083445,0.13536671875,0.22035539838638282,0.144763277008704,0.14268591645041606,344,275,200,32,0.10094948009513743,0.07559212137767882,0.04271672625,-0.007392781818181815,0.002077360558287944,0.012807878037835878,0.00010153081632653055,0.012706347221509347,0.025489761610370466,0.0005006141477702186,0.024989147462600246,0.03056363778339111,0.000999696534391533,0.029563941248999578,0.03663700046630829,0.0020935150633030956,0.03454348540300519,2019
2019-02-12,2744.73,0.02566946,902,0.23459153333333332,0.13025511636363638,0.13918486545454545,0.16904115343915344,0.1276949,0.21789526960694056,0.13669402159230587,0.13720030470562383,360,275,189,30,0.10433641696969695,0.08120124801463469,0.041346253439153435,-0.008929749090909073,-0.0005062831133179624,0.0030194138361176875,0.00010186293650793652,0.002917550899609751,0.014457438180822759,0.0004991569057067266,0.013958281275116032,0.017211569322765123,0.0009976862821239592,0.016213883040641162,0.022960702257868917,0.0020909255035903218,0.020869776754278594,2019
2019-02-13,2753.03,0.0250437195238095,911,0.23590104383561644,0.13269713186813187,0.13808960073260074,0.17004118324607329,0.12953390322580646,0.21695482719872977,0.1397642086848365,0.13578719697124503,365,273,191,31,0.10320391196748457,0.07719061851389328,0.04050728002026682,-0.005392468864468869,0.003977011713591466,-0.002655145628696972,9.937983938019644e-05,-0.0027545254680771685,0.007905379715991234,0.0004971968348450483,0.007408182881146186,0.01136260942795784,0.0009951130678382447,0.010367496360119596,0.02491380779568681,0.0020877450621220673,0.022826062733564745,2019
2019-02-14,2745.73,0.0249471899999999,921,0.24352360833333334,0.14044632363636364,0.13933484727272727,0.17487292783505154,0.1371125,0.22554386809729854,0.14856823037727787,0.13658022708265774,360,275,194,32,0.1030772846969697,0.07697563772002067,0.03776042783505154,0.0011114763636363711,0.011988003294620131,0.010819962367806283,9.899678571428531e-05,0.010720965582091997,0.0169511497828623,0.0004979188718820854,0.016453230910980218,0.02088942903701548,0.0009948302834467103,0.01989459875356877,0.03126806398642083,0.0020868782782974267,0.029181185708123406,2019
2019-02-15,2775.6,0.02490863,922,0.23758462032085564,0.12554725830258304,0.13382547601476014,0.1636458950276243,0.12285713793103449,0.21614119930885214,0.13346726864997044,0.13156168209114621,374,271,181,29,0.11203736201827261,0.0826739306588817,0.040788757096589814,-0.0082782177121771,0.0019055865588242238,0.001497652997307533,9.884376984126985e-05,0.001398809227466263,0.0073622254714585155,0.0004986972902494325,0.006863528181209083,0.006181317394943,0.00099439301020408,0.005186924384738919,0.020317486722329577,0.002087102332817786,0.018230384389511793,2019
2019-02-19,2779.76,0.0252185407142857,739,0.23276663787375415,0.1286405327102804,0.1319245280373832,0.1636803783783784,0.12519478260869565,0.21594241579619078,0.135820041599705,0.12994686944944508,301,214,148,23,0.10412610516347376,0.08012237419648577,0.038485595769682746,-0.003283995327102801,0.0058731721502599255,0.001775554608288014,0.00010007357426303849,0.0016754810340249755,0.00507387617302059,0.0004990823866213143,0.004574793786399275,0.0035515468947739798,0.000994833574263037,0.002556713320510943,0.01587116803319375,0.0020873545622550147,0.013783813470938737,2019
2019-02-20,2784.7,0.0251755221428571,739,0.22762834219269104,0.12200520642201836,0.12605892201834862,0.1565494295774648,0.11888963636363635,0.20879855896378738,0.12943458197181726,0.12496088328238518,301,218,142,22,0.10562313577067269,0.07936397699197012,0.03765979321382844,-0.004053715596330262,0.004473698689432079,-0.0035326446287138233,9.990286564625834e-05,-0.003632547494360082,0.0027541311419425323,0.0004985293764172326,0.0022556017655252997,-0.004769498706011873,0.0009942531476757354,-0.005763751853687608,0.024889663052129245,0.0020824808689443573,0.022807182183184886,2019
2019-02-21,2774.88,0.0252256728571428,999,0.2316250299003322,0.12350958181818182,0.12784966818181817,0.1597226338028169,0.12101890909090908,0.21576474764300516,0.13269362028141837,0.1252714619658332,301,220,142,22,0.10811544808215039,0.08307112736158678,0.03870372471190782,-0.00434008636363635,0.007422158315585181,0.006390624438174243,0.00010010187641723332,0.00629052256175701,0.003457229711966538,0.0004979162329931964,0.0029593134789733413,-0.009395757966258245,0.000993720206916098,-0.010389478173174344,0.00926545344578997,0.0020813249080600038,0.007184128537729967,2019
2019-02-22,2792.67,0.0251433514285714,1004,0.22547200664451827,0.11882800900900901,0.12055435135135134,0.14936744360902257,0.11461742857142858,0.20819476093426748,0.12703760140279155,0.11947319428992462,301,222,133,21,0.10664399763550926,0.08115715953147593,0.03475001503759399,-0.0017263423423423269,0.007564407112866933,0.0012310380564024776,9.977520408163253e-05,0.001131262852320845,0.003938279254153229,0.000496911411564625,0.0034413678425886042,-0.017920396324271084,0.0009928796655328783,-0.01891327598980396,0.0020354038395108565,0.0020801871502726783,-4.478331076182172e-05,2019
2019-02-25,2796.11,0.0250056742857142,1015,0.23617225068870523,0.12559647999999998,0.12208182909090909,0.15688867777777776,0.12090733333333334,0.21677198376362644,0.13365758509212458,0.11918352365232109,363,275,180,27,0.11057577068870525,0.08311439867150186,0.035981344444444424,0.003514650909090894,0.014474061439803496,-0.0007906963011304784,9.922886621315159e-05,-0.00088992516734363,-0.001180908076515624,0.0004956957199546476,-0.0016766037964702717,-0.004591891439678374,0.0009921110062358258,-0.0055840024459142,0.007961470978000195,0.0020803397055447867,0.0058811312724554084,2019
2019-02-26,2793.9,0.0250791821428571,1044,0.23955187150837987,0.12862096785714286,0.1230723799283154,0.16016734065934066,0.1237785,0.2188760895017552,0.1382128431993115,0.12187560552736096,358,280,182,28,0.110930903651237,0.08066324630244368,0.03638884065934066,0.005548587928827453,0.016337237671950555,-0.0005441904227899106,9.952056405895675e-05,-0.0006437109868488673,-0.0015223292782464302,0.0004957511876417226,-0.002018080465888153,-0.0008522188641302372,0.0009932569699546466,-0.0018454758340848837,0.004096968370448571,0.002081012146020977,0.0020159562244275934,2019
2019-02-27,2792.38,0.02502101,1037,0.2415001754874652,0.12415919285714287,0.12447884285714285,0.16095883425414365,0.12039784615384616,0.22000184027590416,0.13497133316613305,0.12252971777639801,359,280,181,26,0.11734098263032232,0.08503050710977111,0.040560988100297485,-0.0003196499999999769,0.012441615389735039,-0.0028295460586895897,9.928972222222222e-05,-0.002928835780911812,-0.007523629847954301,0.0004957237712585028,-0.008019353619212804,0.006617553105707242,0.000994297964852606,0.005623255140854637,0.008224276092642754,0.002081268685136624,0.00614300740750613,2019
2019-02-28,2784.49,0.0249724578571428,1171,0.24670856983240225,0.1258049418181818,0.12403112727272726,0.1631774065934066,0.12194837037037037,0.23044849772841092,0.13788382630306456,0.12110572992430144,358,275,182,27,0.12090362801422044,0.09256467142534636,0.041229036223036225,0.0017738145454545412,0.016778096378763124,0.006871673980360752,9.909705498866192e-05,0.0067725769253720895,-0.01285298767822481,0.0004958039739229016,-0.013348791652147711,0.008578678993793396,0.00099394949924414,0.007584729494549256,0.017765541837019908,0.0020816378532205236,0.015683903983799385,2019
2019-03-01,2803.69,0.0248369971428571,1166,0.2361641978021978,0.115851975,0.11145454151624548,0.14655681097560974,0.11001979166666666,0.21408145404538528,0.12758505691614344,0.10795457832895762,364,280,164,24,0.1203122228021978,0.08649639712924184,0.03653701930894308,0.004397433483754515,0.01963047858718582,-0.0038881492742662512,9.855951247165516e-05,-0.003986708786737906,-0.02185867557842426,0.0004959682539682532,-0.022354643832392513,0.00667952438736827,0.0009935349392951607,0.00568598944807311,0.022396049356711932,0.0020823460405788004,0.020313703316133132,2019
2019-03-04,2792.81,0.0250196521428571,1045,0.23688944606413995,0.12056047499999999,0.12445613214285715,0.1630000634920635,0.11699464285714287,0.21827775729906623,0.12996027255949633,0.12455487993061651,343,280,189,28,0.11632897106413996,0.08831748473956991,0.046005420634920635,-0.0038956571428571674,0.005405392628879818,-0.0011321175028613038,9.92843339002266e-05,-0.0012314018367615303,-0.003410983363162822,0.0004964152862811783,-0.003907398649444001,0.014266784223671648,0.0009934884823790612,0.013273295741292587,0.026301637155818805,0.0020833883875175756,0.02421824876830123,2019
2019-03-05,2789.65,0.0250722732142857,1044,0.23653184548104955,0.12910886181818182,0.11834615019762847,0.15889080213903742,0.12432541379310345,0.21523986394352804,0.1399318239662303,0.11492808510883316,343,275,187,29,0.10742298366286773,0.07530803997729774,0.034565388345933964,0.010762711620553353,0.025003738857397137,-0.006545490992497904,9.94931476757369e-05,-0.006644984140173641,0.0006701104141162809,0.0004975057823129243,0.00017260463180335662,0.01526828683024783,0.000993424988713479,0.01427486184153435,0.029579857659143356,0.0020834568172227916,0.027496400841920565,2019
2019-03-06,2771.45,0.0250412210714285,1048,0.24683413473053892,0.13379645714285715,0.12778914598540148,0.1714274226804124,0.13081541379310344,0.22677850074662242,0.14702057434757904,0.1248275033051237,334,280,194,29,0.11303767758768177,0.07975792639904339,0.040612008887308954,0.006007311157455675,0.02219307104245534,-0.008158903888960062,9.936992488662103e-05,-0.008258273813846683,0.01414118295366161,0.0004985741935941031,0.013642608760067508,0.018865112130917495,0.0009930278403162413,0.017872084290601255,0.03820781721549397,0.002083088079977893,0.03612472913551607,2019
2019-03-07,2748.93,0.0250138564285714,1188,0.25373951818181817,0.14112748727272728,0.13960608363636362,0.1834798274111675,0.13918961290322582,0.23449247463288672,0.15205868607497666,0.14029476940259258,330,275,197,31,0.11261203090909089,0.08243378855791006,0.04429021450794168,0.0015214036363636607,0.011763916672384078,-0.0021340139198386563,9.92613350340135e-05,-0.0022332752548726697,0.021431666672018124,0.0004981455253212384,0.020933521146696884,0.03781806564710129,0.0009888577963820008,0.03682920785071929,0.05099240479629669,0.0020825846573588455,0.04890982013893785,2019
2019-03-08,2743.07,0.0249496492857142,1202,0.24936151226993866,0.13926631636363637,0.13690708727272727,0.17886525531914896,0.13792593333333333,0.22723520618875903,0.1519545041687943,0.1348511465844315,326,275,188,30,0.11009519590630229,0.07528070201996473,0.040939321985815624,0.002359229090909104,0.017103357584362794,0.01455954294099511,9.900654478458015e-05,0.01446053639621053,0.028538199965792592,0.0004975666853269075,0.028040633280465684,0.020795225331886973,0.000988343366109892,0.01980688196577708,0.05417332034599894,0.002082591246077666,0.052090729099921275,2019
2019-03-11,2783.3,0.0252944571428571,1026,0.22844850997150998,0.12465442142857143,0.12240857142857142,0.1592076559139785,0.12153189655172414,0.2109543897120587,0.1359542577339478,0.12045873464306131,351,280,186,29,0.10379408854293855,0.07500013197811092,0.03767575936225437,0.0022458500000000076,0.015495523090886476,0.0029489762744178273,0.00010037482993197262,0.0028486014444858545,0.01767776758683448,0.0004970731960978829,0.0171806943907366,0.00539625722278692,0.00098830093995522,0.0044079562828317,0.033527824678899316,0.0020835765663724513,0.031444248112526864,2019
2019-03-12,2791.52,0.0253415128571428,1023,0.2259699245810056,0.11783464642857143,0.11872724642857142,0.15294922471910113,0.11462469230769232,0.20684163369426856,0.1290300780277117,0.11622680525516113,358,280,178,26,0.10813527815243416,0.07781155566655687,0.03832453241140882,-0.0008925999999999934,0.012803272772550556,0.00692558154704747,0.00010056155895691588,0.006825019988090554,0.01459817641613168,0.0004959192064005548,0.014102257209731125,0.009604386143260766,0.0009878538693769885,0.008616532273883776,0.03405068271898143,0.0020830829722681427,0.03196759974671329,2019
2019-03-13,2810.92,0.0249331966666666,1033,0.2259823056300268,0.11636338267148015,0.11567103971119133,0.14640548235294118,0.1117834,0.20631360345855343,0.12510527651397166,0.11271085376435659,373,277,170,25,0.10961892295854665,0.08120832694458177,0.034622082352941175,0.0006923429602888193,0.012394422749615067,-0.0008684201706034471,9.894125661375635e-05,-0.0009673614272172035,0.004723929177256106,0.0004944536467221381,0.004229475530533967,-0.0019763943124686714,0.0009871936171094147,-0.002963587929578086,0.027163186319942533,0.002081473133463055,0.025081713186479476,2019
2019-03-14,2808.48,0.02486798875,1027,0.225002875,0.1182137870036101,0.11441885559566788,0.14523898795180723,0.11330451999999999,0.20717152961275118,0.12704129445740103,0.11127161973096915,368,277,166,25,0.10678908799638989,0.08013023515535014,0.03193446795180724,0.003794931407942223,0.015769674726431884,0.004972519373935739,9.868249503968255e-05,0.004873836878896056,0.016386398975082966,0.0004907122710607623,0.015895686704022204,0.002475143157538827,0.0009880294636702613,0.0014871136938685657,0.03461923877748257,0.002081032316807891,0.03253820646067468,2019
2019-03-15,2822.48,0.02482529,1027,0.22437735185185184,0.11292146350364964,0.11326089781021897,0.1404848176100629,0.107848125,0.20079611791284038,0.1203082981768058,0.11173718525546501,378,274,159,24,0.1114558883482022,0.08048781973603458,0.0326366926100629,-0.00033943430656933893,0.008571112921340787,0.003699110562037016,9.851305555555555e-05,0.0036005975064814606,-0.007742974633905652,0.0004907766807829845,-0.008233751314688635,0.004214343469290819,0.0009890058589367013,0.003225337610354117,0.02901709504140111,0.0020809192541353582,0.026936175787265752,2019
2019-03-18,2832.94,0.0250036517391304,837,0.221592619205298,0.11856773488372094,0.11593259534883721,0.14389521641791045,0.113044,0.20240155252637232,0.12678803893186685,0.11217113589820198,302,215,134,22,0.10302488432157705,0.07561351359450547,0.030851216417910443,0.002635139534883729,0.014616903033664877,-0.00013061489628502955,9.922084023464445e-05,-0.00022983573651967398,-0.012281510364047534,0.0004912277438573368,-0.012772738107904871,0.01201741440730672,0.0009902980457280842,0.011027116361578635,0.025827219536750344,0.002081300054687463,0.02374591948206288,2019
2019-03-19,2832.57,0.0249721918181818,875,0.22475106622516555,0.1205745,0.11843466964285713,0.14760104511278196,0.11667104545454544,0.20594285568368162,0.12947243375235062,0.11448724415417992,302,224,133,22,0.10417656622516555,0.076470421931331,0.03092999965823652,0.002139830357142866,0.014985189598170703,-0.002948665691828101,9.909599927849921e-05,-0.0030477616911066003,-0.004993790272870789,0.0004919346629764338,-0.005485724935847223,0.01216546782843234,0.0009906790649038702,0.01117478876352847,0.023681470602641367,0.002081066072317176,0.02160040453032419,2019
2019-03-20,2824.23,0.0239903699999999,875,0.2265346241610738,0.12901396052631578,0.11688749289099526,0.1482964552238806,0.12413617391304349,0.20799786141161716,0.13760347083317162,0.11292645964176991,298,228,134,23,0.09752066363475803,0.07039439057844554,0.02416028131083711,0.01212646763532052,0.024677011191401713,0.010794049627223466,9.519988095238055e-05,0.010698849746271085,-0.006700323489724682,0.0004927399703872766,-0.0071930634601119585,0.017260236520723542,0.000990935829230813,0.016269300691492728,0.028207956199168473,0.0020810628829404155,0.026126893316228056,2019
2019-03-21,2854.88,0.02488422,1278,0.22699043464052288,0.12307929017857143,0.12079414732142857,0.1486191526717557,0.11861863636363636,0.20559641978888285,0.1310974201596877,0.11663540175956753,306,224,131,22,0.10391114446195145,0.07449899962919515,0.030000516308119354,0.0022851428571428606,0.014462018400120166,-0.01915685423505291,9.874690476190475e-05,-0.019255601139814813,-0.013911255817543995,0.0004973171926094993,-0.014408573010153494,0.008548655457352896,0.0009948603587092715,0.007553795098643624,0.018425432548438855,0.0020846249265912093,0.016340807621847645,2019
2019-03-22,2800.71,0.0249389578947368,1269,0.25275948251748254,0.15344264732142857,0.14625351121076233,0.1862272229299363,0.15064096296296298,0.2343796195983623,0.16386539583965026,0.14270679785570484,286,224,157,27,0.09931683519605397,0.07051422375871202,0.035586259966973316,0.007189136110666239,0.021158597983945426,-0.0008394251681050246,9.896411862990794e-05,-0.0009383892867349325,0.011957318103196507,0.0004982291781537166,0.01145908892504279,0.03233119338424849,0.00099497995621494,0.03133621342803355,0.04638465118538314,0.0020856061340742025,0.04429904505130894,2019
2019-03-25,2798.36,0.0251817953571428,1108,0.23696080514705883,0.15083222767857143,0.14403807589285716,0.18235780722891565,0.14799164285714286,0.2209918112104837,0.15963269607837066,0.1413046604646233,272,224,166,28,0.0861285774684874,0.061359115132113035,0.034366164371772784,0.00679415178571427,0.01832803561374735,0.007157105194891676,9.992775935374127e-05,0.007057177435537935,0.024298924771354105,0.0004990703018707473,0.023799854469483357,0.03421752018221698,0.0009952837613378663,0.03322223642087911,0.04502988444887329,0.0020861780426551786,0.04294370640621811,2019
2019-03-26,2818.46,0.0251751292857142,1104,0.22502906049822063,0.13352763839285714,0.13588982142857142,0.16836009150326797,0.1317691923076923,0.20872490371350638,0.14196216864288966,0.13456019189196525,281,224,153,26,0.0915014221053635,0.06676273507061672,0.03659089919557568,-0.0023621830357142826,0.0074019767509244105,-0.0046551989086819415,9.990130668934206e-05,-0.004755100215371283,0.017159258101303174,0.0004987444019274365,0.016660513699375736,0.020974462261220704,0.00099534786706349,0.019979114394157213,0.03750376421243132,0.0020859136665213915,0.03541785054590993,2019
2019-03-27,2805.37,0.02514383,1101,0.22981459566787002,0.13588173660714284,0.1407712142857143,0.17460323076923076,0.1353552962962963,0.21407679891935597,0.1455699255818175,0.13828456797175695,277,224,156,27,0.09393285906072718,0.06850687333753847,0.039247934472934454,-0.004889477678571452,0.00728535761006055,0.003583117299404196,9.977710317460317e-05,0.003483340196229593,0.02396056001044814,0.0004981958588435365,0.023462364151604603,0.029101495484402485,0.0009953277962018124,0.02810616768820067,0.04683332660701733,0.0020854400344352242,0.0447478865725821,2019
2019-03-28,2815.44,0.0251140403571428,1098,0.2245207581227437,0.13304250877192983,0.1297955288888889,0.1640404557823129,0.1310647692307692,0.20724521267379728,0.143264121752175,0.12717822985332178,277,228,147,26,0.09147824935081386,0.06398109092162227,0.032975686551543704,0.003246979883040929,0.016085891898853233,0.00671171968568772,9.965889030612221e-05,0.006612060795381598,0.02245991127489683,0.0004975431660997721,0.021962368108797058,0.025556463333007158,0.0009945024131790378,0.02456196091982812,0.044321107995861454,0.0020853043859091467,0.042235803609952306,2019
2019-03-29,2834.4,0.0251509210714285,1099,0.22164434482758621,0.12447160964912281,0.12146737556561087,0.15436414492753622,0.12229395652173913,0.2016600134418332,0.1253314349149861,0.12569057734591446,290,228,138,23,0.0971727351784634,0.0763285785268471,0.03207018840579709,0.003004234083511942,-0.0003591424309283553,0.01150218150005278,9.98052423469385e-05,0.011402376257705842,0.020373875281051942,0.0004967507780612234,0.019877124502990718,0.025432375934255937,0.0009933439628315075,0.02443903197142443,0.03856033644309039,0.0020850391282560858,0.03647529731483431,2019
2019-04-01,2867.19,0.0250996685714285,1108,0.22022740211640213,0.12194935563380283,0.11759691111111112,0.14848441379310345,0.11724007407407407,0.20045319693142152,0.1301990612808444,0.11490017338990619,378,284,174,27,0.0982780464825993,0.07025413565057712,0.031244339719029388,0.004352444522691706,0.015298887890938223,1.7438524840564605e-05,9.960185941043055e-05,-8.216333456986594e-05,0.009918595410862934,0.0004962134594671191,0.009422381951395815,0.013300570072057514,0.0009921081528517187,0.012308461919205795,0.01952774229353619,0.0020844308246846573,0.01744331146885153,2019
2019-04-02,2867.24,0.0250368964285714,1125,0.2225351164021164,0.11909524482758621,0.11552886545454545,0.14643639053254437,0.11410607692307692,0.20135148453911297,0.12823223656634175,0.11242422154808886,378,290,169,26,0.10343987157453019,0.07311924797277122,0.03233031360946745,0.0035663793730407595,0.015808015018252894,0.0021461030004631186,9.935276360544207e-05,0.0020467502368576767,0.0038152041599175592,0.0004966034651360536,0.0033186006947815054,0.0137923666046031,0.0009914001495489484,0.012800966455054153,0.017384045745291784,0.00208396386323341,0.015300081882058374,2019
2019-04-03,2873.4,0.0249793514285714,1126,0.22831946475195822,0.12162127083333335,0.11863696727272727,0.1503235,0.11641017857142857,0.20479002038752414,0.13007651705835713,0.1172278610164552,383,288,174,28,0.10669819391862487,0.07471350332916701,0.033913321428571425,0.002984303560606083,0.012848656041901926,0.0020824685638528733,9.912441043083889e-05,0.0019833441534220344,0.005140935473954291,0.0004971319373582758,0.004643803536596015,0.009369899773745933,0.0009910342438078639,0.008378865529938068,0.02483011338631026,0.00208286111663477,0.02274725226967549,2019
2019-04-04,2879.39,0.0249143585714285,1296,0.22736113917525771,0.11639266666666666,0.11659448936170214,0.14784789999999998,0.11205784615384616,0.20511345482611354,0.12528572496339976,0.11372067020772077,388,285,170,26,0.11096847250859106,0.07982772986271378,0.035790053846153816,-0.0002018226950354779,0.011565054755678997,0.004625683691842571,9.886650226757341e-05,0.004526817189574998,0.003096552058110165,0.0004969592470792654,0.0025995928110308995,0.008865251114592042,0.0009910026432787635,0.007874248471313279,0.01826660515580228,0.0020822436177685573,0.016184361538033723,2019
2019-04-05,2892.74,0.0250155167857142,1296,0.2241222748091603,0.10910847222222222,0.11169238194444445,0.14006504347826088,0.10395,0.20027007561315371,0.11756183336748983,0.10923500517895345,393,288,161,25,0.11501380258693808,0.08270824224566388,0.036115043478260875,-0.002583909722222222,0.00832682818853639,0.0010469016298636597,9.926792375283412e-05,0.0009476337061108257,0.0050585006532042264,0.0004965931847702842,0.004561907468433942,0.00525109339924341,0.0009908980656143647,0.004260195333629046,-0.0030085935458588754,0.002082364453369464,-0.005090957999228339,2019
2019-04-08,2895.77,0.02519795,1136,0.22217123097112862,0.11064652068965518,0.11622741034482757,0.14758989010989013,0.10593804000000001,0.2013376800834446,0.11851390462243624,0.11334058214655084,381,290,182,25,0.11152471028147344,0.08282377546100836,0.041651850109890115,-0.005580889655172394,0.0051733224758854085,-0.00608595272610467,9.999186507936507e-05,-0.0061859445911840345,0.0033819746611946588,0.0004958946933845996,0.0028860799678100593,0.01300655617127119,0.000991358254106428,0.012015197917164763,-0.005662166502540368,0.002082048819866063,-0.007744215322406432,2019
2019-04-09,2878.2,0.0251700714285714,1137,0.23166604657534248,0.11770992068965518,0.12687591379310345,0.160630359375,0.11332128571428571,0.21075495181973306,0.12629169333796805,0.1245948357614476,365,290,192,28,0.1139561258856873,0.084463258481765,0.047309073660714296,-0.009165993103448275,0.0016968575765204524,0.003471834314499749,9.988123582766428e-05,0.003371953078672085,0.009977162444685675,0.0004947966844128949,0.00948236576027278,0.016898316992760926,0.0009909024162379472,0.015907414576522977,-0.0026022293651544984,0.0020798587934110365,-0.004682088158565535,2019
2019-04-10,2888.21,0.0249358334782608,1134,0.2261416846361186,0.11464968620689656,0.11656731690140844,0.14903323463687151,0.1092691923076923,0.20374862976234243,0.12332328817538908,0.1146169092145815,371,290,179,26,0.11149199842922206,0.08042534158695334,0.03976404232917921,-0.001917630694511882,0.008706378960807587,3.808514800869783e-05,9.895172015182857e-05,-6.086657214313074e-05,0.004228964299791737,0.0004939023064495881,0.0037350619933421494,0.013057467636710767,0.0009906845636302372,0.01206678307308053,-0.0023606459232004226,0.002077665876035753,-0.004438311799236176,2019
2019-04-11,2888.32,0.0248221108695652,1280,0.2239998306451613,0.11551035172413793,0.11286074909090908,0.14477194797687862,0.10916676,0.20208254838848216,0.12392046192787448,0.10954155133835003,372,290,173,25,0.10848947892102337,0.07816208646060768,0.035605187976878616,0.0026496026332288453,0.014378910589524452,0.006587632286936534,9.850043995859205e-05,0.006489131846977942,0.005768699056481884,0.000494043396199498,0.005274655660282386,0.01769374597460596,0.0009911605180815833,0.016702585456524376,-0.026825275777653357,0.0020761623966246653,-0.028901438174278024,2019
2019-04-12,2907.41,0.0248394969565217,1275,0.21693394778067884,0.10650365972222223,0.10782403597122302,0.13386198734177215,0.10036073913043478,0.19617025984971934,0.11507740698426723,0.10463881508672968,383,288,158,23,0.11043028805845662,0.0810928528654521,0.033501248211337376,-0.0013203762490007903,0.010438591897537555,-0.000629624362145833,9.856943236714961e-05,-0.0007281937945129827,0.00019259274603932952,0.0004943048808440805,-0.000301712134804751,0.01217701237591769,0.0009923015327715171,0.011184710843146173,-0.025428847856934746,0.0020752038911898817,-0.027504051748124626,2019
2019-04-15,2905.58,0.0249212517391304,1090,0.21246126829268291,0.10764258041958043,0.10785620996441281,0.1380364,0.10190732000000001,0.19619524081481574,0.11574220353980151,0.10453242934593915,369,286,175,25,0.10481868787310249,0.08045303727501422,0.036129079999999994,-0.0002136295448323805,0.011209774193862362,0.0005092350573861668,9.889385610766033e-05,0.0004103412012785065,0.0096245815100765,0.0004954635607218286,0.009129117949354672,0.013757584870980099,0.0009931257330574286,0.01276445913792267,-0.01897724647397858,0.0020740491149073884,-0.021051295588885965,2019
2019-04-16,2907.06,0.0249446881818181,1117,0.21315099999999998,0.10476203448275863,0.11001930689655172,0.13832727586206897,0.0998088,0.19730699987424918,0.11286638462250102,0.10654521320912118,368,290,174,25,0.10838896551724135,0.08444061525174816,0.03851847586206897,-0.00525727241379309,0.006321171413379845,-0.0022763638303940604,9.898685786435753e-05,-0.0023753506882584177,0.006921154548075295,0.0004961057318250524,0.006425048816250243,0.005717937164092483,0.0009934288157252783,0.0047245083483672045,-0.010630561882652816,0.0020722559334029026,-0.012702817816055718,2019
2019-04-17,2900.45,0.0249713880952381,1113,0.21605455978260868,0.10855739310344828,0.10949836678200692,0.14022656069364162,0.10329008,0.19575392175406295,0.1169987613903744,0.10624938538705603,368,290,173,25,0.1074971666791604,0.07875516036368854,0.03693648069364161,-0.0009409736785586376,0.010749376003318378,0.0015778199046987368,9.90928099017385e-05,0.0014787270947969984,0.00882850333691904,0.0004967822571806491,0.00833172107973839,0.005868042971082757,0.000993576855820104,0.004874466115262653,-0.014208621705386872,0.0020705469773242596,-0.01627916868271113,2019
2019-04-18,2905.03,0.024888005,1107,0.2161197989130435,0.10703445762711863,0.10813009491525424,0.13745938690476192,0.10049829166666667,0.19598888940191303,0.11501596798494432,0.10509889037308592,368,295,168,24,0.10908534128592487,0.08097292141696871,0.03696109523809525,-0.0010956372881356091,0.009917077611858394,0.0010115259764941317,9.876192460317461e-05,0.0009127640518909572,0.011925046918124172,0.0004971171218820853,0.011427929796242086,0.01388239370786531,0.000992734062925168,0.01288965964494014,-0.02255868246350105,0.0020688613499622037,-0.024627543813463253,2019
2019-04-22,2907.97,0.0251314842857142,926,0.21392124398625428,0.10674790948275863,0.10954220689655172,0.13950564285714284,0.10093813636363635,0.1968694224797165,0.11458442671258814,0.10684142982454177,291,232,140,22,0.10717333450349566,0.08228499576712836,0.03856750649350649,-0.002794297413793098,0.0077429968880463745,0.008802364401891406,9.972811224489763e-05,0.008702636289646508,0.011984419629878453,0.0004979966519274365,0.011486422977951017,0.008389828064716198,0.000992479049886619,0.007397349014829579,-0.01511030372637132,0.002067604948133356,-0.017177908674504676,2019
2019-04-23,2933.68,0.0250830788571428,935,0.2165189641693811,0.10346465517241378,0.10854455172413793,0.13697071942446043,0.09657578947368421,0.19854179237894137,0.1112894929168747,0.10439761644123789,307,232,139,19,0.11305430899696732,0.08725229946206667,0.04039492995077622,-0.005079896551724153,0.006891876475636813,-0.0021941919046150143,9.953602721088413e-05,-0.0022937279318258983,0.004133003360903783,0.0004976621723356,0.003635341188568183,-0.017062051346993727,0.000991738275510202,-0.018053789622503928,-0.026741029827265613,0.0020651460783127004,-0.028806175905578314,2019
2019-04-24,2927.25,0.0251151725714285,932,0.22195812541254123,0.11115867543859649,0.10954315789473684,0.1425101188811189,0.10358380952380954,0.2051099230760008,0.1185732901680824,0.10729330532416358,303,228,143,21,0.11079944997394474,0.0865366329079184,0.038926309357309355,0.0016155175438596486,0.011279984843918817,-0.0003690150415501984,9.966338321995437e-05,-0.00046867842477015274,-0.0012032173839828506,0.0004973230839002258,-0.0017005404678830764,-0.016474530769196583,0.000991154538548751,-0.017465685307745334,-0.036532519865667114,0.002063010245735225,-0.03859553011140234,2019
2019-04-25,2926.17,0.025055774,1073,0.22690997324414713,0.11141012931034483,0.11289865948275861,0.14571582068965516,0.10340931578947368,0.21157565811199308,0.12077598003456627,0.10795123624459625,299,232,145,19,0.1154998439338023,0.09079967807742681,0.04230650490018148,-0.0014885301724137795,0.01282474378997002,0.004674363485904015,9.94276746031746e-05,0.00457493581130084,-0.0029604603658363675,0.0004967945986394547,-0.003457254964475822,-0.01913153131636523,0.000989292993953135,-0.020120824310318364,-0.03481088524568921,0.00206052698156289,-0.0368714122272521,2019
2019-04-26,2939.88,0.0251096465714285,1069,0.22617808143322476,0.10108941048034933,0.11539587772925765,0.14237178571428571,0.09396750000000001,0.21123085373989606,0.10847498581124937,0.11178243489173485,307,229,140,18,0.12508867095287543,0.10275586792864669,0.048404285714285705,-0.014306467248908314,-0.0033074490804854834,0.0010708986882482718,9.96414546485258e-05,0.000971257233599746,0.0019573467897412732,0.0004956169410430825,0.0014617298486981909,-0.02009247704581519,0.0009875536378023413,-0.02108003068361753,-0.04789613966624608,0.0020581928219973087,-0.049954332488243394,2019
2019-04-29,2943.03,0.0250471954285714,1103,0.22972721,0.11042235395189004,0.11116143642611682,0.14474591666666667,0.10384496,0.20719595160296808,0.11950808429373667,0.10831029016055216,400,291,180,25,0.11930485604810995,0.08768786730923141,0.04090095666666667,-0.0007390824742267849,0.011197794133184516,0.000950948132916521,9.93936326530611e-05,0.0008515545002634598,-0.003594591565162423,0.0004944823979591825,-0.004089073963121605,-0.04558992044050762,0.0009853604238945558,-0.04657528086440218,-0.055902993871968044,0.002056415251985971,-0.05795940912395402,2019
2019-04-30,2945.83,0.0249976285714285,1112,0.23435924060150376,0.10987667457627118,0.11345948135593222,0.14687085245901638,0.10343436,0.2149993154410992,0.11893159359313099,0.11071845732068662,399,295,183,25,0.12448256602523258,0.09606772184796822,0.043436492459016374,-0.003582806779661038,0.008213136272444369,-0.007530412649501567,9.919693877550991e-05,-0.007629609588277077,-0.021195054707897447,0.000494076103174602,-0.021689130811072047,-0.03855680836576911,0.0009835087257653039,-0.03954031709153441,-0.05475770083008413,0.0020549224994349507,-0.056812623329519085,2019
2019-05-01,2923.73,0.0249819942857142,1106,0.243808,0.11990886206896552,0.12446292068965518,0.16177732474226802,0.11389525,0.22498894548681186,0.1270911641856518,0.12325805977409766,389,290,194,28,0.12389913793103448,0.09789778130116006,0.04788207474226802,-0.004554058620689666,0.003833104411554142,-0.002126258023403761,9.913489795918333e-05,-0.0022253929213629444,-0.015271313385213732,0.000493831454648525,-0.015765144839862258,-0.025204418695457313,0.00098172644307445,-0.026186145138531763,-0.06051047620370274,0.002053760023527921,-0.06256423622723066,2019
2019-05-02,2917.52,0.0247590042857142,1259,0.24501296623376626,0.1144768448275862,0.13184405862068965,0.165895609375,0.11099115384615385,0.22364875826095357,0.1243400294949746,0.129275576074294,385,290,192,26,0.13053612140618004,0.09930872876597897,0.05490445552884615,-0.01736721379310345,-0.004935546579319397,0.009592170641481537,9.825001700680238e-05,0.009493920624474735,-0.016171070950528776,0.0004924983953136802,-0.016663569345842455,-0.014222241023341516,0.0009796922197184412,-0.015201933243059958,-0.06115324975214918,0.002052581270693454,-0.06320583102284263,2019
2019-05-03,2945.64,0.0248237417142857,1243,0.2330293965087282,0.10982049830508475,0.11596693898305085,0.1461663953488372,0.10347504,0.21219406616461525,0.11752010710483522,0.11390220102733399,401,295,172,25,0.12320889820364345,0.09467395905978003,0.04269135534883721,-0.006146440677966103,0.0036179060775012317,-0.0044810396666553265,9.85069115646258e-05,-0.004579546578219952,-0.022049823835556356,0.0004919366967592588,-0.022541760532315616,-0.029668835317951156,0.0009787201044973532,-0.03064755542244851,-0.049539518071451225,0.002051253310092547,-0.05159077138154377,2019
2019-05-06,2932.47,0.0249448091428571,1098,0.24591845103092783,0.12342388965517243,0.13182639655172415,0.17320013145539906,0.11957086206896551,0.2289669117730566,0.13627720210018446,0.12853811802355042,388,290,213,29,0.1224945613757554,0.09268970967287213,0.053629269386433545,-0.008402506896551726,0.00773908407663404,-0.01664951500981834,9.898733786848055e-05,-0.016748502347686822,-0.041995328875345274,0.0004908780259353734,-0.042486206901280646,-0.03196003650471118,0.00097762037547241,-0.03293765688018359,-0.03692970990415439,0.0020493136164984427,-0.03897902352065283,2019
2019-05-07,2884.05,0.0249359771428571,1104,0.2826250558659218,0.16371612413793105,0.1758078655172414,0.22688440239043825,0.16189505263157894,0.26923935160319806,0.17860652745356595,0.1717464347281699,358,290,251,38,0.11890893172799075,0.09063282414963211,0.06498934975885931,-0.01209174137931035,0.006860092725396061,-0.0016066713268179022,9.895229024943294e-05,-0.0017056236170673352,-0.017361753657871775,0.0004894326225907019,-0.017851186280462478,-0.006850616781269073,0.0009761385603782564,-0.00782675534164733,-0.01416338533846998,0.002046838704933817,-0.016210224043403797,2019
2019-05-08,2879.42,0.0246460633333333,1122,0.2823399241192412,0.16478854736842105,0.16690355789473685,0.22344485080645163,0.16342852631578947,0.26669606715771,0.17480496871419607,0.17086592549892007,369,285,248,38,0.11755137675082014,0.09189109844351392,0.06001632449066216,-0.002115010526315797,0.003939043215275995,-0.0030260155887187833,9.780183862433849e-05,-0.003123817427343122,-0.009933105310243601,0.000487894988425925,-0.010421000298669526,-0.00807230715345407,0.0009744555125530655,-0.009046762666007135,-0.0021137687870850484,0.0020443878432558128,-0.004158156630340861,2019
2019-05-09,2870.72,0.02461745625,1298,0.2701274523160763,0.16068452280701753,0.16905337192982456,0.21622748260869565,0.16071788888888888,0.25367812233417586,0.17682056470930427,0.16602448494148977,367,285,230,36,0.10944292950905879,0.07685755762487159,0.055509593719806766,-0.008368849122807026,0.010796079767814493,0.0037134177564540913,9.768831845238095e-05,0.0036157294380017102,0.0019488299271874312,0.0004871938244047611,0.00146163610278267,-0.017031973507751715,0.0009740538685621356,-0.01800602737631385,0.005561504230585888,0.0020427155752097055,0.0035187886553761827,2019
2019-05-10,2881.4,0.0245569566666666,1273,0.2480432857142857,0.13582175862068965,0.14691123103448275,0.18761398039215685,0.1360265806451613,0.23423214577320506,0.15097625167405795,0.14446973995501886,371,290,204,31,0.11222152709359604,0.0832558940991471,0.051587399746995555,-0.0110894724137931,0.006506511719039099,-0.024426544706444165,9.744824074074049e-05,-0.024523992947184905,-0.007619011482394789,0.0004867834077380944,-0.008105794890132884,-0.019392771685778083,0.0009735456691573737,-0.020366317354935458,0.001498148402669252,0.002041675584421723,-0.000543527181752471,2019
2019-05-13,2811.87,0.0245805674999999,1077,0.2669610547112462,0.1760452357142857,0.17350829642857143,0.22146415966386554,0.17568012500000002,0.2549009561918324,0.1906147902742836,0.16943470580945036,329,280,238,40,0.0909158189969605,0.0642861659175488,0.04578403466386552,0.0025369392857142736,0.021180084464833243,0.007984060207655182,9.754193452380913e-05,0.007886518273131374,0.010035292370633967,0.0004867423495370365,0.009548550021096931,-0.003377117913986672,0.0009731909434542271,-0.004350308857440899,0.02388499461024068,0.0020410237892592134,0.021843970820981468,2019
2019-05-14,2834.41,0.0245484933333333,1125,0.25754055858310626,0.1608173052631579,0.15825659298245615,0.20549851304347824,0.16112463157894735,0.24242495314175946,0.17412987224347096,0.15523564134428922,367,285,230,38,0.09672325331994835,0.06829508089828851,0.04437388146453089,0.00256071228070176,0.01889423089918174,0.005821977020810247,9.741465608465595e-05,0.005724562364725591,0.010511136876602675,0.00048670593778755435,0.01002443093881512,-0.018297133639115573,0.0009735128935676059,-0.019270646532683178,0.019990012573827282,0.0020396882384483093,0.01795032433537897,2019
2019-05-15,2850.96,0.02446937,1140,0.24427780323450135,0.14798193333333332,0.14704120350877192,0.18878277619047618,0.1471204705882353,0.22790550329739576,0.1605097172696235,0.14528966132560583,371,285,210,34,0.09629586990116804,0.06739578602777227,0.04166230560224088,0.0009407298245613926,0.015220055944017652,0.008855919648712162,9.710067460317461e-05,0.008758818974108988,0.001860798156789543,0.0004865605241271405,0.0013742376326624024,-0.02202286948512532,0.0009739991175849906,-0.02299686860271031,0.012555193383033311,0.0020381183770496435,0.010517075005983667,2019
2019-05-16,2876.32,0.02451403125,1146,0.23808625515463916,0.1361709,0.13654309655172414,0.1755598883248731,0.13514400000000001,0.21962300829930534,0.14813411351908037,0.13553495448478106,388,290,197,31,0.10191535515463915,0.07148889478022497,0.040415888324873084,-0.0003721965517241299,0.012599159034299312,-0.0058544236531281706,9.727790178571428e-05,-0.005951701554913885,-0.01898080343493906,0.0004868600441573746,-0.019467663479096436,-0.04416197715695754,0.0009749329058502964,-0.04513691006280784,0.004630609437346087,0.002036592900859167,0.00259401653648692,2019
2019-05-17,2859.53,0.02454661,1127,0.2438084595300261,0.14262881754385967,0.140647550877193,0.18251257788944725,0.14166809375,0.2259633672285163,0.15632294069343688,0.13724430770929935,383,285,199,32,0.10117964198616644,0.0696404265350794,0.040844484139447246,0.0019812666666666756,0.019078632984137534,-0.006772240853415355,9.740718253968255e-05,-0.006869648035955038,-0.011773760203383301,0.00048676226141927936,-0.01226052246480258,-0.041076585075679656,0.0009756111491892984,-0.04205219622486896,0.020155495647485287,0.0020351350370306645,0.018120360610454623,2019
2019-05-20,2840.23,0.0245713917391304,941,0.2394834425675676,0.15137890789473685,0.14503114473684212,0.18618425766871163,0.15052535714285714,0.22226179230332957,0.16322483772817012,0.1425766948885495,296,228,163,28,0.08810453467283075,0.05903695457515945,0.03565890052585449,0.006347763157894731,0.02064814283962063,0.008459904713623807,9.750552277432698e-05,0.00836239919084948,-0.013412410284620726,0.00048644859391719044,-0.013898858878537916,-0.013098441900084684,0.0009751260230555115,-0.014073567923140197,0.029908466641962665,0.002033278575991703,0.027875188065970963,2019
2019-05-21,2864.36,0.024511849090909,934,0.2317049609120521,0.13740981578947367,0.1329770350877193,0.1717023594771242,0.13638872,0.21422135046997495,0.15000107781562375,0.13004555980685847,307,228,153,25,0.09429514512257842,0.06422027265435121,0.03531363947712421,0.004432780701754374,0.01995551800876527,-0.0028283616990028514,9.726924242424206e-05,-0.0029256309414270936,-0.02880827051571825,0.0004868069557800516,-0.0292950774714983,-0.013429578113066972,0.0009741877182517059,-0.014403765831318678,0.03087617705605528,0.002031266361985328,0.028844910694069952,2019
2019-05-22,2856.27,0.024544849047619,917,0.23206938410596026,0.13722161403508773,0.13211029824561404,0.170890966442953,0.13600228,0.21183169707084562,0.1481456487291982,0.1312642756370987,302,228,149,25,0.09484777007087253,0.06368604834164743,0.03488868644295301,0.005111315789473686,0.0168813730920995,-0.011985681943016436,9.740019463340872e-05,-0.012083082137649845,-0.023883667641914866,0.00048743859345784995,-0.024371106235372714,-0.004484406858198149,0.0009734309021313187,-0.005457837760329467,0.03244451257490964,0.0020303288457515617,0.030414183729158082,2019
2019-05-23,2822.24,0.02448939,1264,0.24779367010309278,0.1504510580357143,0.15621971875000001,0.1929591111111111,0.15079932142857144,0.22932691577194023,0.16093498421600072,0.15409561012766101,291,224,162,28,0.09734261206737849,0.0683919315559395,0.04215978968253967,-0.005768660714285723,0.006839374088339706,0.0013526195784275823,9.718011904761904e-05,0.0012554394593799632,-0.025181173722018602,0.0004880728616929218,-0.025669246583711523,0.01794422030938548,0.0009725321360693385,0.01697168817331614,0.04269675966180192,0.002029037285203366,0.040667722376598554,2019
2019-05-24,2826.06,0.0244675657894736,1243,0.2419622871972318,0.14775771929824563,0.14908276315789473,0.18604233116883118,0.1473375185185185,0.22406461707232453,0.15931415501597307,0.14655358549308348,289,228,154,27,0.09420456789898618,0.06475046205635146,0.03870481265031267,-0.0013250438596490999,0.012760569522889592,-0.008410890934652838,9.709351503759366e-05,-0.008507984449690432,-0.029302824872296383,0.000488848887770019,-0.029791673760066403,0.021240858159910017,0.0009714815875999504,0.020269376572310066,0.03180243776781096,0.002026823096994749,0.029775614670816207,2019
2019-05-28,2802.39,0.0246616989285714,1094,0.24035756338028172,0.16423294642857142,0.1533043080357143,0.1939516198830409,0.16357678125,0.22506504355879722,0.1745183626375927,0.14996134305241862,284,224,171,32,0.0761246169517103,0.05054668092120451,0.030374838633040913,0.010928638392857126,0.02455701958517409,-0.006935955517473813,9.78638846371881e-05,-0.007033819402111001,0.00031396838453589377,0.0004886774291383211,-0.00017470904460242733,0.029301811023100165,0.0009710364002267555,0.02833077462287341,0.03897858280031772,0.0020247195842247284,0.036953863216092994,2019
2019-05-29,2783.02,0.0246710217857142,1092,0.24079313653136533,0.166384,0.1600687857142857,0.19521075151515152,0.166025,0.22621507964201298,0.17637831820764283,0.15674396558549591,271,224,165,31,0.07440913653136533,0.04983676143437016,0.029185751515151515,0.006315214285714299,0.01963435262214691,0.0020962411748005594,9.790088010204048e-05,0.001998340294698519,0.015378692402651387,0.0004873807624716544,0.014891311640179733,0.03419806804170109,0.0009699689611677984,0.03322809908053329,0.04973046087510866,0.0020220684955059073,0.047708392379602754,2019
2019-05-30,2788.86,0.0247046846428571,1116,0.24272139716312058,0.15704276339285714,0.16396714732142859,0.1959878231707317,0.1568781724137931,0.22483299751032404,0.1653536768147161,0.16274382048138097,282,224,164,29,0.08567863377026344,0.059479320695607935,0.03910965075693862,-0.006924383928571448,0.002609856333335131,-0.013283188023120184,9.803446286848055e-05,-0.013381222485988664,0.01939926078371664,0.00048599230867346865,0.018913268475043172,0.03619090503814244,0.0009682744647786631,0.03522263057336378,0.0533751315111214,0.002019124249190715,0.05135600726193069,2019
2019-05-31,2752.06,0.0246849485714285,1096,0.2505238716981132,0.1735502409090909,0.1710549909090909,0.20435112195121952,0.1728309375,0.23184886271960814,0.18112252626003109,0.16947568696633755,265,220,164,32,0.07697363078902228,0.050726336459577054,0.03152018445121951,0.0024952500000000044,0.011646839293693534,-0.00276903157185015,9.795614512471628e-05,-0.0028669877169748663,0.04312539403140392,0.0004844592743764167,0.0426409347570275,0.04786125089127874,0.0009660847965961726,0.04689516609468257,0.07430131510982159,0.002015965974530851,0.07228534913529074,2019
2019-06-03,2744.45,0.0244243582142857,1129,0.25300788988095235,0.17448730545454547,0.17027725454545456,0.20408961428571426,0.17348035897435898,0.23444342945749297,0.177114436574613,0.17363594191121784,336,275,210,39,0.07852058442640689,0.05732899288287996,0.030609255311355277,0.004210050909090907,0.0034784946633951708,0.02120590232217955,9.692205640589564e-05,0.021108980265773652,0.05054368303220634,0.00048263269982993135,0.05006105033237641,0.05156161816615373,0.0009637038498841544,0.05059791431626958,0.07999421702892807,0.0020130734280455905,0.07798114360088249,2019
2019-06-04,2803.27,0.0243349389285714,1143,0.2398363460490463,0.15710725,0.15322254642857142,0.1864879492385787,0.15634622857142857,0.220581157393398,0.1657818409625781,0.1507793540594083,367,280,197,35,0.0827290960490463,0.05479931643081992,0.030141720667150124,0.0038847035714285882,0.015002486903169798,0.00812876850064147,9.656721797052143e-05,0.00803220128267095,0.028987842638564177,0.0004823589710884345,0.028505483667475743,0.040026178400985366,0.0009626018314354702,0.039063576569549896,0.06643139083394131,0.002011118749190715,0.0644202720847506,2019
2019-06-05,2826.15,0.0243211314285714,1150,0.23242532000000002,0.14957976842105264,0.14476197543859648,0.17568686559139784,0.14781205882352944,0.21116842590646795,0.15622809902844317,0.14435990087717018,375,285,186,34,0.08284555157894738,0.054940326878024776,0.02787480676786841,0.004817792982456159,0.01186819815127299,0.006116809555866062,9.651242630385477e-05,0.006020297129562207,0.018819375639049677,0.00048258819869614406,0.01833678744035353,0.03487814004140596,0.0009615853349656702,0.03391655470644029,0.05649514033783065,0.0020094309110387874,0.054485709426791866,2019
2019-06-06,2843.49,0.02431836,1298,0.23543151670951157,0.14547790526315788,0.1411449789473684,0.17386295675675678,0.14353181818181818,0.2121121760770301,0.15342144614074466,0.1387055151350632,389,285,185,33,0.08995361144635369,0.058690729936285435,0.030331138574938604,0.004332926315789465,0.014715931005681443,0.01044294522456708,9.650142857142858e-05,0.010346443795995652,0.016791644254425628,0.0004822821561051944,0.016309362098320433,0.038188945613256274,0.0009605662174297669,0.03722837939582651,0.045531144788588766,0.0020079354189752956,0.04352320936961347,2019
2019-06-07,2873.34,0.0242246517857142,1306,0.244332,0.14950032525951557,0.1411933633217993,0.1767490833333333,0.14505075757575758,0.22152915877105478,0.15735188537028144,0.13904104890170246,397,289,192,33,0.09483167474048443,0.06417727340077334,0.031698325757575724,0.008306961937716267,0.018310836468578978,0.004649257428952238,9.612957057823094e-05,0.004553127858374007,0.004735856859874778,0.00048162552221975595,0.004254231337655023,0.026485974208540722,0.0009603965150488147,0.025525577693491907,0.036324015544448085,0.0020060048883630503,0.034318010656085036,2019
2019-06-10,2886.73,0.0243553785714285,1084,0.23673314540816326,0.14774740689655172,0.13953436206896552,0.17585835609756098,0.14409234285714284,0.21595468624968775,0.15586289549667096,0.1370428664556941,392,290,205,35,0.08898573851161154,0.060091790753016794,0.03176601324041814,0.008213044827586197,0.01882002904097685,-0.00034993807146250003,9.66483276643988e-05,-0.00044658639912689886,0.0010179351339474425,0.00048107115005422297,0.0005368639838932196,0.020103281923464337,0.0009603755785557963,0.01914290634490854,0.03617524288281351,0.0020047875093947964,0.034170455373418715,2019
2019-06-11,2885.72,0.0243927042857142,1085,0.23762533163265306,0.14696902413793103,0.14285433793103447,0.17910020975609756,0.1446376,0.21641384408145964,0.15441325113991114,0.1407205625890067,392,290,205,35,0.09065630749472203,0.0620005929415485,0.03446260975609755,0.004114686206896562,0.013692688550904442,-0.0020396984988729416,9.679644557823095e-05,-0.0021364949444511727,0.011038335762421081,0.00048024286034703567,0.010558092902074045,0.01091151767936345,0.0009586931817303995,0.00995282449763305,0.03880785267019574,0.0020035886526298683,0.036804264017565876,2019
2019-06-12,2879.84,0.0242440086956521,1081,0.23855445478036175,0.14435317192982455,0.14402289122807016,0.17981765024630542,0.14247976470588236,0.21714300945037235,0.15342763202169316,0.14133351968965888,387,285,203,34,0.0942012828505372,0.06371537742867919,0.037337885540423055,0.00033028070175439295,0.01209411233203428,0.004089078171241749,9.620638371290515e-05,0.0039928717875288445,0.016058764402356044,0.0004789971362695262,0.015579767266086517,0.01171647027609042,0.0009568867384197419,0.010759583537670677,0.04545704969271029,0.0020010194193532237,0.043456030273357066,2019
2019-06-13,2891.64,0.0241528882608695,1226,0.23874447193877552,0.14126628620689655,0.14637402758620688,0.17994619,0.1394762121212121,0.21807421092163928,0.14758675242091654,0.14583765676459595,392,290,200,33,0.09747818573187897,0.07048745850072274,0.040469977878787894,-0.005107741379310332,0.0017490956563205873,-0.001612842169983723,9.584479468599008e-05,-0.001708686964669713,0.021397301358830747,0.00047828406132457263,0.020919017297506174,0.011443314662165895,0.000955893150625204,0.01048742151154069,0.04154381553169591,0.0019994078802170385,0.03954440765147887,2019
2019-06-14,2886.98,0.0240849499999999,1220,0.23385030102040819,0.14739997586206896,0.13484031071428573,0.17209388888888888,0.14464266666666667,0.21175000001995717,0.1570437403729081,0.13254932183464688,392,290,189,33,0.08645032515833923,0.05470625964704906,0.02745122222222221,0.012559665147783228,0.02449441853826123,0.000931335703024821,9.557519841269802e-05,0.000835760504612123,0.021750117348665724,0.0004787709928290587,0.021271346355836666,0.018797068642962718,0.0009550049897260619,0.017842063653236657,0.0397470763421743,0.001997203809737397,0.037749872532436904,2019
2019-06-17,2889.67,0.0241466495652173,1046,0.23318021359223298,0.14217844736842106,0.13933034210526316,0.17513107594936708,0.14023291999999998,0.21541106475194433,0.15099997971041956,0.13706390356540257,309,228,158,25,0.09100176622381193,0.06441108504152476,0.0348981559493671,0.002848105263157902,0.01393607614501699,0.009670462557011119,9.58200379572115e-05,0.009574642519053907,0.019085346789516965,0.0004793044285015734,0.01860604236101539,0.025508728515518175,0.0009543059795219805,0.024554422535996195,0.03226311435399459,0.0019950356053723183,0.030268078748622276,2019
2019-06-18,2917.75,0.0240787818181818,1054,0.23538667192429022,0.14275313793103447,0.13445227586206895,0.1718264968152866,0.13937566666666668,0.21413165924359337,0.14967789717961608,0.13388223647653552,317,232,157,27,0.09263353399325575,0.0644537620639773,0.032450830148619936,0.00830086206896552,0.015795660703080555,0.002980730141062033,9.555072150072144e-05,0.0028851794195613118,-0.00012681808305751142,0.0004784503213833639,-0.0006052684044408753,0.018762136305763108,0.0009535495402042246,0.017808586765558885,0.02616818746243437,0.00199256849069553,0.02417561897173884,2019
2019-06-19,2926.46,0.0240643138095238,1075,0.229624740625,0.1386459353448276,0.12472241552511415,0.16042771812080536,0.13399761538461538,0.20857261489385343,0.14570956216355188,0.12186409224436323,320,232,149,26,0.09097880528017238,0.06286305273030154,0.02643010273618998,0.013923519819713459,0.02384546991918865,0.009427615127716307,9.549330876795158e-05,0.009332121818948356,-0.004342294126265781,0.00047788960215021587,-0.004820183728415996,0.023424482291893898,0.0009529661962545235,0.022471516095639375,0.01699156763361747,0.001989936251337666,0.015001631382279805,2019
2019-06-20,2954.18,0.024275595,1100,0.2363987909090909,0.14324771794871793,0.12428861990950225,0.15859464383561642,0.13671857692307693,0.21237907035475753,0.14842874892117325,0.12182816154262663,330,234,146,26,0.09315107296037298,0.06395032143358428,0.021876066912539488,0.01895909803921568,0.02660058737854662,-0.00126002618014856,9.63317261904762e-05,-0.0013563579063390362,-0.009953986696664849,0.00047760908930063133,-0.01043159578596548,0.012189385168708362,0.0009523522673051659,0.011237032901403196,0.01038868046621378,0.0019871705120141584,0.008401509954199622,2019
2019-06-21,2950.46,0.0242193757894736,1095,0.2427693957055215,0.14596862820512818,0.13205276521739132,0.16814157894736842,0.14017725,0.21860186962963782,0.15165027716225501,0.1286864499305357,326,234,152,24,0.09680076750039332,0.0669515924673828,0.027964328947368416,0.013915862987736866,0.022963827231719303,-0.0017334348561240606,9.610863408521269e-05,-0.0018295434902092732,-0.002953048705703109,0.00047623399689700316,-0.0034292827026001123,0.008602225355480924,0.0009510374753550524,0.007651187880125872,0.018472871348089902,0.0019821121758463573,0.016490759172243546,2019
2019-06-24,2945.35,0.0239314145714285,912,0.22929441368078174,0.14307655084745763,0.13417836440677966,0.17131500595238094,0.13914158620689654,0.2132119424802598,0.1511195779098929,0.13169072242964186,307,236,168,29,0.08621786283332411,0.062092364570366904,0.032173419745484405,0.008898186440677969,0.019428855480251028,-0.009541702315563342,9.496593083900198e-05,-0.009636668246402344,0.0064233817260012215,0.0004750015510204071,0.005948380174980814,0.011571476192031496,0.0009494997392290231,0.010621976452802473,0.024883469865107498,0.001977350248110351,0.022906119616997147,2019
2019-06-25,2917.38,0.0239374805714285,912,0.23506894897959182,0.15259738793103447,0.13996805652173913,0.18034101744186046,0.1495445,0.21954954037652005,0.16124799395555192,0.13748153485500442,294,232,172,30,0.08247156104855735,0.05830154642096813,0.03079651744186046,0.012629331409295341,0.023766459100547505,-0.0012347459021461497,9.499000226757341e-05,-0.001329735904413723,0.01888895438882072,0.0004750992188208607,0.01841385516999986,0.02561366327491269,0.0009494459999999981,0.024664217274912692,0.029148921111650513,0.0019736379113756575,0.027175283200274854,2019
2019-06-26,2913.78,0.0239936245714285,916,0.23553804137931036,0.1505092931034483,0.13927686956521737,0.17966185294117648,0.1470433448275862,0.21963144166981904,0.1587981474681921,0.1379922361560696,290,232,170,29,0.08502874827586207,0.06083329420162695,0.032618508113590294,0.011232423538230923,0.020805911312122505,0.003815922557317216,9.521279591836706e-05,0.003720709761398849,0.02776677641815975,0.0004750765941043076,0.02729169982405544,0.02913108089297819,0.0009499054686318954,0.028181175424346297,0.037744141273461276,0.00196913119992441,0.03577501007353687,2019
2019-06-27,2924.92,0.0239290717142857,917,0.23577205369127516,0.1478157838983051,0.13403594298245614,0.17475726219512197,0.1444175172413793,0.2183281282185962,0.15715233575771573,0.131995214216066,298,236,164,29,0.08795626979297005,0.06117579246088048,0.03033974495374267,0.013779840915848968,0.02515712154164973,0.005740911810813222,9.495663378684801e-05,0.005645955177026374,0.02214337186537336,0.0004747431780045345,0.021668628687368824,0.02992465685930283,0.0009489198850151151,0.028975736974287715,0.03231084198619385,0.0019641368677248638,0.030346705118468986,2019
2019-06-28,2941.76,0.0239087994285714,912,0.237151201320132,0.14038186864406782,0.13320150427350427,0.1728101963190184,0.13606803703703704,0.2202912914280106,0.1388295495229597,0.1453427792364314,303,236,163,27,0.09676933267606419,0.0814617419050509,0.03674215928198135,0.007180364370563547,-0.006513229713471708,0.00764299557558019,9.487618820861666e-05,0.007548119387371573,0.011555274061184078,0.0004748034784580492,0.01108047058272603,0.02435958905871702,0.0009485580958049864,0.02341103096291203,0.023987957792287073,0.0019589313393801925,0.022029026452906882,2019
2019-07-01,2964.33,0.0239560268571428,900,0.227297608478803,0.12334080887372015,0.1219090614334471,0.158147421875,0.11965831034482759,0.20889289959346674,0.13169385210427542,0.12152398588464289,401,293,192,29,0.10395679960508286,0.07719904748919132,0.03848911153017241,0.0014317474402730512,0.010169866219632534,0.0029238703472561083,9.506359863945556e-05,0.0028288067486166527,0.0051480944660304085,0.0004744981882086159,0.004673596277821793,0.013307012123631373,0.0009473226318027188,0.012359689491828654,0.005399771897430191,0.0019531837481103513,0.00344658814931984,2019
2019-07-02,2973.01,0.0239317791428571,897,0.2220849451371571,0.11197928378378379,0.11623145270270271,0.14801708333333333,0.10855673076923077,0.19842744048917746,0.12139897782166145,0.11552547551635547,401,296,180,26,0.11010566135337331,0.077028462667516,0.03946035256410256,-0.004252168918918928,0.005873502305305978,0.007643076127192919,9.496737755102025e-05,0.0075481087496418985,0.0067247088860919015,0.0004743467811791373,0.006250362104912764,0.003830515491220248,0.0009456660272108822,0.0028848494640093657,-0.006563685176630628,0.0019468259629629588,-0.008510511139593587,2019
2019-07-03,2995.82,0.0239096037142857,1059,0.22000493990384615,0.11018726013513513,0.11149371283783784,0.14179772988505748,0.10524842307692307,0.19865607954239303,0.11716204249448654,0.11023963698764798,416,296,174,26,0.10981767976871101,0.08149403704790649,0.03654930680813441,-0.0013064527027027012,0.006922405506838564,-0.0018074819954691978,9.487937981859405e-05,-0.001902361375287792,0.0013643044748185365,0.0004748288745275877,0.0008894756002909487,-0.0002370249705217843,0.000944051572940285,-0.0011810765434620693,-0.0215161466582785,0.001941034308201054,-0.023457180966479554,2019
2019-07-05,2990.41,0.0239442674285714,1086,0.23017691727493916,0.1101608372881356,0.11640502711864407,0.14567312209302324,0.10681895833333332,0.2106936361974203,0.11889670167936041,0.1145083349942705,411,295,172,24,0.12001607998680357,0.09179693451805988,0.03885416375968992,-0.006244189830508479,0.004388366685089906,-0.004847185993376031,9.50169342403627e-05,-0.004942202927616394,0.007781284993929375,0.00047417670701058054,0.007307108286918794,-0.004625432662807361,0.000942090675264548,-0.005567523338071909,-0.04993882674639605,0.0019347307447089902,-0.05187355749110504,2019
2019-07-08,2975.95,0.0238318662857142,904,0.22574768518518518,0.12347538644067796,0.11903753287197233,0.1563984030612245,0.11925472413793103,0.20780877384629579,0.1326601775482023,0.11759852618379397,378,295,196,29,0.10227229874450722,0.07514859629809348,0.037143678923293455,0.00443785356870563,0.015061651364408332,0.0012358159804265049,9.457089795918333e-05,0.0011412450824673215,0.012804314997532906,0.0004737546173469373,0.012330560380185969,0.0030464812908813734,0.0009398013104686297,0.002106679980412744,-0.032158627052242796,0.0019269719581443648,-0.03408559901038716,2019
2019-07-09,2979.63,0.0239178722857142,901,0.22771984073107052,0.12683809491525422,0.11865749097472923,0.15676611734693877,0.12316229032258065,0.20697622879639693,0.13730507484006557,0.11684824091928273,383,295,196,31,0.1008817458158163,0.06967115395633136,0.033603827024358116,0.008180603940524986,0.020456833920782846,0.004500484767317741,9.491219160997698e-05,0.004405572575707764,0.008158917657601118,0.00047282444359410275,0.007686093214007015,0.008634830012182413,0.0009365038025321218,0.007698326209650291,-0.03262784714896678,0.0019194729465230496,-0.03454732009548983,2019
2019-07-10,2993.07,0.0240532666666666,890,0.22444925706940874,0.11770292,0.11440223263888888,0.14864210869565217,0.11312003448275862,0.20537801075031217,0.12644608536919727,0.11284284001694385,389,300,184,29,0.10674633706940874,0.0789319253811149,0.03552207421289355,0.0033006873611111237,0.01360324535225342,0.0022826717159195975,9.544947089947064e-05,0.002187222245020127,-0.002894193394871547,0.00047131924603174483,-0.003365512640903292,0.008811508905758113,0.0009329383172713511,0.007878570588486762,-0.018539906135948366,0.0019111646707293988,-0.020451070806677765,2019
2019-07-11,2999.91,0.0237452574999999,1037,0.22769298477157363,0.11483455666666667,0.11369602040816328,0.14767304918032786,0.10956800000000001,0.20826900446118365,0.12337369407485851,0.11162922553073591,394,300,183,26,0.11285842810490695,0.08489531038632514,0.03810504918032785,0.0011385362585033948,0.011744468544122602,0.0046094985236418,9.42272123015869e-05,0.0045152713113402135,-0.0016013294453403534,0.00046922269841269724,-0.0020705521437530505,0.0012525861208184876,0.0009287424404761888,0.00032384368034229876,-0.027461107611929946,0.0019023964200680233,-0.02936350403199797,2019
2019-07-12,3013.77,0.0238379008333333,1043,0.2225170125,0.11191211744966444,0.10870582269503547,0.14004743604651163,0.10566776000000001,0.20073574060285004,0.1198756675052865,0.10543587239616495,400,298,172,25,0.11060489505033556,0.08086007309756355,0.03437967604651161,0.003206294754628969,0.01443979510912155,0.00017584401022740885,9.459484457671944e-05,8.124916565068941e-05,-0.012406717656736864,0.00046791396825396743,-0.012874631624990831,0.004003561856841291,0.0009249985189909282,0.0030785633378503626,-0.04410025623591598,0.0018945544756235793,-0.04599481071153956,2019
2019-07-15,3014.3,0.0235974624999999,860,0.2205455277044855,0.11093505016722409,0.11240972575250838,0.1470562886597938,0.10590633333333334,0.20351274015563994,0.11950534290758563,0.1105163434899672,379,299,194,27,0.1096104775372614,0.08400739724805431,0.04114995532646047,-0.001474675585284288,0.008988999417618437,-0.003409581359505424,9.36407242063488e-05,-0.003503222083711773,-0.009757833706651472,0.0004660466931216925,-0.010223880399773165,0.0022103411166635137,0.0009206221381330294,0.0012897189785304843,-0.029621969813987792,0.001885927165060465,-0.03150789697904826,2019
2019-07-16,3004.04,0.0235385625,890,0.22212214705882355,0.11579977,0.11014456944444445,0.14704265284974094,0.10962866666666667,0.20245354149887004,0.12386319071662834,0.1079048269900628,374,300,193,27,0.10632237705882355,0.0785903507822417,0.037413986183074274,0.005655200555555545,0.015958363726565533,-0.006552626285154946,9.340699404761905e-05,-0.0066460332792025656,0.0004759123545813367,0.00046367935893801905,1.223299564331767e-05,0.0030379500930753406,0.0009167325193688571,0.0021212175737064833,-0.05594275192757385,0.0018787052050264516,-0.0578214571326003,2019
2019-07-17,2984.42,0.0235249366666666,877,0.2279278446866485,0.1231432406779661,0.1158661605839416,0.15630368341708542,0.11864706666666666,0.20732403557487666,0.13303311019267106,0.11463784390295433,367,295,199,30,0.1047846040086824,0.07429092538220561,0.03765661675041876,0.007277080094024502,0.01839526628971673,0.003575535665450798,9.335292328042302e-05,0.003482182742170375,0.011705702300629688,0.00046161907123960636,0.011244083229390082,-0.0013546139410461784,0.0009124541222600135,-0.002267068063306192,-0.046928888859728346,0.0018728556051587266,-0.048801744464887074,2019
2019-07-18,2995.11,0.0234154575,885,0.22788928989361704,0.1161854881355932,0.11784682372881355,0.15421998445595855,0.11235377777777777,0.20929008810060093,0.1252972465845504,0.11570654513119032,376,295,193,27,0.11170380175802383,0.08399284151605052,0.04186620667818078,-0.0016613355932203477,0.009590701453360093,-0.006195889687754784,9.291848214285714e-05,-0.006288808169897641,0.0028539155661587933,0.00045951974206349163,0.0023943958240953017,-0.013969736333301803,0.0009078070124716537,-0.014877543345773457,-0.0361813083941326,0.0018664385846560816,-0.038047746978788675,2019
2019-07-19,2976.61,0.0233673475,873,0.23248658217270193,0.1264599,0.1188591690647482,0.15870827551020408,0.12278583333333333,0.21452431688471868,0.13814181797726896,0.11671695608019617,359,300,196,30,0.10602668217270195,0.07638249890744972,0.03592244217687075,0.007600730935251793,0.021424861897072794,0.0028247279603128136,9.272756944444445e-05,0.002732000390868369,0.016410279513578145,0.0004570845507369607,0.015953194962841186,-0.01508323200000196,0.0009040642531179119,-0.015987296253119874,-0.017952233404383282,0.0018599233829365044,-0.019812156787319787,2019
2019-07-22,2985.03,0.0230008942857142,692,0.22047986941580758,0.11716640254237289,0.11415981355932203,0.1517336928104575,0.11418069565217391,0.2047518786159293,0.1271762108206189,0.11270824964141896,291,236,153,23,0.10331346687343469,0.07757566779531042,0.0375529971582836,0.0030065889830508535,0.014467961179199934,0.006824164701727632,9.127339002267539e-05,0.006732891311704957,0.011968174823315006,0.0004545754450113369,0.011513599378303669,-0.04813812204390149,0.000899912499999998,-0.04903803454390149,-0.02872321344584524,0.001853866876293992,-0.03057708032213923,2019
2019-07-23,3005.47,0.02301937,691,0.21530030564784053,0.10824760416666666,0.11204756666666667,0.1434116,0.10514436363636363,0.19828488602709485,0.11737588505109539,0.11012315159958132,301,240,145,22,0.10705270148117386,0.08090900097599946,0.03826723636363637,-0.0037999625000000037,0.0072527334515140734,0.00467716366089344,9.134670634920635e-05,0.004585816954544233,0.0025620377384940867,0.0004530531604308381,0.0021089845780632487,-0.042029273044851774,0.0008958972576530596,-0.04292517030250483,-0.027334371848073177,0.0018494108996912298,-0.029183782747764408,2019
2019-07-24,3019.56,0.0229959057142857,694,0.21343453420195438,0.10593899999999999,0.10958678278688525,0.13783039568345323,0.10166609523809524,0.19740407988875822,0.11417045839076674,0.10761110414924639,307,244,139,21,0.10749553420195439,0.08323362149799148,0.036164300445358,-0.0036477827868852536,0.006559354241520349,-0.005276251069020221,9.125359410430834e-05,-0.00536750466312453,-0.01306031624167594,0.00045083505102040715,-0.013511151292696347,-0.04593984082204256,0.0008916224376417215,-0.046831463259684285,-0.03251774513844307,0.0018448168482928925,-0.034362561986735964,2019
2019-07-25,3003.67,0.0228017892857142,831,0.219974367003367,0.10869106666666667,0.1191925875,0.14826251034482757,0.10585376190476191,0.2016331177297922,0.1110896284226032,0.12284118797044993,297,240,145,21,0.11128330033670034,0.090543489307189,0.04240874844006566,-0.010501520833333333,-0.011751559547846735,0.007360474259664691,9.04832908163262e-05,0.007269990968848365,-0.016823651899460536,0.0004482872704081619,-0.0172719391698687,-0.022075163972686263,0.0008869727593537393,-0.022962136732040003,-0.05353042962748952,0.0018395447918869968,-0.05536997441937652,2019
2019-07-26,3025.86,0.0227350528571428,834,0.21652489644012946,0.10662829508196721,0.10497898770491804,0.13614418518518517,0.10200465,0.19826261961874694,0.11567634548944558,0.10359600980476755,309,244,135,20,0.10989660135816225,0.08258627412930136,0.03413953518518517,0.0016493073770491723,0.012080335684678034,-0.001617376729950298,9.021846371882064e-05,-0.0017075951936691186,-0.031493511513580125,0.0004469797023809512,-0.03194049121596108,-0.03607416799241306,0.0008831706887755084,-0.03695733868118857,-0.04996771271320534,0.0018349956489403445,-0.051802708362145684,2019
2019-07-29,3020.97,0.0226172785714285,859,0.22376166492146596,0.11109018032786885,0.11027919016393443,0.14492623626373627,0.10682374074074073,0.20833442055581147,0.12069680610835218,0.10853260387313815,382,305,182,27,0.1126714845935971,0.0876376144474593,0.038102495522995536,0.0008109901639344191,0.012164202235214028,-0.002581972383093503,8.975110544217658e-05,-0.0026717234885356798,-0.06010629686721659,0.0004453370549886611,-0.06055163392220525,-0.04648644136280701,0.0008793374929138305,-0.04736577885572084,-0.051558667863940026,0.0018302158445185758,-0.0533888837084586,2019
2019-07-30,3013.18,0.0224604064285714,862,0.23099932095490716,0.11466733,0.12364291999999999,0.15706330208333333,0.11222692307692307,0.2117650178353405,0.12480930442030674,0.12127164890230517,377,300,192,26,0.11633199095490716,0.08695571341503375,0.04483637900641026,-0.008975589999999992,0.003537655518001573,-0.010945190319276599,8.912859693877539e-05,-0.011034318916215374,-0.04459131078334581,0.00044284409722222145,-0.04503415488056803,-0.029250338547557916,0.0008755539214852591,-0.030125892469043177,-0.042452554294045076,0.0018252689411739048,-0.044277823235218984,2019
2019-07-31,2980.38,0.0223538649999999,854,0.24357682451253482,0.13397499661016948,0.13069923529411764,0.1738502780487805,0.13187467741935485,0.22476600543762812,0.1455052297613895,0.12909362896724672,359,295,205,31,0.10960182790236533,0.07926077567623863,0.04197560062942565,0.0032757613160518395,0.016411600794142778,-0.009039586726804723,8.87058134920631e-05,-0.009128292540296786,-0.03287952458036663,0.0004407873866213143,-0.033320311966987946,-0.048035511701372685,0.0008728440887188191,-0.04890835579009151,-0.018899928536027448,0.0018208251500741314,-0.02072075368610158,2019
2019-08-01,2953.56,0.0224722821428571,986,0.2638211807580175,0.15227186779661017,0.15200321355932203,0.2020011733333333,0.15265047222222222,0.2469055218742309,0.1636427181945183,0.15464416091197608,343,295,225,36,0.11154931296140735,0.08326280367971259,0.04935070111111109,0.00026865423728814064,0.00899855728254223,-0.007309385354454939,8.917572278911548e-05,-0.007398561077244055,-0.005251512073225849,0.00043868548894557735,-0.005690197562171426,-0.036534688191877385,0.0008716956694066499,-0.03740638386128403,-0.009217720988070416,0.0018168403314800274,-0.011034561319550443,2019
2019-08-02,2932.05,0.0223211057142857,965,0.2660121914893617,0.15251182413793102,0.16161135862068965,0.20796160730593605,0.1534796,0.24902137811327923,0.16185736016139488,0.1710313936265686,329,290,219,35,0.11350036735143071,0.08716401795188436,0.05448200730593605,-0.009099534482758631,-0.009174033465173731,-0.03023016208358668,8.857581632653055e-05,-0.030318737899913212,-0.0045806564788329176,0.0004361909863945571,-0.005016847465227474,-0.014902186706375916,0.0008694558493953122,-0.015771642555771227,-0.008831365034722993,0.0018122328229766263,-0.010643597857699619,2019
2019-08-05,2844.74,0.0219890532142857,808,0.2960584514767932,0.20341628169014084,0.20404905985915495,0.2564331260869565,0.20342746808510637,0.2836112966500398,0.21800667471870044,0.199434096053133,237,284,230,47,0.09264216978665238,0.06560462193133937,0.05300565800185014,-0.0006327781690141088,0.01857257866556744,0.012933013700777157,8.72581476757369e-05,0.01284575555310142,0.013619855504409532,0.0004340004379251694,0.013185855066484363,0.02736116067920543,0.0008672833134920619,0.02649387736571337,0.032182519075215396,0.0018080459097113196,0.030374473165504075,2019
2019-08-06,2881.77,0.0219421153571428,805,0.2712559962121212,0.17456711379310344,0.1754313551724138,0.22623204545454548,0.1747614761904762,0.2619638340830303,0.19028381878067596,0.17285885881863292,264,290,220,42,0.09668888241901777,0.07168001530235435,0.05147056926406929,-0.0008642413793103487,0.017424959962043046,0.0007665958837026665,8.707188633786825e-05,0.0006795239973647983,0.015340972235787925,0.0004327098242630377,0.014908262411524887,0.006481894897278954,0.000866696228618257,0.005615198668660696,0.03217542826865131,0.0018050264114120001,0.03037040185723931,2019
2019-08-07,2883.98,0.0218241867857142,797,0.265352,0.17850409310344828,0.1668894647887324,0.21879358411214953,0.17850542857142856,0.25098058735618967,0.19507885117235152,0.16496924880481909,264,290,214,42,0.0868479068965517,0.05590173618383815,0.04028815554072096,0.01161462831471588,0.030109602367532434,0.018588425780336086,8.66039158163262e-05,0.01850182186451976,-0.0151559871210061,0.00043205670209750475,-0.015588043823103605,0.013928305313075859,0.0008664417557003019,0.013061863557375557,0.032319036303224025,0.001802440664529914,0.030516595638694112,2019
2019-08-08,2938.09,0.0218436675,1032,0.25944272776280325,0.14420963103448275,0.15364433448275863,0.2008398778280543,0.14275736363636365,0.24021098207295677,0.15228876735526817,0.15705671693392628,371,290,221,33,0.1152330967283205,0.0879222147176886,0.05808251419169064,-0.009434703448275877,-0.004767949578658115,-0.006638529760062074,8.668122023809524e-05,-0.006725210980300169,-0.03128317611865158,0.00043301018046107263,-0.03171618629911265,-0.005166330096736508,0.0008665904948348448,-0.0060329205915713524,0.013636605681569271,0.0018006445619222044,0.011835961119647067,2019
2019-08-09,2918.65,0.0217690875,1025,0.26830396944444446,0.15806448620689656,0.1607385,0.21101631838565021,0.1566272,0.2506824286586575,0.17249122018090227,0.16121298386963495,360,290,223,35,0.1102394832375479,0.07819120847775521,0.05438911838565022,-0.002674013793103447,0.011278236311267315,-0.012029650100344293,8.638526785714286e-05,-0.012116035368201435,-0.010321530227542891,0.0004332648630007552,-0.010754795090543647,-0.024816735894741145,0.0008658908122951624,-0.025682626707036308,0.0205974009710729,0.0017991653314800276,0.018798235639592875,2019
2019-08-12,2883.75,0.0216638185714285,861,0.2772763353115727,0.18349179655172412,0.1827908551724138,0.23481678656126484,0.18323326666666667,0.2630118863405567,0.19713067429735162,0.18251717130091344,337,290,253,45,0.09378453875984857,0.0658812120432051,0.05158351989459817,0.0007009413793103159,0.014613502996438182,0.014654130432155564,8.596753401360516e-05,0.01456816289814196,0.01374130517479594,0.0004332828755668925,0.013308022299229049,-0.001863894620447944,0.0008654396923076932,-0.0027293343127556373,0.03983071012221125,0.001798083289246467,0.03803262683296479,2019
2019-08-13,2926.32,0.0217775285714285,858,0.2595200082191781,0.15599044982698962,0.1614251660899654,0.21121651867219918,0.15660571794871794,0.2435665101269008,0.17007495718875115,0.16168930591690914,365,289,241,39,0.10352955839218847,0.07349155293814966,0.054610800723481234,-0.005434716262975786,0.008385651271842015,-0.029730363473091367,8.641876417233531e-05,-0.029816782237263702,-0.00885907733850894,0.0004339864043552195,-0.00929306374286416,-0.01972635693328863,0.0008649108175911401,-0.02059126775087977,0.028051550474891815,0.0017948103463301703,0.026256740128561645,2019
2019-08-14,2840.6,0.0220644633333333,840,0.28474067100977196,0.20620536140350879,0.19982975087719299,0.24772008230452675,0.20588506382978725,0.27403479892874644,0.21796967864065023,0.19659546938843478,307,285,243,47,0.07853530960626318,0.05606512028809621,0.0418350184747395,0.0063756105263158,0.021374209252215448,0.002461236782690441,8.755739417989405e-05,0.002373679388510547,0.029084292434082042,0.00043438505360279725,0.028649907380479244,0.016528147726604357,0.0008632962555163103,0.015664851471088048,0.057057295504321134,0.0017904377985139424,0.05526685770580719,2019
2019-08-15,2847.6,0.0219078475,852,0.27600991025641025,0.19803372500000002,0.19118385357142856,0.23818964806866952,0.19845667391304347,0.26391604392599494,0.2041712396110572,0.19137229296473274,312,280,233,46,0.07797618525641023,0.05974480431493773,0.039732974155626044,0.0068498714285714635,0.012798946646324472,0.014323116131046663,8.693590277777778e-05,0.014236180228268886,0.026116846021915184,0.0004335803143737723,0.02568326570754141,0.026674346382654764,0.0008604236671754182,0.025813922715479345,0.05145552311566449,0.0017842640430504044,0.049671259072614084,2019
2019-08-16,2888.68,0.0217736266666666,848,0.2618220324483776,0.17223454137931035,0.16561080208333334,0.21251348878923765,0.17256395,0.24564025592917663,0.1796678299104054,0.1735182549681841,339,290,223,40,0.08958749106906724,0.06597242601877124,0.039949538789237654,0.00662373929597701,0.006149574942221292,0.012033185301994735,8.640328042328016e-05,0.011946782021571454,-0.014495205667198254,0.0004326259492944071,-0.014927831616492662,0.012993851072760337,0.0008582087592955995,0.012135642313464737,0.03971083557256225,0.0017790586509696586,0.03793177692159259,2019
2019-08-19,2923.65,0.0218411078260869,675,0.24521831338028166,0.1529091168831169,0.14822785714285713,0.19458070454545454,0.15218035714285713,0.22833456464716276,0.16654444077929742,0.14683950060783,284,231,176,28,0.09230919649716476,0.06179012386786534,0.042400347402597405,0.004681259740259763,0.019704940171467428,-0.0079462520811493,8.667106280193214e-05,-0.008032923143951232,-0.015605199795243946,0.00043215681674080075,-0.016037356611984747,-0.0059623636303417805,0.0008563736931580337,-0.006818737323499814,0.028020273805502996,0.0017745908719893797,0.026245682933513616,2019
2019-08-20,2900.51,0.0218779881818181,674,0.2496610401459854,0.1598838017241379,0.1565402974137931,0.20317927528089888,0.16098773333333333,0.2358913431527897,0.17480951189611849,0.1547156252887131,274,232,178,30,0.08977723842184748,0.061081831256671215,0.04219154194756555,0.0033435043103448026,0.02009388660740538,0.008213006299499564,8.68174134199131e-05,0.008126188886079652,-0.01086727959477971,0.00043092441323592064,-0.01129820400801563,0.012767610477159215,0.0008540915334173259,0.01191351894374189,0.03598648092130822,0.0017692617045011285,0.03421721921680709,2019
2019-08-21,2924.43,0.021861669047619,664,0.2381598309859155,0.14641760169491527,0.14484550423728815,0.18653939877300613,0.14666866666666667,0.2225286968988801,0.15930730260205558,0.143103424578128,284,236,163,27,0.09174222929100023,0.06322139429682452,0.03987073210633946,0.0015720974576271252,0.016203878023927587,-0.0005062096294763871,8.675265495086905e-05,-0.0005929622844272562,-0.01255614470747774,0.0004289112019135131,-0.012985055909391252,0.017480527071872854,0.0008515127693738297,0.016629014302499023,0.022865865661507726,0.0017632530212399453,0.02110261264026778,2019
2019-08-22,2922.95,0.0216673475,925,0.24526229225352114,0.1528528146551724,0.14774715584415585,0.19412458579881656,0.15251782142857143,0.22772456010793107,0.16657971738968325,0.14664382140441867,284,232,169,28,0.09240947759834875,0.06114484271824783,0.04160676437024513,0.005105658811016545,0.019935895985264573,-0.026288935558066755,8.59815376984127e-05,-0.026374917095765168,0.0005575003607396998,0.00042684335280164607,0.0001306570079380537,0.018896940619624394,0.0008492462538787428,0.018047694365745652,0.02327514772755028,0.0017569536411428772,0.021518194086407403,2019
2019-08-23,2847.11,0.0216554052631578,914,0.2785897352941176,0.1789781666666667,0.20161733333333334,0.2402490837988827,0.1818089117647059,0.2662857221277574,0.18515972703027336,0.20169982438521716,238,228,179,34,0.09961156862745094,0.08112599509748405,0.05844017203417681,-0.022639166666666655,-0.0165400973549438,0.01092319117394898,8.593414786967382e-05,0.010837257026079307,0.027489056739958707,0.0004255828100011925,0.027063473929957515,0.0450918713363727,0.0008480725293889469,0.04424379880698375,0.041112071195945454,0.0017515067973220152,0.03936056439862344,2019
2019-08-26,2878.38,0.0215305421428571,757,0.26181403765690375,0.17274167672413793,0.18394819827586206,0.22803386153846153,0.17386721212121214,0.2511278395404199,0.1847921955491351,0.18285837137884067,239,232,195,33,0.08907236093276583,0.0663356439912848,0.054166649417249385,-0.011206521551724136,0.0019338241702944181,-0.003208331880684989,8.543865929705199e-05,-0.003293770539982041,0.009642836164902064,0.00042421687641723294,0.00921861928848483,0.034490945691865144,0.0008473403713151913,0.033643605320549955,0.03632855892203362,0.001746549291175697,0.034582009630857925,2019
2019-08-27,2869.16,0.0213706589285714,756,0.26456285774058574,0.18432797368421053,0.18280097807017545,0.23073355208333335,0.18533980555555557,0.25328227976201,0.19717556143394996,0.17969596885033332,239,228,192,36,0.08023488405637522,0.05610671832806005,0.04539374652777778,0.001526995614035076,0.017479592583616643,0.00652414118680143,8.480420209750556e-05,0.006439336984703925,0.023634890071938707,0.00042316712018140515,0.023211722951757302,0.044902936623344235,0.0008472049376417218,0.044055731685702516,0.03710501969751259,0.001742521847298146,0.03536249785021445,2019
2019-08-28,2887.94,0.0213405710714285,762,0.26200052845528454,0.1748887025862069,0.17615134051724138,0.22484374226804124,0.1750151212121212,0.24966140425294558,0.18776441645368017,0.176092911820067,246,232,194,33,0.08711182586907765,0.06189698779926542,0.049828621055920036,-0.0012626379310344826,0.011671504633613161,0.01260743543874108,8.468480583900199e-05,0.012522750632902079,0.030036671779350467,0.0004226015674603167,0.02961407021189015,0.04125376622137895,0.0008450953266415246,0.040408670894737424,0.0252503700988635,0.0017384426735453115,0.023511927425318185,2019
2019-08-29,2924.58,0.0213496907142857,759,0.25628174626865674,0.16064247435897436,0.16030821367521367,0.21089645312500002,0.1592088064516129,0.24099818685012672,0.1744663218975869,0.16006157759781878,268,234,192,31,0.09563927190968238,0.06653186495253982,0.05168764667338713,0.00033426068376068985,0.014404744299768124,0.0006426208211523476,8.472099489795913e-05,0.0005578998262543885,0.018339440258884915,0.00042240290107709683,0.01791703735780782,0.027921712338975918,0.0008424567371586303,0.027079255601817287,0.01767786134483005,0.0017337379799512072,0.015944123364878843,2019
2019-08-30,2926.46,0.02131119,788,0.26492627622377624,0.16282622413793102,0.1620269525862069,0.2164014717948718,0.16222419999999999,0.24971424976164144,0.17794312340880997,0.16251129058465338,286,232,195,30,0.10210005208584522,0.07177112635283148,0.054177271794871806,0.0007992715517241289,0.015431832824156583,-0.006923029401107576,8.456821428571429e-05,-0.00700759761539329,0.017602814596413874,0.0004224897193877544,0.01718032487702612,0.024138555911857373,0.000839119380977027,0.023299436530880346,0.004701110297620809,0.001728231259429665,0.0029728790381911437,2019
2019-09-03,2906.27,0.0212660035714285,771,0.27628263970588235,0.1708005775862069,0.17425698275862067,0.2285724368421053,0.17187541379310345,0.2612675608572395,0.18708536691104374,0.17352648589023664,272,232,190,29,0.10548206211967545,0.07418219394619577,0.05669702304900184,-0.0034564051724137734,0.013558881020807101,0.010783722026351545,8.438890306122421e-05,0.01069933312329032,0.024848109526963057,0.00042312349489795836,0.0244249860320651,0.03364001390090924,0.000836281677388345,0.03280373222352089,-0.006441301689878463,0.0017220671675929303,-0.008163368857471393,2019
2019-09-04,2937.78,0.0212281396428571,775,0.25824062758620686,0.1522159396551724,0.1520036724137931,0.20203872832369943,0.15165677777777778,0.23968299866349815,0.1672607497341493,0.1519156451259592,290,232,173,27,0.10602468793103445,0.07242224892934884,0.05038195054592165,0.0002122672413793214,0.015345104608190108,0.012925922894213253,8.423864937641706e-05,0.012841684244836836,0.02126804655140547,0.0004240378174603167,0.020844008733945152,0.023198915409493266,0.0008338282757701219,0.022365087133723146,-0.009284641479497407,0.0017156135865271705,-0.011000255066024577,2019
2019-09-05,2976.0,0.0212905071428571,922,0.2514669598930481,0.14202783032490976,0.14203372563176894,0.18812729411764706,0.13702271875,0.2328472063964125,0.15343161305981204,0.14055912484835886,374,277,221,32,0.10943912956813837,0.07941559333660045,0.051104575367647065,-5.895306859182714e-06,0.012872488211453176,0.0009102039182753089,8.448613945578214e-05,0.0008257177788195268,0.011217094442028187,0.00042249375918120794,0.010794600682846978,0.01029294754993581,0.0008309315217073858,0.009462016028228425,-0.008093822704481595,0.0017087298396450843,-0.00980255254412668,2019
2019-09-06,2978.71,0.0213715689285714,989,0.2446246229946524,0.13583085763888889,0.1337452326388889,0.1782693640776699,0.130556,0.22379935777259344,0.14787966103954234,0.13286194822681344,374,288,206,32,0.10879376535576352,0.0759196967330511,0.047713364077669906,0.00208562499999998,0.0150177128127289,-9.400484131865216e-05,8.480781320861667e-05,-0.00017881265452726885,0.009582272080090895,0.00042005383608153336,0.009162218244009361,0.004475134671359695,0.0008272541124103334,0.0036478805589493617,-0.013492388880346262,0.0017014622387380553,-0.015193851119084317,2019
2019-09-09,2978.43,0.0214709014285714,824,0.24388648986486486,0.1379021956521739,0.1336551739130435,0.17999331976744185,0.13297824,0.22568758445174622,0.14989417483993447,0.13226253636728946,296,230,172,25,0.10598429421269095,0.07579340961181175,0.04701507976744185,0.004247021739130413,0.01763163847264501,0.00032226552944139824,8.520198979591825e-05,0.00023706353964547997,0.006535741315443473,0.0004166296615892726,0.0061191116538542,0.004472211949244417,0.0008228995740555176,0.003649312375188899,-0.029081550552311798,0.0016942479697471256,-0.030775798522058924,2019
2019-09-10,2979.39,0.0214964128571428,843,0.24470578666666667,0.12696553813559322,0.1399497627118644,0.1810764674556213,0.12521395833333335,0.2253278835180643,0.13967914751413416,0.13878427789528602,300,236,169,24,0.11774024853107345,0.08564873600393014,0.05586250912228796,-0.012984224576271186,0.000894869618848132,0.007203659050794233,8.530322562358254e-05,0.00711835582517065,0.008791904373946275,0.0004131581824903866,0.008378746191455889,-0.004302065669868617,0.0008182322781371499,-0.005120297948005767,-0.0203404658629029,0.0016858790014931573,-0.022026344864396058,2019
2019-09-11,3000.93,0.0208390369565217,842,0.24271568831168833,0.12482013983050848,0.13384781779661017,0.17363611728395062,0.12183677272727272,0.22498159193809797,0.13706437448748116,0.13141985335861064,308,236,162,22,0.11789554848117985,0.08791721745061681,0.051799344556677895,-0.009027677966101696,0.005644521128870511,0.002874970784836015,8.269459109730834e-05,0.0027922761937387067,0.001930868858087755,0.00040979045830980514,0.0015210783997779498,-0.005366045820625667,0.0008139056942369234,-0.00617995151486259,-0.021148916067645976,0.001677401622430421,-0.022826317690076398,2019
2019-09-12,3009.57,0.0206756465217391,1014,0.23752846949602122,0.13077931456953643,0.12292415120274913,0.1670080291262136,0.12555240625,0.2170199518955693,0.14159025694465657,0.12066305804411358,377,302,206,32,0.10674915492648479,0.07542969495091273,0.0414556228762136,0.007855163366787293,0.020927198900542995,-0.0007246184436619995,8.204621635610753e-05,-0.000806664660018107,-0.0009241468920924261,0.00040843776252617777,-0.0013325846546186038,-0.010672887710667614,0.0008126223185591159,-0.01148551002922673,-0.01314435363933742,0.0016710821255791445,-0.014815435764916566,2019
2019-09-13,3007.39,0.0205086769565217,1006,0.23412310079575596,0.12600391245791245,0.12236005067567568,0.16471494974874373,0.12085193333333333,0.21340564279406,0.1361599665198794,0.12041610633797278,377,297,199,30,0.10811918833784351,0.07724567627418058,0.043863016415410405,0.0036438617822367736,0.015743860181906627,-0.0031405356059661417,8.138363871635595e-05,-0.0032219192446824975,-0.005107137408731298,0.0004072002763288,-0.005514337685060098,-0.015278777678853222,0.0008113011305476793,-0.0160900788094009,-0.01380777736974211,0.0016651799568420844,-0.015472957326584194,2019
2019-09-16,2997.96,0.0205960886956521,855,0.23576984982935156,0.13530544583333332,0.12763204219409283,0.17373122941176472,0.1312371851851852,0.21783152351133203,0.1453716370994412,0.126538390311259,293,240,170,27,0.10046440399601825,0.07245988641189083,0.042494044226579514,0.007673403639240489,0.018833246788182212,0.002578428587944307,8.173051069703214e-05,0.002496698077247275,-0.002063529366199124,0.0004062699124662449,-0.002469799278665369,-0.007103315388179674,0.0008098976040762211,-0.007913212992255895,-0.0007608064915400565,0.0016595694332050936,-0.00242037592474515,2019
2019-09-17,3005.7,0.0206477463636363,850,0.2331013333333333,0.1331407625,0.12691470833333335,0.17093663855421687,0.129507625,0.2151920053844155,0.14468535215173978,0.12602556136050966,297,240,166,24,0.09996057083333329,0.07050665323267571,0.04142901355421688,0.006226054166666661,0.01865979079123012,0.00034262353493549175,8.193550144300118e-05,0.0002606880334924906,-0.013093970043814988,0.00040507409564676346,-0.013499044139461751,-0.022015874202181044,0.0008073813677556059,-0.02282325556993665,-0.00534078285339242,0.0016533754750874265,-0.006994158328479846,2019
2019-09-18,3006.73,0.0204981576190476,846,0.23193430201342283,0.1289414875,0.12556155416666667,0.16750764375,0.12516175,0.2119629245248484,0.14032759755635266,0.12319978663194724,298,240,160,24,0.10299281451342282,0.07163532696849575,0.04234589375,0.003379933333333335,0.01712781092440542,1.995503465594414e-05,8.134189531368096e-05,-6.138686065773682e-05,-0.007296914678713487,0.00040411523592711826,-0.007701029914640605,-0.04042393912572338,0.0008038499887615841,-0.041227789114484964,-0.0029243877299855027,0.0016465799207343722,-0.004570967650719875,2019
2019-09-19,3006.79,0.0203637999999999,845,0.23246257382550337,0.12795607916666665,0.12447753333333332,0.16451983225806452,0.12413754166666667,0.21188223633539316,0.137232214055199,0.12393764235631477,298,240,155,24,0.10450649465883671,0.07465002228019416,0.04038229059139785,0.0034785458333333324,0.013294571698884233,-0.004907608960300919,8.080873015872976e-05,-0.004988417690459648,-0.009748740818575257,0.0004041845560329381,-0.010152925374608195,-0.032503511923646526,0.0008004434154433678,-0.03330395533908989,-0.006871388410354951,0.0016395771077619612,-0.008510965518116913,2019
2019-09-20,2992.07,0.0202742252631578,839,0.2402060620689655,0.1424852583333333,0.1317886146788991,0.1759353540372671,0.13945228,0.2197009389188127,0.15598519157428645,0.12781312587911556,290,240,161,25,0.09772080373563219,0.06371574734452626,0.03648307403726708,0.010696643654434207,0.02817206569517089,-9.692756343391435e-05,8.04532748538008e-05,-0.00017738083828771516,-0.010171640270121901,0.0004041008542188794,-0.01057574112434078,-0.013479161294116516,0.0007969895877789691,-0.014276150881895485,0.00488432804782109,0.0016331057618624903,0.0032512222859586,2019
2019-09-23,2991.78,0.0202947428571428,671,0.23537471226415094,0.13786622222222222,0.13205051977401128,0.17906040625,0.13570125,0.21911360516353373,0.15123302692250906,0.13101820176764722,212,180,128,20,0.09750849004192871,0.06788057824102467,0.04335915625,0.0058157024482109465,0.020214825154861837,-0.008452012089671584,8.053469387755079e-05,-0.008532546783549136,-0.0050397860219805945,0.00040362769160997626,-0.0054434137135905706,-0.01787059598827203,0.000793754851473921,-0.01866435083974595,0.0014061998686443825,0.0016260728186413423,-0.00021987294999695987,2019
2019-09-24,2966.6,0.0204061137142857,667,0.2515045320197044,0.1552635536723164,0.14903657062146894,0.19885085294117646,0.1532010909090909,0.23664734238183846,0.16950139707177153,0.14821473018651332,203,177,136,22,0.09624097834738801,0.06714594531006693,0.04564976203208557,0.006226983050847457,0.02128666688525821,0.006139678900037132,8.097664172335595e-05,0.006058702258313776,-0.008921904158366011,0.0004023072721088425,-0.009324211430474853,-0.025101750411884668,0.0007908137018140572,-0.025892564113698724,0.012701305543959146,0.0016189520079837462,0.0110823535359754,2019
2019-09-25,2984.87,0.0205156262857142,669,0.2433266682464455,0.14497234463276837,0.13714328323699423,0.1857926046511628,0.1432728,0.22811083728401613,0.15945066538907648,0.13542207686233426,211,177,129,20,0.09835432361367713,0.06866017189493964,0.042519804651162785,0.007829061395774134,0.024028588526742223,-0.0024318711052058748,8.14112154195008e-05,-0.0025132823206253756,-0.0331270244470099,0.0003997347528344659,-0.033526759199844366,-0.02217807909307134,0.0007866700816326511,-0.02296474917470399,0.008480224827391629,0.0016114368260109568,0.006868788001380672,2019
2019-09-26,2977.62,0.0203427071428571,815,0.24171471428571428,0.14697610878661088,0.14190214042553193,0.19025721546961327,0.14576035714285715,0.22514042380855703,0.16126521948343703,0.14105427732338024,266,239,181,28,0.0947386054991034,0.06387520432512,0.04449685832675612,0.0050739683610789565,0.020210942160056783,-0.005330508411847584,8.072502834467102e-05,-0.005411233440192255,-0.022754771105071254,0.00039625885941042973,-0.023151029964481682,-0.013350999141814354,0.0007820847127739969,-0.014133083854588351,0.014976522264965153,0.0016027786944916825,0.013373743570473471,2019
2019-09-27,2961.79,0.0201549882857142,809,0.25043575289575287,0.15515410169491525,0.15362475847457627,0.20228274175824174,0.15462827586206895,0.23531582939841417,0.17026743859020108,0.15184482256461374,259,236,182,29,0.09528165120083762,0.06504839080821309,0.04765446589617278,0.0015293432203389856,0.01842261602558734,0.005034926684707536,7.998011224489762e-05,0.004954946572462638,-0.0033075210239946378,0.00039288873356008966,-0.0037004097575547273,0.0028590424831777994,0.0007777347786753576,0.0020813077045024417,0.025872892451460718,0.001594633022722975,0.024278259428737743,2019
2019-09-30,2976.74,0.0199619971428571,821,0.24428462898550726,0.14841809698996655,0.1446084705882353,0.19386690434782608,0.1479245789473684,0.22794863350392539,0.16427165727396126,0.1446875424159703,345,299,230,38,0.09586653199554071,0.06367697622996413,0.04594232540045767,0.003809626401731242,0.01958411485799097,-0.012334130226057026,7.921427437641706e-05,-0.012413344500433443,-0.012830809966291492,0.0003901271598639449,-0.013220937126155437,-0.0035639263755963347,0.0007738987140495075,-0.004337825089645842,0.02000522347868556,0.001586579254015492,0.018418644224670065,2019
2019-10-01,2940.25,0.0197578388571428,811,0.2555815673981191,0.1633994745762712,0.16208609152542372,0.21297517372881355,0.16367635897435898,0.2406614887402187,0.1790037388729678,0.16027024691679917,319,295,236,39,0.09218209282184792,0.061657749867250894,0.04929881475445458,0.0013133830508474664,0.018733491956168635,-0.01806544138860686,7.840412244897937e-05,-0.01814384551105584,-0.016179846253518558,0.0003885064297052147,-0.016568352683223774,0.01867663912269651,0.0007704575547524556,0.017906181567944057,0.035587401322792034,0.0015782761757841997,0.03400912514700784,2019
2019-10-02,2887.61,0.0196397011428571,814,0.26461121863799286,0.18653632068965517,0.18578017586206896,0.2298870442477876,0.18743632558139536,0.2515220525699825,0.19968671672618288,0.1824622425473899,279,290,226,43,0.07807489794833769,0.051835335843799624,0.042450718666392245,0.0007561448275862082,0.01722447417879297,0.007940382236732714,7.793532199546468e-05,0.00786244691473725,0.010948945353938682,0.00038693532879818533,0.010562010025140497,0.03474053273739534,0.0007675899848828412,0.033972942752512496,0.05062539119759481,0.001570050230772862,0.049055340966821945,2019
2019-10-03,2910.63,0.0194934354285714,944,0.2579971237458194,0.1713681275862069,0.17591223103448275,0.22158607623318385,0.17368441025641024,0.2490220779653138,0.1835283352482507,0.18428203267816562,299,290,223,39,0.0866289961596125,0.0654937427170631,0.047901665976773616,-0.004544103448275855,-0.0007536974299149068,0.0141167416692291,7.735490249433095e-05,0.014039386766734769,0.009403771963256846,0.0003858258533635671,0.00901794610989328,0.02955916915900519,0.0007647946099773234,0.028794374549027866,0.052300987467964764,0.0015619281882558553,0.05073905927970891,2019
2019-10-04,2952.01,0.0194590717142857,949,0.24592936170212765,0.15442014576271185,0.1517614111498258,0.1981577441860465,0.15376166666666669,0.2280466954259215,0.17015269079616158,0.15030267879876402,329,295,215,36,0.0915092159394158,0.05789400462975991,0.04439607751937982,0.0026587346128860434,0.019850011997397554,-0.004488362257589361,7.721853854875279e-05,-0.004565580796138114,0.00616656350717246,0.00038484604511526785,0.0057817174620571924,0.01151538184406256,0.0007617787898242623,0.010753603054238297,0.041881456601456535,0.0015534907857615245,0.04032796581569501,2019
2019-10-07,2938.79,0.0195535731428571,802,0.24640853067484664,0.16332271525423728,0.15368775352112676,0.20344543103448276,0.1632156,0.22952051834526538,0.17919598242930065,0.15183753719451903,326,295,232,40,0.08308581542060936,0.050324535915964724,0.04022983103448277,0.009634961733110514,0.02735844523478162,-0.015683166513284146,7.75935442176869e-05,-0.015760760057501832,0.009266883590695048,0.00038377155418556266,0.008883112036509485,0.022851851599527004,0.0007588976355347685,0.022092953963992235,0.045183384377638594,0.001545691565523429,0.043637692812115166,2019
2019-10-08,2893.06,0.0193619214285714,791,0.2658788075601375,0.1857827551724138,0.1790669411764706,0.22908834599156117,0.1856803409090909,0.2538045201721683,0.19832507335487615,0.1804985772263244,291,290,237,44,0.08009605238772369,0.055479446817292166,0.04340800508247025,0.006715813995943204,0.01782649612855175,0.009063350218850439,7.683302154195e-05,0.008986517197308488,0.0348564853762151,0.0003819511250472409,0.03447453425116786,0.034959962370200756,0.0007547244229497346,0.03420523794725102,0.06156883007575087,0.0015371546397864675,0.0600316754359644,2019
2019-10-09,2919.4,0.0193601133333333,796,0.25426010610932476,0.16888421694915254,0.16576087671232875,0.21316603070175438,0.16934833333333335,0.24004124090540235,0.18373577527862534,0.16363685646385065,311,295,228,39,0.08537588916017222,0.05630546562677702,0.04381769736842103,0.003123340236823785,0.020098918814774686,0.006395208846051041,7.682584656084643e-05,0.006318382999490195,0.023791587383456853,0.00038065465608465597,0.023410932727372196,0.028739705736993602,0.0007513052846277389,0.027988400452365864,0.05523188678044598,0.0015289083401832928,0.053702978440262686,2019
2019-10-10,2938.13,0.01924652375,947,0.24844444478527608,0.16026243050847458,0.1587526198630137,0.20517163677130046,0.16091682051282052,0.23254783805071658,0.1746937088770445,0.15691816918252005,326,295,223,39,0.0881820142768015,0.05785412917367208,0.044254816258479934,0.0015098106454608795,0.017775539694524445,0.010879533213144676,7.637509424603175e-05,0.010803158118898645,0.020155397195748184,0.00037896875661375633,0.01977642843913443,0.024263095074411774,0.0007479408978174592,0.023515154176594315,0.051394033664177885,0.001520646463293648,0.04987338720088424,2019
2019-10-11,2970.27,0.0191883,943,0.23454941260744985,0.14721636301369864,0.14210488686131387,0.18279610194174756,0.1466465,0.22706097595272973,0.15922190993906077,0.13950285339310534,349,292,206,36,0.08733304959375121,0.06783906601366896,0.036149601941747544,0.005111476152384775,0.019719056545955432,-0.0013880421740668583,7.614404761904762e-05,-0.0014641862216859059,0.005348818336890128,0.00037693274470899447,0.004971885592181134,0.017447988193634828,0.0007443188874716539,0.016703669306163176,0.03855012713223365,0.0015126875552721058,0.037037439576961546,2019
2019-10-14,2966.15,0.019094825,836,0.2245131512605042,0.13727672881355932,0.1372258941979522,0.17821735211267606,0.1363591142857143,0.2086091385801321,0.15015952346170963,0.13618775677164519,357,295,213,35,0.08723642244694488,0.05844961511842248,0.04185823782696177,5.083461560712044e-05,0.013971766690064447,0.009906435272235942,7.577311507936507e-05,0.009830662157156576,0.01358496800883192,0.00037512608134920595,0.013209841927482716,0.024401892142349772,0.0007407541964285699,0.0236611379459212,0.04150156734438053,0.00150651845663265,0.03999504888774788,2019
2019-10-15,2995.68,0.01903521125,838,0.21720661904761904,0.12811841946308725,0.1251612551724138,0.16372702512562812,0.12566912903225808,0.19870537327907972,0.1383637227376064,0.1259634861839878,378,298,199,31,0.08908819958453179,0.060341650541473335,0.03805789609337004,0.002957164290673442,0.012400236553618577,-0.0020015477739079852,7.553655257936508e-05,-0.0020770843264873505,0.00010347699398543102,0.00037277329790249365,-0.00026929630391706266,0.013662714582046083,0.0007369074248866195,0.012925807157159463,0.032306429443822185,0.0015006370762471624,0.03080579236757502,2019
2019-10-16,2989.69,0.0189352666666666,835,0.219913345844504,0.12705005762711866,0.1272968724137931,0.16460887939698493,0.12501096875,0.20146879221033198,0.13501269062930965,0.13164017243847703,373,295,199,32,0.09286328821738535,0.06645610158102233,0.039597910646984924,-0.0002468147866744319,0.0033725181908326185,0.002759018658342625,7.513994708994682e-05,0.002683878711252678,0.004948118353536819,0.00037065062854308296,0.004577467724993736,0.018912309974003526,0.000732282068452379,0.018180027905551146,0.03514472030082571,0.0014940470574842223,0.033650673243341485,2019
2019-10-17,2997.95,0.01873344875,836,0.22251016137566137,0.12609452684563757,0.12645445084745763,0.16288305670103093,0.12363690322580645,0.20421635838655244,0.13748831023207425,0.12450555515127139,378,298,194,31,0.0964156345300238,0.06672804815447819,0.03924615347522448,-0.00035992400182005557,0.012982755080802863,-0.003927045645713622,7.433908234126984e-05,-0.004001384728054892,0.004107697878663538,0.00036897214120370283,0.0037387257374598354,0.013125839801857067,0.0007273202988000738,0.012398519503056994,0.040051705095083184,0.0014872399951423771,0.038564465099940805,2019
2019-10-18,2986.2,0.0187330208333333,829,0.22572522972972972,0.13391290666666666,0.12627124113475177,0.16476894871794873,0.13168267741935483,0.20676571578747927,0.14036273407415398,0.1322364962100676,370,300,195,31,0.09181232306306306,0.06640298171332529,0.0330862712985939,0.007641665531914893,0.008126237864086366,0.0068481074978751595,7.433738425925913e-05,0.006773770113615901,0.01209916985674484,0.00036738614276265953,0.01173178371398218,0.026668863954673213,0.0007227944959372619,0.02594606945873595,0.04448175516150146,0.001480175107073019,0.043001580054428445,2019
2019-10-21,3006.72,0.0185019235714285,663,0.2194058172757475,0.12358058050847458,0.1274688686440678,0.16202169620253165,0.12041539999999999,0.2005823488458179,0.13374599949175855,0.12544772329593137,301,236,158,25,0.09582523676727293,0.06683634935405935,0.04160629620253166,-0.0038882881355932347,0.008298276195827181,-0.0035750557426104746,7.342033163265279e-05,-0.003648476074243127,0.010816924133517848,0.0003656281150793639,0.010451296018438484,0.023517967259519042,0.0007173746116780027,0.02280059264784104,0.03704090885664466,0.0014739845654638632,0.0355669242911808,2019
2019-10-22,2995.99,0.0185002985714285,670,0.22248582491582491,0.12838274166666666,0.12671150416666668,0.16435237735849056,0.12525792,0.20561147613840508,0.1379366458862107,0.12611826899494574,297,240,159,25,0.09410308324915825,0.06767483025219437,0.03909445735849057,0.001671237499999978,0.01181837689126497,0.0028430935856431803,7.341388321995436e-05,0.002769679702423226,0.013559237588060437,0.0003641341269841258,0.013195103461076312,0.025906588520722137,0.0007133735983560075,0.02519321492236613,0.036852698836033905,0.0014683873110317874,0.03538431152500212,2019
2019-10-23,3004.52,0.0185122878571428,666,0.2224346228956229,0.12190225416666665,0.12877977916666666,0.16258307692307694,0.1188368695652174,0.20535175339114634,0.13118778985834895,0.12692279000844084,297,240,156,23,0.10053236872895625,0.07416396353279739,0.04374620735785954,-0.006877525000000009,0.004264999849908108,0.0019185981834693214,7.346145975056667e-05,0.0018451367237187547,0.013964191620466762,0.00036163143990929606,0.013602560180557466,0.023765774119906997,0.0007090163336167787,0.023056757786290218,0.032425574011255516,0.0014623596201776678,0.030963214391077847,2019
2019-10-24,3010.29,0.0183337771428571,911,0.21881286378737544,0.11992993852459016,0.12203877049180328,0.15595564238410597,0.11598654545454545,0.2005432119861592,0.12908037380889226,0.11995690163617324,301,244,151,22,0.09888292526278528,0.07146283817726695,0.03996909692956052,-0.0021088319672131206,0.009123472172719013,0.0040644263323678705,7.275308390022658e-05,0.003991673248467644,0.00901814192319338,0.000358348157596371,0.008659793765597008,0.02457358285998321,0.0007041415958049872,0.023869441264178223,0.03267954979747761,0.0014558467318556726,0.031223703065621933,2019
2019-10-25,3022.55,0.0182899978571428,919,0.2139634193548387,0.11447070168067226,0.11565973949579833,0.1471948085106383,0.10903861904761904,0.19413408250719819,0.12228785829220758,0.11328691393682089,310,238,141,21,0.09949271767416644,0.07184622421499061,0.038156189463019255,-0.0011890378151260678,0.00900094435538669,0.005565861774647979,7.25793565759635e-05,0.005493282418072015,0.014569694097928264,0.0003554083531746024,0.014214285744753662,0.02306651225739832,0.0006999524815759624,0.022366559775822355,0.036094422191917754,0.0014497891053489294,0.03464463308656882,2019
2019-10-28,3039.42,0.0181254385714285,947,0.21968629427083333,0.1165842310231023,0.1219043696369637,0.15381670526315788,0.11095003571428572,0.20004965328802002,0.12266894707175037,0.12139495846799302,384,303,190,28,0.10310206324773104,0.07738070621626965,0.042866669548872166,-0.005320138613861408,0.0012739886037573533,-0.0008327422880678223,7.192634353741468e-05,-0.000904668631605237,0.012701043126001219,0.00035174649659863884,0.01234929662940258,0.015536277163950857,0.0006957893112244885,0.014840487852726368,0.03272168356287416,0.0014460961900994965,0.03127558737277466,2019
2019-10-29,3036.89,0.0178696214285714,967,0.2219419639175258,0.11726207999999999,0.12361321666666666,0.15687123036649214,0.11265155555555556,0.200857421882128,0.12492509142402045,0.12194982069322399,388,300,191,27,0.1046798839175258,0.07593233045810754,0.04421967481093658,-0.0063511366666666735,0.002975270730796453,0.0032480476180495634,7.09111961451246e-05,0.0031771364219044386,0.012347350932661611,0.00034923947137188173,0.01199811146128973,0.017932417490098718,0.0006938379166666655,0.017238579573432052,0.037720204854914695,0.00144287881481605,0.036277326040098645,2019
2019-10-30,3046.77,0.0176849007142857,958,0.21983019537275064,0.10932250495049504,0.12198979537953795,0.15078881215469614,0.10544188,0.2008838791797687,0.1128492487847209,0.12328816285520244,389,303,181,25,0.1105076904222556,0.08803463039504779,0.04534693215469614,-0.01266729042904291,-0.010438914070481545,-0.00302745151380397,7.017817743764166e-05,-0.0030976296912416114,0.009801582499440152,0.00034738489370748254,0.00945419760573267,0.015395667243726797,0.0006928184552154182,0.014702848788511379,0.030452840065519123,0.001440255440382943,0.02901258462513618,2019
2019-10-31,3037.56,0.0175929464285714,1126,0.22931613020833333,0.11112358666666668,0.12810636,0.15880063492063493,0.10734961538461539,0.2102245369449381,0.11698143536419468,0.1278729317196774,384,300,189,26,0.11819254354166665,0.0932431015807434,0.051451019536019535,-0.016982773333333326,-0.010891496355482713,0.009615978507102713,6.981327947845793e-05,0.009546165227624255,0.015555440936789726,0.0003457934382086163,0.01520964749858111,0.019259861840626315,0.0006915868115942016,0.018568275029032112,0.02481176403312004,0.0014382236518341903,0.023373540381285852,2019
2019-11-01,3066.91,0.01736721,1123,0.2201929025,0.10352556209150326,0.12279903921568629,0.1457521676300578,0.09862658333333334,0.198179605330164,0.1087896223040217,0.12073093801026341,400,306,173,24,0.11666734040849674,0.08938998302614229,0.04712558429672446,-0.019273477124183022,-0.011941315706241712,0.003697210802720748,6.89175e-05,0.003628293302720748,0.008496818159470043,0.00034454412840136,0.008152274031068683,0.017309886786123517,0.0006901064168638456,0.016619780369259672,0.00853561368764358,0.0014357946665734195,0.007099819021070161,2019
2019-11-04,3078.27,0.0174936682142857,1036,0.22018682945736437,0.11195993548387097,0.11892426129032257,0.1492630621761658,0.10657903571428572,0.20172137032090712,0.1149857169210104,0.11842299032234578,387,310,193,28,0.1082268939734934,0.08673565339989672,0.04268402646188009,-0.006964325806451607,-0.003437273401335386,-0.001186434481407325,6.941931831065754e-05,-0.0012558537997179825,0.0028352340379495062,0.0003440428146258496,0.0024911912233236567,0.014115680404107612,0.0006884631111357572,0.013427217292971855,0.011142041570770055,0.0014341744213920134,0.009707867149378041,2019
2019-11-05,3074.62,0.0174022678571428,1053,0.22314308439897698,0.11399542950819672,0.12052716065573771,0.15341670466321244,0.10966944444444444,0.20161812708656082,0.12196811398836277,0.11932476421372573,391,305,193,27,0.10914765489078027,0.07965001309819805,0.043747260218768,-0.006531731147540992,0.0026433497746370382,0.0007022791848279718,6.90566184807254e-05,0.0006332225663472465,0.005585066557437107,0.00034459844529478374,0.005240468112142324,0.014709376078532902,0.0006871906354752028,0.0140221854430577,0.013827628044214604,0.0014322969369815828,0.012395331107233022,2019
2019-11-06,3076.78,0.0172838539285714,1036,0.22029517312661498,0.10916165483870968,0.12147239677419355,0.15174601587301587,0.10515425925925925,0.200724777104555,0.11733728981949006,0.11891785992194723,387,310,189,27,0.1111335182879053,0.08338748728506494,0.04659175661375661,-0.012310741935483871,-0.0015805701024571711,0.0027264069235454487,6.858672193877539e-05,0.002657820201606673,0.005594084744286561,0.0003454335615079357,0.005248651182778626,0.010243831130483824,0.0006859570941950544,0.00955787403628877,0.022219600899754718,0.0014303293278545984,0.02078927157190012,2019
2019-11-07,3085.18,0.0172781203571428,1186,0.21992780100755666,0.11214168316831682,0.11915194389438945,0.14988298387096774,0.10817984615384615,0.19746540338115934,0.12037652372756018,0.11813567958849049,397,303,186,26,0.10778611783923983,0.07708887965359916,0.041703137717121586,-0.007010260726072623,0.002240844139069692,0.002557355729783027,6.856396967120158e-05,0.0024887917601118252,0.003704420903836555,0.00034579337338558536,0.0033586275304509695,0.0059333929678031146,0.0006847565646221138,0.005248636403181001,0.016325344809986982,0.0014290402292151424,0.01489630458077184,2019
2019-11-08,3093.08,0.0172408789285714,1169,0.21350835114503816,0.10607214379084967,0.11653841503267974,0.1434274195402299,0.10312108,0.1930229946877067,0.11285324018383423,0.11474423355009496,393,306,174,25,0.10743620735418849,0.08016975450387247,0.040306339540229885,-0.010466271241830069,-0.0018909933662607237,-0.001964373318799635,6.841618622448969e-05,-0.0020327895050241246,0.008813068626653387,0.0003455622884624857,0.008467506338190902,0.005548611207711411,0.0006831411663794837,0.004865470041331927,0.012670434219910475,0.0014296426314260272,0.011240791588484447,2019
2019-11-11,3087.01,0.0176336871428571,998,0.21576268700265253,0.11446428338762214,0.1208543615635179,0.15263151515151516,0.11122328571428572,0.19610664287526983,0.12237651172946991,0.11881260483033855,377,307,198,28,0.10129840361503038,0.07373013114579992,0.04140822943722944,-0.006390078175895764,0.0035639068991313583,0.00156339803808006,6.997494897959166e-05,0.0014934230891004683,0.011280446366158037,0.0003444202965099075,0.01093602606964813,0.014992283253319083,0.0006814204375484773,0.014310862815770606,0.01753878860455406,0.0014305447728659361,0.016108243831688122,2019
2019-11-12,3091.84,0.0176127171428571,1023,0.21379095844155843,0.11495728896103895,0.1178121461038961,0.15028772538860105,0.11131335714285714,0.19232417216960407,0.12385837529436335,0.1153691319534,385,308,193,28,0.09883366948051948,0.06846579687524072,0.03897436824574391,-0.002854857142857159,0.008489243340963348,0.0007112973716774344,6.989173469387739e-05,0.0006414056369835571,0.00912430952109589,0.00034259219018041906,0.00878171733091547,0.015622008360843207,0.0006803319298954163,0.01494167643094779,0.024513999066328434,0.0014283573238863443,0.02308564174244209,2019
2019-11-13,3094.04,0.0173745265217391,1017,0.22001248947368424,0.11719009740259739,0.11783391558441557,0.15291036269430053,0.11319323333333334,0.1995665162868366,0.12639780406342413,0.1165758441900859,380,308,193,30,0.10282239207108684,0.07316871222341248,0.03971712936096719,-0.000643818181818176,0.009821959873338226,0.0008367430830954413,6.894653381642501e-05,0.0007677965492790162,0.0046497463861972085,0.00034052353268711866,0.00430922285351009,0.01907648999313852,0.0006791491634555073,0.018397340829683015,0.02387528701004232,0.001425870395740086,0.022449416614302234,2019
2019-11-14,3096.63,0.0172198869565217,1016,0.2210990051948052,0.11566915909090908,0.11584429545454544,0.15155740104166668,0.11201440740740741,0.19892389047903228,0.12643789043485312,0.11437440487090471,385,308,192,27,0.10542984610389611,0.07248600004417916,0.03954299363425927,-0.00017513636363636342,0.012063485563948415,0.007666003452600061,6.833288474810198e-05,0.007597670567851959,0.0022289720639665084,0.0003389631912365286,0.0018900088727299797,0.01422042973869677,0.0006784904513511001,0.013541939287345671,0.03016093557818446,0.0014238673076908566,0.0287370682704936,2019
2019-11-15,3120.46,0.0169530969565217,995,0.21249817557251907,0.1048184951140065,0.11337857328990229,0.14148473595505617,0.10050704166666667,0.1908713557727148,0.11404708363117656,0.11069200002069336,393,307,178,24,0.10767968045851257,0.07682427214153824,0.0409776942883895,-0.008560078175895797,0.0033550836104832005,0.0005030044207048551,6.727419427191151e-05,0.0004357302264329436,-0.0032644574189420817,0.000337578877916998,-0.0036020362968590797,-0.0021141012601061273,0.0006783039554918869,-0.0027924052155980142,0.02283014673656147,0.001423888656897206,0.021406258079664266,2019
2019-11-18,3122.03,0.017173004347826,873,0.21677156962025315,0.10887237096774192,0.11524636693548386,0.14766935761589403,0.10485695454545453,0.1962053631132674,0.11774344519921173,0.11362652961353799,316,248,151,22,0.10789919865251123,0.07846191791405566,0.0428124030704395,-0.0063739959677419356,0.004116915585673744,-0.0005927388069818729,6.814684265010317e-05,-0.0006608856496319761,0.0037118368871610413,0.0003370001410385699,0.0033748367461224715,-0.009277277519184722,0.0006784140554376623,-0.009955691574622384,0.021894788455689738,0.0014253376714997534,0.020469450784189984,2019
2019-11-19,3120.18,0.0170914154545454,869,0.22092007692307694,0.11414655555555556,0.11143378174603175,0.14854930718954248,0.10878990909090908,0.2022789102983334,0.12432159146038474,0.11115561920776147,312,252,153,22,0.10677352136752138,0.07795731883794865,0.03975939809863341,0.0027127738095238108,0.013165972252623268,-0.003763265763221234,6.782307720057699e-05,-0.003831088840421811,0.006497698839747224,0.0003377397397149972,0.006159959100032227,-0.002380900026355488,0.0006775644676061531,-0.003058464493961641,0.02693683586225486,0.0014257016470658249,0.025511134215189035,2019
2019-11-20,3108.46,0.0169813204761904,854,0.2215213888888889,0.11165694758064516,0.11785149193548387,0.15330407843137256,0.10836768181818181,0.2021450823246951,0.12256652972654734,0.11581048812956915,306,248,153,22,0.10986444130824373,0.07957855259814776,0.04493639661319075,-0.00619454435483871,0.006756041596978193,-0.0015840312391350534,6.738619236583493e-05,-0.0016514174315008883,0.014426743606941425,0.0003386256307683885,0.014088117976173035,0.002881517728902731,0.0006772832243058028,0.002204234504596928,0.03563274308451401,0.0014264962385160413,0.03420624684599797,2019
2019-11-21,3103.54,0.01687104,1127,0.22351633443708607,0.11694936693548387,0.11852590322580646,0.15615075657894736,0.1138869090909091,0.20397085642501298,0.12096192047101353,0.12575267169990234,302,248,152,22,0.1065669675016022,0.08300893595399944,0.04226384748803827,-0.0015765362903225888,-0.0047907512288888066,0.002172573969691297,6.694857142857144e-05,0.0021056253982627256,0.011991457674730277,0.00033952726011457143,0.011651930414615706,0.013559801008406052,0.0006769860412937092,0.012882814967112343,0.03808253091395453,0.0014272694697091035,0.03665526144424543,2019
2019-11-22,3110.29,0.0168072552631578,1118,0.21754694098360655,0.11138516666666666,0.11288053571428572,0.14832056944444444,0.10737405,0.19595530855966717,0.12327604005684326,0.11274470521585642,305,252,144,20,0.10616177431693989,0.07267926850282391,0.04094651944444444,-0.0014953690476190579,0.010531334840986839,0.007479298726807982,6.669545739348334e-05,0.007412603269414499,0.0011503561588359868,0.0003407250775748889,0.000809631081261098,0.00821937787249253,0.0006773350931644571,0.007542042779328072,0.035714529026297945,0.001430714832520895,0.03428381419377705,2019
2019-11-25,3133.64,0.0173593832142857,961,0.20719518566775244,0.109259264,0.10865078,0.1449551612903226,0.10565150000000001,0.18932662788844393,0.11913090279939478,0.10903838276682175,307,250,155,22,0.09793592166775245,0.07019572508904914,0.03930366129032259,0.0006084839999999925,0.010092520032573035,0.002193123145604235,6.888644132653055e-05,0.0021242367042777046,-0.012989114406345762,0.00034141391439909246,-0.013330528320744854,-0.0003574757146088639,0.0006798060076530599,-0.0010372817222619238,0.03335028348156153,0.0014345577583473657,0.03191572572321416,2019
2019-11-26,3140.52,0.01731466,972,0.20816745307443363,0.109500676,0.105010076,0.14265542857142857,0.10416408695652173,0.19153991850241528,0.12012039030758336,0.10511525189886563,309,250,154,23,0.09866677707443362,0.07141952819483192,0.038491341614906846,0.004490600000000011,0.015005138408717728,0.004165779003972946,6.870896825396825e-05,0.004097070035718978,-0.008878598866102727,0.0003398247278911559,-0.009218423593993883,0.00035338220563071684,0.0006802378939909283,-0.0003268556883602114,0.031191111319998972,0.00143600422178274,0.029755107098216233,2019
2019-11-27,3153.63,0.0172085310714285,975,0.20950756739811913,0.10965952822580645,0.10399407692307693,0.14059079470198674,0.10397495238095238,0.19150425607681182,0.12071224238125335,0.10243588005348984,319,248,151,21,0.09984803917231268,0.07079201369555847,0.03661584232103436,0.005665451302729524,0.0182763623277635,-0.004019317171346202,6.828782171201787e-05,-0.00408760499305822,-0.011545225878038495,0.0003386575935374142,-0.01188388347157591,0.004726211701512341,0.0006793164257369599,0.004046895275775382,0.02122773013844956,0.0014369845959323997,0.01979074554251716,2019
2019-11-29,3140.98,0.01717289,1095,0.22050130097087378,0.11616880555555556,0.11165664940239044,0.1520715,0.111699125,0.2030992668612134,0.12487548429712542,0.11250901337957056,309,252,158,24,0.10433249541531822,0.07822378256408799,0.040372375,0.004512156153165123,0.012366470917554856,-0.008668527546202967,6.814638888888889e-05,-0.008736673935091857,0.0015683433336758654,0.0003374587811791377,0.0012308845524967276,0.008818114188249848,0.0006784334105725611,0.008139680777677287,0.02818874101228944,0.0014368836370321732,0.026751857375257267,2019
2019-12-02,3113.87,0.0169808421428571,1150,0.23212413783783784,0.13459675806451613,0.12847526490066224,0.17478340454545455,0.13241563636363637,0.21343042889176778,0.14839205003614858,0.12851873474111025,370,310,220,33,0.09752737977332171,0.0650383788556192,0.04236776818181817,0.0061214931638538805,0.01987331529503833,-0.006660171838373699,6.73842942176869e-05,-0.006727556132591386,0.007069021713656568,0.00033661001558956826,0.006732411698067,0.024609033385690583,0.0006772304674508679,0.023931802918239715,0.04520114301318541,0.0014371011914539418,0.04376404182173147,2019
2019-12-03,3093.2,0.0169589082142857,1154,0.23854565083798884,0.1462823193548387,0.13817793311036788,0.18520289777777776,0.14603686486486486,0.2184879331527552,0.15500373194280972,0.1473922736653882,358,310,225,37,0.09226333148315013,0.06348420120994547,0.0391660329129129,0.008104386244470824,0.007611458277421518,0.006303638685847347,6.729725481859404e-05,0.006236341431028753,0.012631638691736922,0.00033839209325396745,0.012293246598482955,0.031604419835041433,0.0006782004071876322,0.030926219427853802,0.04477640527347557,0.001436676408574123,0.04333972886490144,2019
2019-12-04,3112.76,0.0170205421428571,1142,0.2311901945945946,0.1377666806451613,0.1305560779661017,0.17601587557603687,0.13671611428571429,0.21343911994022396,0.15145598055059217,0.13217118513644596,370,310,217,35,0.09342351394943332,0.06198313938963179,0.03929976129032259,0.007210602679059597,0.01928479541414621,0.0014991519920369975,6.754183390022659e-05,0.0014316101581367709,0.009231981071733305,0.0003404131660997722,0.008891567905633533,0.024868427289027044,0.0006796263612434968,0.024188800927783548,0.041999932945950814,0.0014358893884494064,0.04056404355750141,2019
2019-12-05,3117.43,0.0169064303571428,1302,0.23051725866666667,0.13410175806451613,0.1282786948051948,0.17326134449760766,0.13367921875,0.21131822535994146,0.14881576315600953,0.13097645234108743,375,310,209,32,0.09641550060215054,0.06250246220393194,0.039582125747607666,0.005823063259321332,0.0178393108149221,0.00909425204036833,6.708900935374127e-05,0.00902716303101459,0.016271437579550848,0.0003406588321995456,0.015930778747351302,0.027818583896573372,0.0006805953455594453,0.027137988551013927,0.037693636011024094,0.0014354937949119914,0.0362581422161121,2019
2019-12-06,3145.91,0.0169590010714285,1308,0.23020813231552162,0.12543739365079365,0.1188662191780822,0.16069686934673366,0.12222870967741935,0.20923605916371077,0.1394607987131523,0.12185965302584925,393,315,199,31,0.10477073866472797,0.06977526045055846,0.038468159669314314,0.006571174472711452,0.01760114568730306,-0.0031678491662223223,6.729762329931944e-05,-0.0032351467895216416,0.007249770854574006,0.0003409746293934234,0.0069087962251805825,0.023656973315242948,0.0006821240048564971,0.02297484931038645,0.03348982132939255,0.0014359214227464582,0.032053899906646095,2019
2019-12-09,3135.96,0.0174299257142857,1144,0.24183739189189188,0.13905348709677418,0.13053492567567568,0.17964889361702127,0.1361838611111111,0.22070598623231005,0.15336181537751326,0.13170518967154973,370,310,235,36,0.1027839047951177,0.0673441708547968,0.04346503250591016,0.008518561421098497,0.021656625705963523,-0.0010975548602935618,6.91663718820861e-05,-0.001166721232175648,0.017540011672034044,0.0003406204518612996,0.017199391220172746,0.027690579071770582,0.000682985805116075,0.027007593266654507,0.043290914533190526,0.001434692198918038,0.04185622233427249,2019
2019-12-10,3132.52,0.0174682185714285,1137,0.24355166756756755,0.13883467647058823,0.13245811864406778,0.18213527542372882,0.1369348611111111,0.22414825028787108,0.153364466985356,0.13447146212292604,370,306,236,36,0.10471699109697932,0.07078378330251509,0.045200414312617704,0.00637655782652044,0.018893004862429952,0.0029039810658439487,6.93183276643988e-05,0.00283466273817955,0.018972781143304543,0.0003398083139336647,0.01863297282937088,0.028592706014098943,0.0006842133674743517,0.02790849264662459,0.04152916208843773,0.0014313951325915075,0.04009776695584622,2019
2019-12-11,3141.63,0.01708245,1134,0.23858213903743317,0.1366382006472492,0.12920222775800713,0.17370082511210763,0.1333166285714286,0.21848924913666404,0.15075809068722434,0.1304511452140306,374,309,223,35,0.10194393839018398,0.0677311584494397,0.04038419654067904,0.007435972889242054,0.020306945473193755,0.008538608499854607,6.77875e-05,0.008470820999854608,0.015636446217293706,0.0003392131951437246,0.015297233022149982,0.030803778130326642,0.0006854334230299072,0.030118344707296733,0.04557724061491016,0.0014276196852181138,0.044149620929692046,2019
2019-12-12,3168.57,0.01698601125,1320,0.22983349253731342,0.1251033782051282,0.11691912903225807,0.15889073429951692,0.12148467741935484,0.20962885008508145,0.14171950135390915,0.12488777181916208,402,312,207,31,0.10473011433218521,0.0679093487311723,0.037406056880162075,0.00818424917287014,0.01683172953474707,7.258531539142115e-05,6.740480654761904e-05,5.18050884380211e-06,0.011547146317022548,0.0003399365133598996,0.01120720980366265,0.022299120614513758,0.0006879788277918119,0.021611141786721945,0.03552294538328274,0.0014261260939482728,0.03409681928933447,2019
2019-12-13,3168.8,0.0168697483333333,1313,0.22575476865671643,0.11774216346153846,0.10855517928286854,0.14258618085106384,0.11173627586206897,0.2046176085450747,0.12574575913320737,0.11233193368823356,402,312,188,29,0.10801260519517797,0.07887184941186731,0.03084990498899487,0.009186984178669921,0.013413825444973812,0.007122391651237605,6.694344576719563e-05,0.0070554482054704095,0.016407202460669002,0.0003411493754630738,0.01606605308520593,0.016428933121545877,0.0006902633636478207,0.015738669757898057,0.03731876869123469,0.0014246568793318704,0.03589411181190282,2019
2019-12-16,3191.45,0.0172252669565217,1184,0.21782234236453205,0.11586032594936709,0.10433221631205673,0.14159635960591133,0.107652,0.1975803138460804,0.12331392044447441,0.10449016663904107,406,316,203,29,0.10196201641516496,0.074266393401606,0.03394435960591133,0.011528109637310352,0.018823753805433344,0.0003352146109771036,6.835423395445119e-05,0.0002668603770226524,0.010150567399736762,0.00034236535325477544,0.009808202046481987,0.012248235172801906,0.0006915067806924162,0.01155672839210949,0.03852811867219812,0.001423351317162558,0.03710476735503556,2019
2019-12-17,3192.52,0.0173182486363636,1202,0.21970908374384235,0.11481608437499999,0.10426717894736842,0.14205205970149254,0.10695306896551725,0.20016220555581007,0.1237465298873781,0.10404681164299268,406,320,201,29,0.10489299936884236,0.07641567566843198,0.03509899073597529,0.010548905427631566,0.01969971824438542,-0.00043235386016704703,6.872320887445873e-05,-0.0005010770690415057,0.009619924870794244,0.0003444050535406869,0.009275519817253558,0.02025689501651789,0.0006915164900486225,0.01956537852646927,0.04204760977894271,0.0014201486655493762,0.04062746111339333,2019
2019-12-18,3191.14,0.0172647261904761,1208,0.2221289950738916,0.12130488749999999,0.10556227443609022,0.14266411,0.11334525806451613,0.19950298380761455,0.1306414771732453,0.10360801781981692,406,320,200,31,0.10082410757389162,0.06886150663436924,0.029318851935483878,0.01574261306390977,0.027033459353428393,0.004449308599583262,6.851081821617501e-05,0.004380797781367087,0.015167331913032992,0.0003462202278861826,0.014821111685146809,0.01360433929860125,0.0006897527925120322,0.012914586506089218,0.03982448670196751,0.0014163022523098379,0.03840818444965767,2019
2019-12-19,3205.37,0.0172916524999999,1207,0.22418185131894486,0.11255307278481014,0.10401273591549295,0.14138880303030305,0.10540581481481481,0.2050026485092705,0.1229920844927128,0.10314496823301737,417,316,198,27,0.11162877853413472,0.0820105640165577,0.03598298821548823,0.008540336869317183,0.01984711625969543,0.004932641459037748,6.861766865079326e-05,0.004864023790386954,0.010751974297491352,0.00034804231443191227,0.01040393198305944,0.012682197057340592,0.0006877522089897345,0.011994444848350857,0.03566422416207934,0.0014132656837329127,0.03425095847834642,2019
2019-12-20,3221.22,0.0171761747368421,1246,0.22641088625592418,0.113760684375,0.10353980072463768,0.14086181025641026,0.10545385714285714,0.20372929605527154,0.12253475118733552,0.1036705957295019,422,320,195,28,0.11265020188092417,0.08119454486793602,0.03540795311355312,0.01022088365036232,0.018864155457833626,0.00086575659030548,6.815942355889722e-05,0.0007975971667465828,2.17306608769034e-05,0.0003491139881847469,-0.0003273833273078435,0.004942410655412858,0.0006862807807017528,0.004256129874711106,0.03187189715018696,0.0014099527410836308,0.030461944409103332,2019
2019-12-23,3224.01,0.0177392714285714,1050,0.2248173333333333,0.11179089534883721,0.10849097211155379,0.14932023976608186,0.10473847826086956,0.20916531487152484,0.12194192086472179,0.10829093848302068,333,258,171,23,0.1130264379844961,0.08722339400680305,0.0445817615052123,0.0032999232372834253,0.013650982381701107,-0.00019542791796535865,7.03939342403627e-05,-0.0002658218522057213,0.0020976677730651567,0.0003491414274376409,0.0017485263456275158,0.008967091423844343,0.0006856379943310639,0.00828145342951328,0.021922871769944934,0.0014070744683183844,0.02051579730162655,2019
2019-12-24,3223.38,0.0177756725714285,1064,0.22372844444444442,0.11305986328125,0.10842336625514404,0.14819788622754493,0.10620391666666668,0.2025073593287064,0.12291682926929814,0.10946051157361952,333,256,167,24,0.11066858116319442,0.07959053005940825,0.04199396956087825,0.004636497026105968,0.013456317695678621,0.005115053182071611,7.053838321995437e-05,0.005044514798851657,0.010636970145723538,0.00034711143650793574,0.010289858709215602,0.01579576337938517,0.0006813124595616004,0.01511445091982357,0.006262574569526692,0.0014017778711707535,0.004860796698355939,2019
2019-12-26,3239.91,0.017723892,1064,0.2245727359050445,0.10898302325581395,0.10981276744186046,0.14652801242236024,0.10162027272727273,0.2044765866002224,0.11747151006995937,0.11379523355591702,337,258,161,22,0.11558971264923056,0.08700507653026301,0.04490773969508752,-0.0008297441860465049,0.0036762765140423564,3.395098404170214e-05,7.033290476190476e-05,-3.6381920720202624e-05,-0.0015629926144316453,0.0003435325646258496,-0.001906525179057495,0.007821402892267364,0.0006766433818972015,0.0071447595103701625,0.01115087174004435,0.0013971052291639509,0.0097537665108804,2019
2019-12-27,3240.02,0.0175617142857142,1123,0.22860872106824925,0.11860430384615385,0.11309415789473684,0.15325206707317074,0.112890375,0.21046321285620329,0.12905605410826315,0.11637369894256763,337,260,164,24,0.1100044172220954,0.08140715874794013,0.04036169207317074,0.005510145951417009,0.012682355165695519,-0.0057976021775765895,6.968934240362778e-05,-0.005867291519980217,0.0019302227598492576,0.00033970989455782224,0.0015905128652914354,0.014739511500541765,0.000671853357426302,0.014067658143115462,0.010249697464954247,0.0013925975894247215,0.008857099875529526,2019
2019-12-30,3221.29,0.0171830894285714,1131,0.23927150599520383,0.125900353125,0.12926035,0.173084192139738,0.12316059375,0.21924908133939186,0.1367710399797294,0.13233614706540908,417,320,229,32,0.11337115287020383,0.08247804135966247,0.04992359838973799,-0.003359996874999993,0.00443489291432031,0.0029416937024937355,6.818686281179127e-05,0.0028735068396819443,0.004920679994536088,0.0003371667925170059,0.004583513202019082,0.019021426946345614,0.0006684579237528329,0.018352969022592782,0.019176753505519718,0.0013886219261594157,0.0177881315793603,2019
2019-12-31,3230.78,0.0172277137142857,1126,0.2357016937799043,0.11733564923076924,0.12411148,0.16328262616822428,0.11341544827586207,0.21647179445685705,0.12940821345117948,0.12489160290515776,418,325,214,29,0.11836604454913506,0.08706358100567757,0.04986717789236221,-0.006775830769230759,0.004516610546021718,0.008343874454693168,6.836394331065753e-05,0.00827551051138251,0.006869423650779152,0.00033649656689342303,0.006532927083885729,0.017948141867195004,0.0006662066528722583,0.017281935214322745,-0.0016294165896177356,0.0013863015230981908,-0.0030157181127159266,2019
2020-01-02,3257.85,0.0168737968571428,1273,0.22386394688221709,0.10956582926829268,0.10976629102167183,0.14568426455026456,0.1038946923076923,0.20170952847282977,0.12080542813796093,0.10993705951798259,433,328,189,26,0.1142981176139244,0.08090410033486885,0.041789572242572265,-0.00020046175337914973,0.010868368619978336,-0.007084909578083601,6.695951133786825e-05,-0.007151869089421469,0.005158793233661715,0.0003342010230536647,0.00482459221060805,0.01793600904470323,0.000663480593159484,0.017272528451543746,-0.0027448351814003263,0.0013838717096061276,-0.004128706891006454,2020
2020-01-03,3234.85,0.0167605791428571,1263,0.23527996926713948,0.12532814153846153,0.12187718947368421,0.16267698039215686,0.12266916129032258,0.21630091851283914,0.1394630496642904,0.12154178993949835,423,325,204,31,0.10995182772867795,0.07683786884854873,0.04000781910183428,0.0034509520647773156,0.017921259724792055,0.003527166358322553,6.651023469387738e-05,0.0034606561236286758,0.009384395506698994,0.00033311081727135195,0.009051284689427641,0.028875624340508402,0.0006616726641628853,0.028213951676345515,0.019209339614749604,0.0013826390746854926,0.017826700540064112,2020
2020-01-06,3246.28,0.0169208525714285,1108,0.22694675,0.12119054769230768,0.12070873101265824,0.16341104128440367,0.1188851818181818,0.20900102233764264,0.12901240648934298,0.1265878307293793,416,325,218,33,0.10575620230769232,0.07998861584829967,0.04452585946622187,0.00048181667964944386,0.0024245757599636875,-0.002807144942889736,6.71462403628115e-05,-0.0028742911832525474,0.01280928874069256,0.00033214346286847973,0.01247714527782408,0.022692981045043664,0.0006600392251039286,0.022032941819939734,0.026869996139360773,0.0013818930548442226,0.02548810308451655,2020
2020-01-07,3237.18,0.0170141925714285,1096,0.22583385096153846,0.12211301562500002,0.12091517,0.16268320560747662,0.12034616129032258,0.20561906409022065,0.13610546078748617,0.12408971951558641,416,320,214,31,0.10372083533653845,0.06951360330273448,0.04233704431715404,0.001197845625000013,0.012015741271899763,0.004890437358736847,6.751663718820833e-05,0.004822920721548638,0.014100746951809576,0.00033129113123582705,0.01376945582057375,0.025789172047628445,0.0006583672343803667,0.02513080481324808,0.03299726981191249,0.0013803389913521593,0.03161693082056033,2020
2020-01-08,3253.05,0.0166492366666666,1103,0.23029572511848342,0.1210470987654321,0.11982540983606559,0.16144893867924529,0.11734606451612903,0.20793987875538408,0.1349775701154627,0.12053507944832012,422,324,212,31,0.10924862635305133,0.0729623086399214,0.04410287416311626,0.0012216889293665129,0.014442490667142566,0.006633244037575673,6.606839947089921e-05,0.0065671756381047745,0.011078718216416029,0.0003297100859788353,0.010749008130437193,0.022039049136037298,0.0006561553231936699,0.02138289381284363,0.0226913619386367,0.0013781794460006854,0.021313182492636015,2020
2020-01-09,3274.7,0.016599065,1267,0.22339020366132725,0.11210347058823529,0.11070300328947369,0.1477254467005076,0.10745889285714286,0.19974873909876972,0.12291815893500413,0.11105213935808513,437,323,197,28,0.11128673307309196,0.0768305801637656,0.04026655384336475,0.0014004672987616013,0.011866019576919004,-0.002859307305046252,6.586930555555555e-05,-0.0029251766106018076,0.012777215811041675,0.0003292795701058194,0.012447936240935854,0.0063225363085249895,0.0006553680745164215,0.005667168234008568,0.023357770063432003,0.001377304721416407,0.021980465342015594,2020
2020-01-10,3265.35,0.0165168058333333,1290,0.22031860655737703,0.11355067692307692,0.11146307973421928,0.1477608167539267,0.10946596428571428,0.19609979175523212,0.1263106325876607,0.11076337152484346,427,325,191,28,0.10676792963430011,0.06978915916757142,0.038294852468212404,0.0020875971888576483,0.015547261062817244,0.006952059592316183,6.554288029100516e-05,0.006886516712025178,0.01949122883380944,0.00032856184689153336,0.019162666986917907,-0.00667388150481231,0.0006545961060535977,-0.007328477610865907,0.02790415227412968,0.001376870693638629,0.02652728158049105,2020
2020-01-13,3288.13,0.016706065,1125,0.21437262352941178,0.11148643161094227,0.11118056346749225,0.14825327884615386,0.10771803448275862,0.19665105065579452,0.12075113423980938,0.11147886953097721,425,329,208,29,0.10288619191846951,0.07589991641598515,0.04053524436339524,0.00030586814345001656,0.009272264708832162,-0.0015156867317727837,6.629390873015873e-05,-0.0015819806405029423,0.009883692304350841,0.00032789576223544884,0.009555796542115393,-0.003622590744539253,0.000654918966975744,-0.004277509711514997,0.027393960235558498,0.0013769651035970567,0.026016995131961443,2020
2020-01-14,3283.15,0.0166157691666666,1119,0.216640375,0.11219267477203647,0.11367596932515338,0.14986823786407766,0.10882337931034483,0.1965711054825795,0.12180338877678776,0.11294246897930504,424,329,206,29,0.10444770022796353,0.07476771670579174,0.04104485855373283,-0.0014832945531169095,0.008860919797482714,0.0018684086233433153,6.593559193121666e-05,0.0018024730314120986,0.011688425095818834,0.00032707610314453966,0.011361348992674295,-0.002974127303814817,0.0006544503232682607,-0.0036285776270830778,0.027277873525366366,0.0013763071111728142,0.025901566414193552,2020
2020-01-15,3289.29,0.0165407466666666,1130,0.21816376,0.1123504924012158,0.11249895624999999,0.1472254271356784,0.10757968965517241,0.19722362893816803,0.11938045007566625,0.1135277057917413,425,329,199,29,0.1058132675987842,0.07784317886250178,0.039645737480505996,-0.00014846384878418328,0.005852744283924946,0.00833174163220134,6.563788359788333e-05,0.008266103748603457,0.010960330919621316,0.00032644523721483455,0.010633885682406481,-0.0017130820641690597,0.0006542284104753659,-0.0023673104746444254,0.02725130963585588,0.0013760894719833,0.02587522016387258,2020
2020-01-16,3316.81,0.0164181987499999,1142,0.21898891704035872,0.10939906097560975,0.10957718292682928,0.14284174242424244,0.10373137037037036,0.19629224010533194,0.11663547620417682,0.10969390623856794,446,328,198,27,0.10958985606474897,0.07965676390115513,0.03911037205387208,-0.00017812195121952312,0.006941569965608879,0.00385470571772163,6.515158234126944e-05,0.0037895541353803602,-0.006454679502516567,0.000326088504410602,-0.006780768006927169,-0.02790930008901416,0.0006544569866280492,-0.028563757075642206,0.015995316425344994,0.0013760399181112462,0.014619276507233749,2020
2020-01-17,3329.62,0.0163489525,1138,0.22130976718403547,0.10551725609756096,0.11282004268292682,0.1425422113402062,0.10070825925925926,0.19667186770921138,0.10723154821935121,0.11734278756117832,451,328,194,27,0.11579251108647451,0.08944031948986017,0.04183395208094694,-0.0073027865853658586,-0.010111239341827102,-0.002655476937142426,6.487679563492064e-05,-0.0027203537327773466,-0.02616511033862182,0.00032603425916206426,-0.026491144597783883,-0.024535549943825233,0.0006552395341053738,-0.025190789477930606,0.01683539942206419,0.0013765352982519387,0.015458864123812251,2020
2020-01-21,3320.79,0.0164995109090909,977,0.22364967422096318,0.11641332835820896,0.11563149063670412,0.15220860606060604,0.1121974,0.2042897866971473,0.12555914349220695,0.11561608775257722,353,268,165,25,0.10723634586275423,0.07873064320494036,0.04001120606060604,0.0007818377215048355,0.009943055739629739,0.00028904605969510904,6.547424963924961e-05,0.00022357181005585943,-0.013506283048890178,0.00032702320474029526,-0.013833306253630473,-0.007010807788616505,0.0006560896148876866,-0.007666897403504192,0.01566803588137578,0.0013769570268044708,0.014291078854571312,2020
2020-01-22,3321.75,0.0164567909523809,964,0.223226350140056,0.11818100757575757,0.11554524796747967,0.1521470308641975,0.11439937500000001,0.20257423680438272,0.12673091038297465,0.11662411545040152,357,264,162,24,0.10504534256429844,0.07584332642140806,0.037747655864197496,0.0026357596082779017,0.010106794932573132,0.0011403144471457103,6.530472600151151e-05,0.0010750097211441989,-0.014662552399633674,0.000327374220123721,-0.014989926619757395,0.003887969034621926,0.0006563795801010444,0.0032315894545208814,0.004805174798787121,0.001376378154149348,0.0034287966446377733,2020
2020-01-23,3325.54,0.01645085,1135,0.22808322946175638,0.11657992910447762,0.118682,0.1562586951219512,0.113474,0.20574896356192185,0.12598734695668654,0.12067188773591993,353,268,164,24,0.11150330035727876,0.07976161660523531,0.0427846951219512,-0.002102070895522376,0.005315459220766608,-0.009083268789936675,6.528115079365079e-05,-0.009148549940730326,-0.012673412983790398,0.00032778317326053136,-0.01300119615705093,0.006067783317138389,0.0006566670309702809,0.005411116286168108,-0.030423185768880028,0.0013758253078470844,-0.03179901107672711,2020
2020-01-24,3295.47,0.0164045289473684,1119,0.24050097093023254,0.1288102159090909,0.1349224962121212,0.17694898870056497,0.1295205185185185,0.22117529127673943,0.1426291358624156,0.13590526423258673,344,264,177,27,0.11169075502114165,0.07854615541432383,0.04742847018204646,-0.006112280303030321,0.006723871629828876,-0.015855725118383686,6.509733709273174e-05,-0.015920822455476418,-0.02145462058649753,0.0003283684822174472,-0.021782989068714977,0.009735581592535866,0.0006567429720133647,0.009078838620522502,-0.05208784216704253,0.001375284284604454,-0.05346312645164698,2020
2020-01-27,3243.63,0.0165981667857142,958,0.2540113492063492,0.15541228461538462,0.1564192,0.2070914027777778,0.1566625,0.23947229966387903,0.16490488455181793,0.16425021154483874,315,260,216,34,0.0985990645909646,0.07456741511206111,0.050428902777777784,-0.0010069153846153922,0.0006546730069791895,0.010003350352589398,6.586574121315159e-05,0.009937484611376246,0.0016295603947965908,0.00032920527494330955,0.0013003551198532812,0.032890958873290736,0.000656839309807254,0.03223411956348348,-0.04001779238938997,0.0013744311085094546,-0.04139222349789942,2020
2020-01-28,3276.24,0.0165879667857142,962,0.24203897280966769,0.14534347727272726,0.14252314828897336,0.190642643902439,0.14543329032258065,0.22685445295486614,0.15809446958356893,0.14285157892762226,331,264,205,31,0.09669549553694043,0.06875998337129721,0.04520935357985836,0.0028203289837538947,0.015242890655946667,-0.0008672232910484065,6.58252650226754e-05,-0.0009330485560710819,0.0064954752602735,0.00032906641014739124,0.006166408850126109,0.02457468342635275,0.0006564088463718798,0.023918274579980872,-0.09518931684263221,0.0013724368879879125,-0.09656175373062012,2020
2020-01-29,3273.4,0.0165598471428571,946,0.2438393404255319,0.14511429166666667,0.14565710606060606,0.191125795,0.14448225806451614,0.22823486575520643,0.15726743596607132,0.14617828651389064,329,264,200,31,0.09872504875886523,0.07096742978913512,0.04664353693548384,-0.0005428143939393837,0.011089149452180674,0.0031294538629889324,6.571367913832183e-05,0.0030637401838506106,0.01855052143425561,0.0003290053599773234,0.01822151607427829,0.03188377427114612,0.0006562208715986373,0.031227553399547487,-0.10259454346585958,0.0013697497635548064,-0.10396429322941439,2020
2020-01-30,3283.66,0.0165983478571428,952,0.2388094592145015,0.13950864772727273,0.13894867803030303,0.18359703125000001,0.13872625806451613,0.22028627552476443,0.14971725356251225,0.14194064763281247,331,264,192,31,0.09930081148722877,0.07056902196225218,0.04487077318548388,0.0005599696969696977,0.007776605929699781,-0.01786447639264373,6.586645975056667e-05,-0.017930342852394296,0.018741196300928922,0.0003288838577097496,0.018412312443219173,0.027122546966192228,0.0006561431087662318,0.026466403857425998,-0.06071313215607053,0.00136455857874755,-0.06207769073481808,2020
2020-01-31,3225.52,0.0166154007142857,950,0.2595432033333333,0.16380041538461537,0.15881763846153846,0.208613043902439,0.16469885714285715,0.24569882945749102,0.179195466959117,0.15890613849185697,300,260,205,35,0.09574278794871793,0.06650336249837402,0.043914186759581864,0.004982776923076915,0.02028932846726003,0.007228455862910543,6.593412981859405e-05,0.007162521733091949,0.031190202179033413,0.00032837448979591746,0.030861827689237495,0.04682886809266856,0.0006559946017573674,0.0461728734909112,-0.07135918602533214,0.0013562955118541261,-0.07271548153718627,2020
2020-02-03,3248.92,0.0165631728571428,973,0.2547592080200501,0.15052048,0.15676598153846152,0.20316669111969113,0.15144116666666665,0.23788813389545818,0.16411414788165368,0.15680903612359137,399,325,259,42,0.10423872802005008,0.0737739860138045,0.051725524453024474,-0.006245501538461512,0.00730511175806231,0.014869265218066252,6.572687641723333e-05,0.01480353834164902,0.031261398478494185,0.00032763403486394446,0.03093376444363024,0.03667616065144851,0.0006556488016646028,0.03602051184978391,-0.03725129094760098,0.0013461279395752142,-0.038597418887176195,2020
2020-02-04,3297.59,0.0165725821428571,984,0.24201549882352943,0.13470412424242426,0.14159268484848483,0.1815644936708861,0.1332461052631579,0.22402971824013926,0.1457695360804418,0.14063329199397598,425,330,237,38,0.10731137458110518,0.07826018215969746,0.0483183884077282,-0.006888560606060579,0.005136244086465819,0.011187822882933645,6.576421485260754e-05,0.011122058668081037,0.018079208166078994,0.0003273424362244885,0.017751865729854505,0.026501684147823123,0.0006555688877293317,0.02584611526009379,-0.08663128179036379,0.0013238780090196588,-0.08795515979938345,2020
2020-02-05,3334.69,0.0165292285714285,978,0.23869436912751676,0.12397513813813814,0.13476292792792793,0.17136902631578949,0.12157226470588235,0.21822683829671918,0.13390883705584872,0.13387838110865394,447,333,228,34,0.11471923098937863,0.08431800124087047,0.049796761609907134,-0.010787789789789795,3.045594719477962e-05,0.0033201287296620923,6.559217687074802e-05,0.0032545365527913445,0.013333252836890262,0.0003272155116213139,0.013006037325268949,0.011491020787058622,0.0006551031970641766,0.010835917589994446,-0.11502010712791752,0.0013004687559017448,-0.11632057588381926,2020
2020-02-06,3345.78,0.0164699871428571,1154,0.23897300894854587,0.1234847915407855,0.12604883987915408,0.1657101479820628,0.12016266666666667,0.21912129706833766,0.12906396888444693,0.13271070719845454,447,331,223,33,0.11548821740776037,0.09005732818389073,0.04554748131539613,-0.0025640483383685825,-0.003646738314007608,-0.005415470514539197,6.535709183673452e-05,-0.005480827606375932,0.00838135066526343,0.0003272592510564821,0.008054091414206948,-0.0024029229654969906,0.0006544063971775556,-0.003057329362674546,-0.19735063070584627,0.0012754667618541256,-0.1986260974677004,2020
2020-02-07,3327.71,0.0164288060714285,1176,0.24413015610859728,0.1302119393939394,0.1301713606060606,0.17348680444444445,0.12783942857142858,0.22193670354284611,0.14183727656997758,0.1320808317392977,442,330,225,35,0.11391821671465788,0.08009942697286854,0.04564737587301587,4.057878787880331e-05,0.009756444830679889,0.0072996521623710205,6.519367488662103e-05,0.007234458487484399,0.015638665913635053,0.00032762011196145,0.015311045801673603,-0.031075498571479305,0.000653801185040069,-0.03172929975651937,-0.1437200796555068,0.0012469385022169377,-0.14496701815772373,2020
2020-02-10,3352.09,0.0164896899999999,974,0.2384761655011655,0.12583475903614458,0.13132105120481927,0.1728459508196721,0.12289077142857142,0.2195291455289496,0.1359493494564172,0.13090734526757988,429,332,244,35,0.11264140646502091,0.08357979607253238,0.04995517939110068,-0.005486292168674689,0.0050420041888373235,0.0016870749056512096,6.543527777777738e-05,0.0016216396278734323,0.005414762172954467,0.0003280147668006583,0.0050867474061538085,-0.06912307592194959,0.0006533476377044683,-0.06977642355965406,-0.20112258865528865,0.0012195222536341714,-0.20234211090892282,2020
2020-02-11,3357.75,0.0165405971428571,1001,0.24212358219178082,0.12465050294117648,0.1316607617647059,0.17251459751037343,0.12142067647058823,0.22143202337903645,0.13437254762312417,0.13177491479283843,438,340,241,34,0.11747307925060434,0.08705947575591227,0.0510939210397852,-0.007010258823529417,0.0025976328302857454,0.0064418675537450355,6.563729024943294e-05,0.006376230263495602,0.008422475981744053,0.00032822645150484326,0.00809424953023921,-0.07459582616833199,0.000652156520924423,-0.07524798268925642,-0.3027545154069473,0.0011893867774436958,-0.303943902184391,2020
2020-02-12,3379.45,0.0165402509090909,992,0.23317320925110133,0.11829797280966768,0.11849248036253776,0.15678556756756756,0.11323409677419355,0.21109338483399753,0.1248064885976916,0.11887975097909782,454,331,222,31,0.11487523644143365,0.08628689623630593,0.043551470793374014,-0.0001945075528700796,0.005926737618593775,-0.0016317734419649113,6.563591630591627e-05,-0.0016974093582708275,-0.0018422320498318239,0.00032788768544286264,-0.0021701197352746865,-0.12620586782272983,0.0006503907513666,-0.12685625857409644,-0.22038802651994585,0.0011547727064402944,-0.22154279922638614,2020
2020-02-13,3373.94,0.016560924090909,1186,0.23908131057268722,0.12211876417910447,0.12288377313432836,0.1631001592920354,0.11761753125,0.21744499986566782,0.13355896861739533,0.12130037882951283,454,335,226,32,0.11696254639358275,0.08388603124827249,0.045482628042035386,-0.0007650089552238837,0.012258589787882496,0.0018418447338326407,6.571795274170238e-05,0.0017761267810909383,-0.010784273630760366,0.00032714714612107343,-0.01111142077688144,-0.1328465442950408,0.0006478929756502527,-0.13349443727069107,-0.34640839423445413,0.001122111270954484,-0.3475305055054086,2020
2020-02-14,3380.16,0.016528259090909,1182,0.23611192731277533,0.1177784328358209,0.1191251552238806,0.15659296279069768,0.11336534375,0.2110011690313878,0.12819819221738757,0.11864390827818568,454,335,215,32,0.11833349447695443,0.08280297681400023,0.043227619040697676,-0.001346722388059704,0.009554283939201894,-0.0029242515783095627,6.558832972582936e-05,-0.002989839908035392,-0.046714164485114375,0.000326181073078619,-0.047040345558192996,-0.08967752385609541,0.000642697517239616,-0.09032022137333502,-0.290023952277545,0.0010813014979919394,-0.291105253775537,2020
2020-02-18,3370.29,0.0165430345454545,983,0.2418129688385269,0.12323245149253731,0.1255686865671642,0.1670386956521739,0.11970392592592594,0.22083438715828452,0.1350791800932183,0.12399839639121439,353,268,184,27,0.1185805173459896,0.08575520706506623,0.04733476972624798,-0.00233623507462688,0.011080783702003896,0.004694788714441035,6.56469624819623e-05,0.004629141751959073,-0.07453783809490418,0.0003253328709038099,-0.07486317096580798,-0.11526380253969128,0.0006347125803709293,-0.1158985151200622,-0.34032203692066004,0.001044870545610987,-0.341366907466271,2020
2020-02-19,3386.15,0.016455228095238,986,0.24082721270718233,0.12462564206642067,0.11648573282442748,0.16009356741573033,0.1197481923076923,0.2187566108453882,0.1363117721051867,0.11656620908244954,362,271,178,26,0.11620157064076166,0.0824448387402015,0.040345375108038026,0.00813990924199319,0.019745563022737153,-0.003822840477830947,6.529852418745238e-05,-0.0038881390020183994,-0.08301830215007608,0.00032393006941957973,-0.08334223221949566,-0.07862224031349052,0.0006248321754286491,-0.07924707248891917,-0.34031997935768005,0.0010106268937866206,-0.34133060625146666,2020
2020-02-20,3373.23,0.016353635,1109,0.24932442655367232,0.1300440330882353,0.1250622576923077,0.16982447567567568,0.1254927692307692,0.2290058311180894,0.14236879082907508,0.12530506902655772,354,272,185,26,0.119280393465437,0.08663704028901431,0.04433170644490647,0.004981775395927618,0.017063721802517362,-0.010573815022893411,6.489537698412697e-05,-0.010638710399877538,-0.12436363577289795,0.00032250306592373725,-0.1246861388388217,-0.10931012546035598,0.0006030105971028747,-0.10991313605745885,-0.38082477362300754,0.0009799001949959937,-0.38180467381800354,2020
2020-02-21,3337.75,0.0163174736842105,1100,0.2646278382352941,0.14306555303030302,0.14660370833333333,0.1970538944723618,0.14272573333333333,0.24553098049255404,0.1590101487821257,0.14534562469496273,340,264,199,30,0.1215622852049911,0.08652083171042835,0.05432816113902847,-0.0035381553030303103,0.013664524087162955,-0.034088046120521465,6.475187969924802e-05,-0.03415279800022071,-0.12206227066428045,0.0003207458295291794,-0.12238301649380963,-0.11593731289208253,0.0005804701818534413,-0.11651778307393597,-0.39998244985737424,0.0009489875835796322,-0.4009314374409539,2020
2020-02-24,3225.89,0.0163145121428571,901,0.29989949795918364,0.20474273846153845,0.19533931538461538,0.2609360857142857,0.20463777777777778,0.28982746798419873,0.2151776195287398,0.19543377153506086,245,260,245,45,0.09515675949764518,0.07464984845545894,0.056298307936507946,0.009403423076923073,0.019743847993678926,-0.030747925188099268,6.474012755102024e-05,-0.030812665315650287,-0.04296335937098099,0.00031651644416099686,-0.043279875815141984,-0.16085966161982782,0.0005563084849773222,-0.16141597010480513,-0.2762112467886363,0.0009174848949670749,-0.27712873168360336,2020
2020-02-25,3128.21,0.0161895285714285,921,0.3193309722222222,0.23754015725806452,0.2292673870967742,0.2886039915254237,0.23562797959183673,0.30897376178559094,0.2496904926286844,0.224800854862405,216,248,236,49,0.08179081496415766,0.05928326915690654,0.052976011933586975,0.008272770161290327,0.024889637766279393,-0.003785675340731014,6.424416099773214e-05,-0.0038499195017287465,-0.040725964444787134,0.0003093797094671195,-0.04103534415425426,-0.08189665589592819,0.0005283971896258484,-0.08242505308555403,-0.2339943229260579,0.0008864717668055541,-0.23488079469286346,2020
2020-02-26,3116.39,0.0160956232142857,924,0.3076019339622642,0.2319541814516129,0.22339443951612903,0.27658409502262443,0.23102155319148934,0.29803739493021836,0.24315974764139556,0.21933440481009456,212,248,221,47,0.07564775251065131,0.0548776472888228,0.04556254183113509,0.008559741935483867,0.023825342831301,-0.04516817410065283,6.387152069160992e-05,-0.04523204562134444,0.0043960618365856815,0.00030090210600906944,0.004095159730576612,-0.12821383739260794,0.000501930454931971,-0.1287157678475399,-0.16966481883365925,0.0008561582865160024,-0.17052097712017525,2020
2020-02-27,2978.76,0.0159108114285714,974,0.393036835,0.3254091333333333,0.30726014166666665,0.3720590368852459,0.32168514285714284,0.3881912882017586,0.33657862310682,0.3023748356278159,200,240,244,63,0.06762770166666665,0.05161266509493856,0.05037389402810305,0.01814899166666667,0.0342037874790041,-0.00827244991427585,6.313814058956906e-05,-0.00833558805486542,0.015053510312542045,0.0002805075311791373,0.014773002781362909,-0.18299051513796255,0.0004733587358276627,-0.1834638738737902,-0.15876445275563575,0.0008259267078268342,-0.15959037946346258,2020
2020-02-28,2954.22,0.0152516685714285,1073,0.4867630114503817,0.33998887288135593,0.3878028474576271,0.47190252750809064,0.33663479032258065,0.4813913135155818,0.34562889679263153,0.39257787669075306,262,236,309,62,0.14677413856902577,0.13576241672295025,0.13526773718551,-0.04781397457627118,-0.04694897989812152,0.04501086517277787,6.0522494331065476e-05,0.04495034267844681,0.006124957772197905,0.0002597243523242619,0.005865233419873643,-0.08590970878294019,0.00044124381448412545,-0.08635095259742431,-0.11752538661990443,0.0007971531276768254,-0.11832253974758125,2020
2020-03-02,3090.23,0.014516055,1141,0.3932640180722892,0.2577316024590164,0.2716251393442623,0.3564920166112957,0.25587002000000003,0.3811554989226382,0.26794949473616064,0.27936720805599125,332,244,301,50,0.13553241561327284,0.11320600418647758,0.10062199661129567,-0.013893536885245916,-0.011417713319830602,-0.0285105302619053,5.760339285714286e-05,-0.02856813365476244,-0.11789630224884681,0.0002397920408163254,-0.11813609428966314,-0.2585727151121914,0.0004136958009731655,-0.25898641091316454,-0.17867863376574494,0.0007686654166180428,-0.179447299182363,2020
2020-03-03,3003.37,0.0140531724999999,1125,0.44607380208333336,0.3183428708333333,0.33240365,0.42081792258064515,0.3140792807017544,0.43473923514435947,0.3111463748329988,0.344929744012586,288,240,310,57,0.12773093125000007,0.12359286031136069,0.10673864187889076,-0.014060779166666704,-0.03378336917958724,0.04133635094064169,5.576655753968214e-05,0.04128058438310201,-0.04117069145114108,0.00021901748015872897,-0.041389708931299805,-0.1718358981595443,0.00038100058789518055,-0.17221689874743948,-0.19531443223099182,0.0007405984553848313,-0.19605503068637664,2020
2020-03-04,3130.12,0.0109561903571428,1208,0.3922345319767441,0.2550732023809524,0.2614396984126984,0.34758221311475407,0.2518677021276596,0.377088454382841,0.27027117522377897,0.25563742108260085,344,252,305,47,0.13716132959579175,0.10681727915906203,0.09571451098709449,-0.006366496031745994,0.014633754141178124,-0.034510725624696516,4.347694586167778e-05,-0.03455420257055819,-0.13260989922919364,0.0002010283489229016,-0.13281092757811655,-0.2663945853216105,0.00035439140770037543,-0.26674897672931086,-0.21407808746801052,0.0007128632928390441,-0.21479095076084956,2020
2020-03-05,3023.94,0.0106734503571428,1335,0.4600820435967303,0.33610167656765677,0.3398364917491749,0.434935472636816,0.33082116666666667,0.45019101138519435,0.34951129027219724,0.33386417885237457,367,303,402,78,0.1239803670290735,0.10067972111299711,0.10411430597014931,-0.0037348151815181363,0.015647111419822668,-0.01720100245462004,4.2354961734693654e-05,-0.017243357416354733,-0.1980440254505045,0.00019285120464852538,-0.19823687665515302,-0.22718701341949318,0.0003423177724962937,-0.22752933119198948,-0.19482022207526772,0.0007007569870739845,-0.1955209790623417,2020
2020-03-06,2972.37,0.0102287260714285,1362,0.47299905828220856,0.3609846966666667,0.3542697633333333,0.45057114438502677,0.35537846341463414,0.4662871141383826,0.3745783475968981,0.34743028277597504,326,300,374,82,0.11201436161554185,0.09170876654148447,0.09519268097039263,0.006714933333333395,0.02714806482092308,-0.07901039484826664,4.059018282312897e-05,-0.07905098503108976,-0.09203466655513794,0.00018151946215986351,-0.0922161860172978,-0.2543136457080316,0.0003345346361584254,-0.25464818034419,-0.10965098905296167,0.0006872390957326655,-0.11033822814869433,2020
2020-03-09,2746.56,0.0092808657142857,1108,0.571657837398374,0.4831846896551725,0.4853557339901478,0.5617015217391303,0.47371765432098767,0.5778725473524401,0.49467493557309467,0.486987776459029,123,203,161,81,0.08847314774320147,0.08319761177934543,0.08798386741814268,-0.002171044334975336,0.007687159114065645,0.04821508053580021,3.6828832199546424e-05,0.04817825170360066,-0.14067641286334456,0.00017390376015684008,-0.1408503166235014,-0.20503474211702497,0.0003279272189030619,-0.20536266933592803,-0.03224492586764716,0.0006781982417570175,-0.03292312410940418,2020
2020-03-10,2882.23,0.0095199114285714,1249,0.5297156920289855,0.3998933577586207,0.4308072931034483,0.5152149907407407,0.3942680428571429,0.5204593552337642,0.4088467261704406,0.4263688343240799,276,232,324,70,0.12982233427036477,0.11161262906332359,0.12094694788359783,-0.03091393534482756,-0.017522108153639304,-0.05010285683741073,3.777742630385476e-05,-0.05014063426371459,-0.13066520670840312,0.00016198310773645158,-0.13082718981613958,-0.16356666570460887,0.00032434757779020636,-0.16389101328239908,-0.04697066115875755,0.0006701219147334543,-0.047640783073491004,2020
2020-03-11,2741.38,0.00889555,1186,0.5727743157894737,0.49642843457943925,0.4827354906542056,0.5610263122529645,0.4866265432098765,0.5621366059890807,0.4993907370473279,0.4788556559491036,209,214,253,81,0.07634588121003444,0.06274586894175277,0.07439976904308798,0.013692943925233625,0.020535081098224273,-0.09994485184600743,3.529980158730159e-05,-0.09998015164759473,-0.13378468609241695,0.00015336305877747383,-0.13393804915119442,-0.10199481019271886,0.0003202971508758508,-0.10231510734359471,0.017515634376879568,0.0006585479201066178,0.01685708645677295,2020
2020-03-12,2480.64,0.00781785125,1404,0.7611106693548387,0.6695119311926605,0.684670133027523,0.7598280893854749,0.6444724516129032,0.7617934494054956,0.6774080451917756,0.6835860145627735,124,218,179,124,0.09159873816217823,0.0843854042137201,0.11535563777257163,-0.015158201834862495,-0.0061779693709979044,0.0888083564407466,3.102321924603175e-05,0.08877733322150057,-0.029142987968988614,0.00014946656784776825,-0.029292454536836383,0.05849387040495606,0.00031892802999672977,0.05817494237495933,0.10730449371553769,0.0006478708203826703,0.10665662289515501,2020
2020-03-13,2711.02,0.0083095691666666,5116,0.6573884599303136,0.4368400518518519,0.5726244,0.650413530726257,0.4302176111111111,0.6512413632030621,0.4447340898282896,0.5709673257070087,1148,1080,1432,360,0.2205484080784617,0.20650727337477254,0.22019591961514584,-0.13578434814814816,-0.1262332358787191,-0.12765214115647325,3.297448082010555e-05,-0.12768511563729334,-0.16227897915289358,0.0001530151739985619,-0.16243199432689215,-0.06458229405841988,0.0003215447527531397,-0.06490383881117302,0.04861063382524764,0.0006445139624202821,0.04796611986282736,2020
2020-03-16,2386.13,0.0062768613043478,1213,0.8528117121212121,0.7661037962962963,0.7803805802469136,0.8561752946428571,0.7395984466019417,0.8514097487474107,0.7714065096818171,0.7807649738541143,66,162,112,103,0.08670791582491577,0.08000323906559359,0.11657684804091539,-0.014276783950617267,-0.009358464172297132,0.0582262866907417,2.4908179779157936e-05,0.05820137851096254,-0.06435832925368035,0.00015402345874622182,-0.06451235271242657,0.09603646331950888,0.00032293483237259444,0.09571352848713628,0.15398602430270844,0.0006374971955408251,0.15334852710716762,2020
2020-03-17,2529.19,0.007347659090909,1341,0.816033725,0.6248218181818181,0.7151478636363636,0.8259042147651007,0.6062557422680412,0.8148258784522843,0.6327368795886008,0.7205139722206796,200,198,298,97,0.1912119068181819,0.18208899886368346,0.21964847249705943,-0.09032604545454548,-0.08777709263207878,-0.05322233622142454,2.9157377344876986e-05,-0.05325149359876942,-0.03290145899620563,0.00016236447005375478,-0.03306382346625939,0.02166779465570466,0.0003300614358657194,0.021337733219838943,0.10155959660440413,0.0006362091865691202,0.100923387417835,2020
2020-03-18,2398.1,0.0079136342857142,1300,0.8690938411764705,0.663631950617284,0.7722083086419753,0.8715163408071749,0.6435636666666666,0.8926373606477246,0.6788358699496083,0.7882054281364854,170,162,223,90,0.2054618905591865,0.21380149069811627,0.22795267414050824,-0.10857635802469134,-0.1093695581868771,0.004696846277420959,3.140331065759603e-05,0.004665442966763363,0.031789875899697916,0.00016693409209837698,0.03162294180759954,0.029743802149976843,0.0003304404901447738,0.02941336165983207,0.181222861905014,0.0006288051701628215,0.18059405673485118,2020
2020-03-19,2409.39,0.0087121,1335,0.7783440178571429,0.6456720542168675,0.6695618734939759,0.7790517499999999,0.6231605977011495,0.7728904649950871,0.6527332704184016,0.6680753563158344,168,166,228,87,0.13267196364027545,0.1201571945766855,0.15589115229885042,-0.023889819277108426,-0.0153420858974328,-0.0443276347431585,3.4571825396825396e-05,-0.04436220656855532,0.08763685837394479,0.0001694614621489615,0.08746739691179582,0.04761965157617911,0.00032706857448107265,0.04729258300169804,0.15848322152780278,0.0006167146234803806,0.1578665069043224,2020
2020-03-20,2304.92,0.0085636569230769,1004,0.6921799514563106,0.5737891063829786,0.5866254680851064,0.6923407894736843,0.5594297111111112,0.6897100500543291,0.5759625037101194,0.5867810448372291,103,94,133,45,0.11839084507333197,0.1137475463442097,0.1329110783625731,-0.012836361702127763,-0.010818541127109782,-0.029731491257259945,3.398276556776548e-05,-0.02976547402282771,0.0976966850944738,0.0001685295787545778,0.09752815551571922,0.07669442608738385,0.0003238673891808655,0.07637055869820299,0.17165568849116566,0.0006075123445688159,0.17104817614659684,2020
2020-03-23,2237.4,0.0083787961538461,1036,0.6197862272727273,0.5452369390243903,0.534522731707317,0.6141690093457943,0.5340832727272727,0.6191840746619056,0.552329465734855,0.5362750230531207,88,82,107,33,0.07454928824833695,0.06685460892705064,0.08008573661852159,0.010714207317073288,0.016054442681734282,0.08968315694821649,3.324919108669087e-05,0.0896499077571298,0.16039479257318928,0.0001689113736263726,0.1602258811995629,0.17439414791233004,0.00031872169400647463,0.17407542621832356,0.22405848081052693,0.0005965327309284878,0.22346194807959843,2020
2020-03-24,2447.33,0.0084992038461538,1093,0.6220968507462686,0.5007478449612404,0.5245050775193798,0.6224592245989304,0.49105405454545453,0.6173199373417985,0.5022183961374684,0.5223408517457386,134,129,187,55,0.12134900578502827,0.11510154120433003,0.1314051700534759,-0.02375723255813944,-0.020122455608270196,0.011468998674479099,3.3726999389499205e-05,0.011435271675089599,0.05456925365191027,0.00016769696581196472,0.0544015566860983,0.08310665930116137,0.00031702183176726467,0.0827896374693941,0.13383575968128372,0.0005835171906354477,0.13325224249064826,2020
2020-03-25,2475.56,0.0085505315384615,1091,0.6868406617647059,0.5495414962406014,0.5836092781954888,0.6964598439024391,0.5368907619047619,0.6795559820013326,0.5427233206232519,0.5837471766557117,136,133,205,63,0.13729916552410448,0.1368326613780807,0.15956908199767716,-0.034067781954887355,-0.04102385603245984,0.06054382875166776,3.393068070818055e-05,0.06050989807095958,-0.0020460737497210594,0.00016350639804639682,-0.0022095801477674563,0.10512700587137218,0.0003120473375537488,0.10481495853381843,0.136188872468524,0.0005669438647153361,0.13562192860380867,2020
2020-03-26,2630.07,0.0084772653846153,1085,0.6630927005988024,0.4851248427672956,0.543981534591195,0.6673146991869918,0.47556547368421054,0.6536214312501158,0.47735940725476184,0.5467364100554548,167,159,246,57,0.17796785783150681,0.176262023995354,0.19174922550278128,-0.05885669182389941,-0.06937700280069298,-0.03426780802262948,3.363994200244167e-05,-0.03430144796463192,-0.04001720679776564,0.00015760711233211113,-0.04017481391009775,0.05896661581793083,0.0003043200885225865,0.05866229572940824,0.09025191524130555,0.0005482552588370873,0.08970365998246846,2020
2020-03-27,2541.47,0.0086598692307692,1095,0.704518701388889,0.5478923959731543,0.5781712147651006,0.7135881651785715,0.5338612,0.6986196148192231,0.5452989908232376,0.5761302596421052,144,149,224,60,0.15662630541573463,0.15332062399598545,0.17972696517857145,-0.03027881879194627,-0.030831268818867552,0.03296661622145552,3.436456043956032e-05,0.03293225166101596,-0.021002259007089925,0.00015533781042628768,-0.02115759681751621,0.08307843133321083,0.00029530284838349887,0.08278312848482733,0.11926358380381526,0.000528485543592015,0.11873509826022324,2020
2020-03-30,2626.65,0.0080727653846153,1106,0.614788600896861,0.45794145673076925,0.49491753846153846,0.6131244507936507,0.44594151351351347,0.6047392073669121,0.45973991098368394,0.48956919259989257,223,208,315,74,0.1568471441660918,0.14499929638322817,0.16718293728013728,-0.03697608173076922,-0.029829281616208625,-0.016142381973062482,3.2034783272282936e-05,-0.016174416756334766,0.013999355339140767,0.00014981032038010198,0.013849545018760666,0.08022631166221185,0.00028860464922758215,0.07993770701298426,0.112533630789609,0.0005061470148984865,0.11202748377471052,2020
2020-03-31,2584.59,0.0074431807692307,1090,0.5883379146919432,0.4281053676470588,0.46388785294117646,0.5775313652482269,0.41674727692307695,0.5766500412021736,0.4295607905936537,0.4626652459286442,211,204,282,65,0.16023254704488438,0.14708925060851985,0.16078408832514995,-0.03578248529411765,-0.03310445533499051,-0.04514632872715227,2.953643162393135e-05,-0.0451758651587762,0.02853740564925105,0.0001493248659553,0.02838808078329575,0.0740919429562619,0.00028252757989594764,0.07380941537636596,0.11942089623740584,0.0004851751397894687,0.11893572109761638,2020
2020-04-01,2470.5,0.0070639115384615,1093,0.6339815777777779,0.48857215083798883,0.5254062569832402,0.6289164338842975,0.4787421666666667,0.627774488620123,0.48964617209663047,0.532318563603726,180,179,242,72,0.14540942693978903,0.1381283165234925,0.15017426721763083,-0.036834106145251344,-0.04267239150709551,0.022572695703622976,2.803139499389484e-05,0.02254466430862908,0.10717307962109322,0.00014854093950735197,0.10702453868158587,0.12503813067585162,0.00027661131907946946,0.12476151935677215,0.13610700427772937,0.00046538220022902934,0.13564162207750033,2020
2020-04-02,2526.9,0.0079054013043478,1239,0.5782146858237548,0.43329848360655737,0.464817631147541,0.5654361888544891,0.4239222352941176,0.5657673579687013,0.43513913629436207,0.461884891132885,261,244,323,85,0.14491620221719742,0.13062822167433918,0.1415139535603715,-0.031519147540983616,-0.026745754838522928,-0.015252860231953606,3.137064009661825e-05,-0.015284230872050223,0.09898382261569641,0.00014671297619047542,0.09883710963950594,0.1289063640514141,0.00027033328502415276,0.12863603076638994,0.11777512078870014,0.00044596369639159685,0.11732915709230855,2020
2020-04-03,2488.65,0.0072669417391304,1225,0.543977326446281,0.40612730084745763,0.43800776694915255,0.5281932118055556,0.3990016842105263,0.536254114712635,0.40380664466128957,0.4455798182736533,242,236,288,76,0.13785002559882342,0.13244747005134538,0.12919152759502928,-0.031880466101694926,-0.04177317361236371,0.06796823056768604,2.8837070393374603e-05,0.06793939349729267,0.10408069034030071,0.0001399650379572111,0.1039407253023435,0.12611643018357732,0.0002582754089026896,0.12585815477467463,0.14202793321019175,0.00042303628900472895,0.14160489692118702,2020
2020-04-06,2663.68,0.0079504308695652,905,0.5008586738197425,0.37143673499999996,0.386649705,0.48386984561403507,0.36017384745762715,0.494000960701966,0.3759313214900379,0.3885046454793243,233,200,285,59,0.1294219388197425,0.11806963921192809,0.12369599815640792,-0.015212970000000048,-0.0125733239892864,-0.0016043316629523077,3.1549328847480956e-05,-0.0016358809917997887,0.06622695632307124,0.00013879432884748014,0.06608816199422377,0.026993031836095693,0.00025480788499457585,0.026738223951101116,0.06705582924390534,0.0004025726582372044,0.06665325658566813,2020
2020-04-07,2659.41,0.0072456313043478,955,0.5185392118959107,0.39851669651741295,0.4075659054726368,0.5040096583850932,0.38609698387096775,0.5089234062131873,0.40050539726699413,0.4043582141497366,269,201,322,62,0.12002251537849773,0.10841800894619319,0.1179126745141254,-0.009049208955223875,-0.0038528168827424714,0.03348934524468995,2.8752505175983333e-05,0.03346059273951397,0.045554537307010944,0.0001332027139406476,0.045421334593070295,0.051268664561149244,0.0002462617080745321,0.05102240285307471,0.08009910957091121,0.00037882404650990475,0.0797202855244013,2020
2020-04-08,2749.98,0.0066032647826086,953,0.5051022983606557,0.361313792746114,0.3934513937823834,0.48616281818181817,0.35128502222222224,0.49652656915642124,0.36663965864690545,0.3886385717462225,305,193,341,45,0.14378850561454165,0.12988691050951578,0.13487779595959593,-0.03213760103626939,-0.021998913099317063,0.01438343869822631,2.620343167701825e-05,0.014357235266549292,0.017865051054758482,0.00012807037957211748,0.017736980675186365,0.01723975513543249,0.0002377428536921996,0.01700201228174029,0.06334052238877169,0.0003576901793724698,0.06298283220939922,2020
2020-04-09,2789.82,0.0062049208695652,1096,0.4815810489690721,0.35618530316742086,0.3781509864253394,0.4630124423529412,0.34588305660377355,0.47132977654257746,0.3585935843045323,0.3750348739838395,388,221,425,53,0.12539574580165125,0.11273619223804515,0.11712938574916765,-0.021965683257918533,-0.01644128967930719,-0.010155992507349275,2.4622701863353968e-05,-0.010180615209212629,0.02992254143571757,0.0001236203088336774,0.02979892112688389,0.01667842789892567,0.00022869309548456904,0.0164497348034411,0.049134554459527906,0.00033887103624420434,0.0487956834232837,2020
2020-04-13,2761.63,0.0069719230434782,899,0.47783149498327754,0.3585976066350711,0.37605632701421804,0.4604709457831325,0.34980705,0.4686199030448818,0.36253407560680506,0.37296643351027425,299,211,332,60,0.11923388834820642,0.10608582743807676,0.11066389578313252,-0.01745872037914692,-0.010432357903469192,0.0301144965504564,2.766636128364365e-05,0.030086830189172756,0.02203573984327656,0.00011831037094547857,0.02191742947233108,0.041441291930724065,0.00021931246845114681,0.04122197946227292,0.038532755628490824,0.00032096827485704086,0.038211787353633786,2020
2020-04-14,2846.06,0.0065413439130434,905,0.4487660920245398,0.31606449504950496,0.3474995099009901,0.4249619044776119,0.30760888000000003,0.4359429557122031,0.31890661910495643,0.3456049885576007,326,202,335,50,0.13270159697503486,0.11703633660724666,0.11735302447761187,-0.031435014851485144,-0.026698369452644255,-0.022276750679012372,2.5957713940648414e-05,-0.022302708392953022,-0.039233924486975484,0.00011601355614709562,-0.03934993804312258,0.006070655920147913,0.00020551633392487263,0.005865139586223041,-0.009198696716072029,0.0002997182660866246,-0.009498414982158653,2020
2020-04-15,2783.36,0.0059522830434782,922,0.4742678052805281,0.3479655962441314,0.36805488732394365,0.45432306927710847,0.3408280357142857,0.4633315790607939,0.3515359348964663,0.36624321569771917,303,213,332,56,0.12630220903639666,0.11179564416432763,0.11349503356282276,-0.02008929107981222,-0.014707280801252887,0.0057998589924373595,2.3620170807453177e-05,0.005776238821629906,0.005714127254138065,0.00011305899413388452,0.00560106826000418,0.05458406980640938,0.00019158465173025596,0.05439248515467913,0.024536971767011796,0.0002800367426221663,0.02425693502438963,2020
2020-04-16,2799.55,0.0054818469565217,925,0.46895745659163984,0.3454618867924528,0.35943679245283017,0.44643048484848485,0.33744019230769234,0.457014414324492,0.34988378009223314,0.3578917315838022,311,212,330,52,0.12349556979918702,0.10713063423225888,0.10899029254079251,-0.013974905660377346,-0.008007951491569076,0.026440929079185473,2.1753360938578172e-05,0.026419175718246896,-0.000625295919326161,0.00010967247412008215,-0.0007349683934462432,0.039529094288706317,0.00017902738908606784,0.03935006689962025,0.022655805029009768,0.0002625935162591572,0.02239321151275061,2020
2020-04-17,2874.56,0.0048668165217391,927,0.454670185840708,0.31134314778325123,0.3423140492610837,0.4278466344410876,0.304007612244898,0.4408848263675434,0.3173984653518972,0.3393171898048845,339,203,331,49,0.14332703805745678,0.1234863610156462,0.12383902219618964,-0.03097090147783249,-0.021918724452987315,-0.018042794099790368,1.931276397515516e-05,-0.018062106863765522,-0.013244113536791958,0.00010507278665089167,-0.01334918632344285,-0.015372055477307807,0.00016701752021098176,-0.015539072997518789,0.027230097423181318,0.0002465347717226952,0.026983562651458622,2020
2020-04-20,2823.16,0.0063931257142857,689,0.48844849579831934,0.3648906298701299,0.3749768376623377,0.4729009557195572,0.3562291951219512,0.4804796594698442,0.3698291076293233,0.37284645216512735,238,154,271,41,0.12355786592818946,0.11065055184052092,0.11667176059760598,-0.010086207792207813,-0.003017344535804045,-0.031155167779795462,2.5369546485260717e-05,-0.031180537326280722,0.01940555208744755,0.00010100209750566826,0.01930454998994188,0.006911550837076488,0.0001563176473922889,0.006755233189684199,0.034733134103545914,0.00023337989890400237,0.03449975420464191,2020
2020-04-21,2736.56,0.0057967942857142,688,0.5056120379146919,0.4007663164556962,0.4071986708860759,0.4919775081967213,0.391625125,0.49776154286951874,0.40651546069381805,0.40540401796951264,211,158,244,48,0.10484572145899568,0.09124608217570068,0.1003523831967213,-0.006432354430379705,0.0011114427243054115,0.022671301062101197,2.3003151927437302e-05,0.02264829791017376,0.045304580407123214,8.9502777777777e-05,0.045215077629345436,0.04706667080641008,0.0001393913336167786,0.04692727947279331,0.0824022363012029,0.0002139711996409635,0.08218826510156194,2020
2020-04-22,2799.31,0.00509888,689,0.4821722358078602,0.3530590641025641,0.37568416666666665,0.46468716141732286,0.3465145641025641,0.4715376785445676,0.35779427802237135,0.37404460440476656,229,156,254,39,0.12911317170529613,0.11374340052219623,0.11817259731475876,-0.02262510256410255,-0.016250326382395208,-0.0005395641810268519,2.0233650793650795e-05,-0.0005597978318205027,0.048869942552271256,7.852565759637144e-05,0.04879141689467489,0.01739149634570851,0.00012476162131519128,0.01726673472439332,0.05192699976647846,0.0001968719783735091,0.05173012778810495,2020
2020-04-23,2797.8,0.0043227257142857,1005,0.4689983625954199,0.3476516190476191,0.36252852910052913,0.4502156055363322,0.3408064042553191,0.45896994149562315,0.3527229659963381,0.36017341118407686,262,189,289,47,0.12134674354780078,0.10624697549928502,0.10940920128101311,-0.01487691005291003,-0.007450445187738741,0.013822111461719605,1.71536734693877e-05,0.013804957788250216,0.04015439020803246,6.935491496598572e-05,0.04008503529306647,0.029370009190788863,0.00011232868764172183,0.02925768050314714,0.05481752946775614,0.00018227951805604878,0.05463524994970009,2020
2020-04-24,2836.74,0.0038410028571428,1007,0.4332068309352518,0.29635525268817203,0.32822745161290323,0.4066163905109489,0.291097,0.4224949643738362,0.303120227603211,0.3265455255928039,278,186,274,42,0.13685157824707977,0.11937473677062521,0.1155193905109489,-0.0318721989247312,-0.02342529798959292,0.014606871524449172,1.5242074829931745e-05,0.01459162944961924,-0.002127941940515928,6.194473356009007e-05,-0.0021898866740760184,0.03227865579161984,0.00010279365221088255,0.03217586213940896,0.05320967997778669,0.00017074567885370118,0.053038934298932985,2020
2020-04-27,2878.48,0.0034952971428571,1005,0.40945895501730106,0.2773156896551724,0.2945134137931035,0.37332772586872587,0.26912646153846154,0.39638399825910026,0.28399863304184636,0.29272520087234344,289,174,259,39,0.13214326536212867,0.1123853652172539,0.10420126433026433,-0.01719772413793108,-0.008726567830497078,-0.005256139460119837,1.3870226757369444e-05,-0.005270009686877207,-0.012494001250371225,5.5315549886620635e-05,-0.012549316800257846,0.01784925503615307,9.493586592970358e-05,0.017754319170223368,0.05332130106963412,0.00016269567318476707,0.05315860539644935,2020
2020-04-28,2863.39,0.00303056,1001,0.4218020174825175,0.2868179096045198,0.30241878531073446,0.3865529580152672,0.2800735,0.40707054751235977,0.29487468107669723,0.29977144501145303,286,177,262,38,0.1349841078779977,0.11219586643566254,0.1064794580152672,-0.015600875706214656,-0.004896763934755799,0.02623666320724924,1.2026031746031745e-05,0.026224637175503208,0.0017620903992867304,4.988855583900159e-05,0.0017122018434477288,0.0023476031578864936,8.778557964852459e-05,0.002259817578237969,0.05646726905370971,0.00015580273242512974,0.05631146632128458,2020
2020-04-29,2939.51,0.0027878528571428,1010,0.4053113562091503,0.2530074076433121,0.2814067770700637,0.3618348849206349,0.2442463,0.3916098866913306,0.2611609253495043,0.2784508875994595,306,157,252,30,0.15230394856583823,0.13044896134182632,0.11758858492063493,-0.028399369426751586,-0.017289962249955215,-0.00925511652526566,1.106290816326508e-05,-0.009266179433428924,-0.031478446206562816,4.623596371881984e-05,-0.031524682170281634,-0.04150601584346912,8.217590041572025e-05,-0.04158819174388484,0.035031373705264865,0.00015062591128000476,0.03488074779398486,2020
2020-04-30,2912.43,0.00245536,1090,0.4182085182926829,0.2876365052631579,0.29565197368421053,0.3776169658703072,0.27825423684210526,0.4155257954927265,0.2931770358018594,0.29796845470024186,328,190,293,38,0.13057201302952498,0.12234875969086711,0.09936272902820192,-0.008015468421052607,-0.004791418898382471,-0.028460220686828817,9.743492063492064e-06,-0.02846996417889231,-0.010784381017243562,4.2973772675736114e-05,-0.010827354789919297,-0.020791981514132005,7.738918272864523e-05,-0.02086937069686065,0.04803073234754746,0.00014647391298068494,0.04788425843456678,2020
2020-05-01,2830.71,0.0021704485714285,1099,0.45348567118644073,0.309531875,0.34450985648148147,0.42344152447552447,0.30381125999999997,0.44369138582554113,0.3138143997168926,0.34822442959063427,295,216,286,50,0.14395379618644072,0.1298769861086485,0.1196302644755245,-0.03497798148148146,-0.03441002987374164,0.0042408122145938705,8.612891156462302e-06,0.004232199323437408,0.034406597732135724,4.084891865079246e-05,0.034365748813484934,0.011586931427132257,7.382263510959722e-05,0.011513108792022659,0.08466823173639983,0.00014349408163147857,0.08452473765476835,2020
2020-05-04,2842.74,0.0021276946428571,957,0.42824594347826084,0.29358391860465116,0.3241101046511628,0.3984776954545454,0.2904541,0.41914485634052134,0.30117153226533283,0.3217710004508622,230,172,220,40,0.13466202487360968,0.11797332407518851,0.10802359545454543,-0.03052618604651164,-0.02059946818552938,0.00899995218953805,8.443232709750396e-06,0.0089915089568283,0.030343256286524217,3.9620316043082936e-05,0.030303635970481135,0.03836134068589517,7.09043603552512e-05,0.03829043632553992,0.09398407499748786,0.00014146123015755554,0.0938426137673303,2020
2020-05-05,2868.44,0.0021101067857142,947,0.4076831764705882,0.27857518674698795,0.3018374156626506,0.37374249763033174,0.27486318918918917,0.3971494801065626,0.2848676960560972,0.29871925322189796,238,166,211,37,0.12910798972360027,0.1122817840504654,0.09887930844114257,-0.023262228915662653,-0.013851557165800776,-0.007003873398600344,8.37343962585e-06,-0.007012246838226194,0.0005855127585998752,3.789702380952302e-05,0.0005476157347903523,0.01882163107693136,6.861901880196311e-05,0.018753012058129397,0.08160973987290387,0.00013957168083782778,0.08147016819206605,2020
2020-05-06,2848.42,0.0019657807142857,945,0.411818850877193,0.2866064393063584,0.3057174971098266,0.37805618357487925,0.28310951282051283,0.39943356591378315,0.2938857390991958,0.3036450450419864,228,173,207,39,0.12521241157083463,0.10554782681458735,0.09494667075436641,-0.019111057803468223,-0.00975930594279062,0.011438948664053582,7.800717120181349e-06,0.0114311479469334,-0.010027569636906349,3.593993669690039e-05,-0.01006350957360325,0.04233943889339315,6.620642639833493e-05,0.04227323246699482,0.11448767887305732,0.0001378628869035877,0.11434981598615374,2020
2020-05-07,2881.19,0.0019198967857142,1044,0.39752533712121213,0.26519934196891193,0.2955561761658031,0.361979,0.26218402325581397,0.38298449613993046,0.27301815892289827,0.29265058306477776,264,193,236,43,0.1323259951523002,0.1099663372170322,0.09979497674418603,-0.03035683419689117,-0.01963242414187949,0.016730758062550522,7.618638038548413e-06,0.016723139424511972,-0.010007600496888432,3.4415410052909123e-05,-0.010042015906941341,0.023096554756716348,6.430963993813651e-05,0.023032245116778212,0.11501839844486282,0.00013676249716435874,0.11488163594769846,2020
2020-05-08,2929.8,0.0018608407142857,1023,0.3676526267605634,0.23124783428571427,0.25731264,0.32021997345132747,0.22452666666666668,0.350819050860896,0.24008897536806875,0.25556989582803413,284,175,226,30,0.1364047924748491,0.11073007549282723,0.09569330678466079,-0.02606480571428571,-0.01548092045996538,0.00017747076898242637,7.384288548752778e-06,0.0001700864804336736,-0.02281966630500351,3.297371645880476e-05,-0.022852640021462315,0.008716762214416881,6.233219237577857e-05,0.008654430022041103,0.09045788504411417,0.000135415525792477,0.0903224695183217,2020
2020-05-11,2930.32,0.001693425,884,0.3498123304347826,0.2336031380952381,0.2399754285714286,0.309056,0.2308194358974359,0.33489310101042224,0.240737393981338,0.23935881189681507,230,210,215,39,0.11620919233954449,0.09415570702908424,0.0782365641025641,-0.006372290476190479,0.0013785820845229335,-0.020757791338386403,6.719940476190476e-06,-0.020764511278862592,0.008018084399370885,3.1284044312168254e-05,0.007986800355058717,0.020753553417184413,6.056773809406587e-05,0.020692985679090347,0.08495317089856075,0.0001345689356564226,0.08481860196290432,2020
2020-05-12,2870.12,0.0016169208333333,877,0.3864615099009901,0.2735670487804878,0.27482181951219514,0.3496401009615384,0.2704095581395349,0.37278958182195904,0.283208328804897,0.27089169512093514,202,205,208,43,0.11289446112050228,0.08958125301706205,0.07923054282200354,-0.001254770731707322,0.012316633683961853,-0.017616955794106534,6.416352513227381e-06,-0.017623372146619763,0.018236118318331572,3.0721994992440076e-05,0.018205396323339132,0.05622983737186738,6.103986677887301e-05,0.05616879750508851,0.04495820303825424,0.00013431141926580832,0.044823891618988435,2020
2020-05-13,2820.0,0.0015815999999999,884,0.4147524827586207,0.30045155121951217,0.30942100975609754,0.38162638341968913,0.2980632888888889,0.4037717347373174,0.3044898187341913,0.3196668207920034,174,205,193,45,0.11430093153910853,0.09928191600312614,0.08356309453080024,-0.008969458536585373,-0.015177002057812139,0.01145891780407149,6.27619047619008e-06,0.0114526416135953,0.052367008530299394,3.0266489701434525e-05,0.05233674204059796,0.07173662168992956,6.160080026337777e-05,0.07167502088966618,0.07555145870092718,0.00013407232865734288,0.07541738637226984,2020
2020-05-14,2852.5,0.0015565899999999,879,0.40454035638297875,0.2645132631578947,0.30306143540669855,0.37116469,0.2644659487179487,0.39472603369629206,0.27317418572857394,0.3009025655582935,188,209,200,39,0.14002709322508405,0.12155184796771812,0.10669874128205131,-0.03854817224880386,-0.02772837982971954,0.003918692254435327,6.176944444444048e-06,0.003912515309990883,0.03310415525360479,2.9894229885227382e-05,0.03307426102371957,0.06507847174466266,6.217382038809446e-05,0.06501629792427457,0.07237039232028615,0.00013534984418529322,0.07223504247610085,2020
2020-05-15,2863.7,0.0014350433333333,877,0.3853218686868687,0.2631264243902439,0.275927487804878,0.3485332639593908,0.2621401351351351,0.3748269791211212,0.27488800941320946,0.2714132717903984,198,205,197,37,0.12219544429662477,0.09993896970791172,0.0863931288242557,-0.012801063414634106,0.0034747376228110305,0.031015221473356874,5.69461640211627e-06,0.031009526856954756,0.03153642851942037,2.9358475916973808e-05,0.0315070700435034,0.06490402160724414,6.290778580759563e-05,0.06484111382143654,0.08723658471852377,0.00013624799044379681,0.08710033672807997,2020
2020-05-18,2953.91,0.0015517885714285,699,0.3655408932584269,0.23942768493150687,0.25487174657534245,0.3292177371428571,0.23425623076923077,0.3540465429698217,0.24999632353370208,0.24942157081989802,178,146,175,26,0.12611320832692005,0.10405021943611961,0.09496150637362635,-0.015444061643835577,0.0005747527138040553,-0.010539757419425795,6.157891156462301e-06,-0.010545915310582257,0.012735469017813472,2.9283693781897618e-05,0.012706185324031574,0.04206607883591075,6.397683011976508e-05,0.042002102005790985,0.05261456702382991,0.00013749539189882344,0.05247707163193109,2020
2020-05-19,2922.94,0.0015021334999999,697,0.3734166626506024,0.2599453154362416,0.26183187919463086,0.3392969176470588,0.2561691724137931,0.3634485157184251,0.2699089328287774,0.255854104249516,166,149,170,29,0.11347134721436081,0.0935395828896477,0.08312774523326572,-0.001886563758389248,0.014054828579261436,0.01651393441786152,5.960847222221826e-06,0.0165079735706393,0.037993719053535956,3.0317871786432938e-05,0.037963401181749526,0.06616249173101835,6.439897864584206e-05,0.06609809275237251,0.06374833649829584,0.00013814411937226905,0.06361019237892357,2020
2020-05-20,2971.61,0.0014877905263157,695,0.35545285792349723,0.23932912318840582,0.249260268115942,0.31596854437869826,0.23228855555555558,0.3434987015911755,0.24891971069562324,0.2449913700054287,183,138,169,27,0.11612373473509141,0.09457899089555227,0.08367998882314268,-0.00993114492753619,0.003928340690194543,-0.007803935472623133,5.903930659982936e-06,-0.007809839403283116,0.019369613159630112,3.1334310561943256e-05,0.01933827884906817,0.04627417437811103,6.499181481364287e-05,0.04620918256329739,0.041568919879469736,0.00013874270336697815,0.041430177176102756,2020
2020-05-21,2948.51,0.00142158,833,0.3578431291866029,0.24686694680851065,0.25385652659574465,0.32293192118226605,0.24565194444444444,0.3454760098039465,0.25733263504230575,0.24915818113606722,209,188,203,36,0.11097618237809223,0.08814337476164075,0.07727997673782161,-0.006989579787233996,0.008174453906238527,0.002350965520250863,5.641190476190476e-06,0.002345324329774672,0.03197431649105767,3.227959050286706e-05,0.031942036900554804,0.07995217545228729,6.575252984526984e-05,0.07988642292244202,0.05584691104253199,0.0001392658525389278,0.05570764518999306,2020
2020-05-22,2955.45,0.0014161982352941,831,0.352400028436019,0.23790030526315792,0.24964501578947368,0.3160423636363636,0.23613039393939395,0.33938664671110796,0.2474592413981667,0.24928788761725498,211,190,198,33,0.11449972317286106,0.09192740531294127,0.07991196969696968,-0.01174471052631576,-0.0018286462190882924,0.012214261971750162,5.619834267040079e-06,0.012208642137483123,0.033367593087823916,3.3549309890621824e-05,0.033334043777933295,0.08957087816789559,6.681166675003174e-05,0.08950406650114556,0.057794136692593666,0.00014100657929629724,0.05765313011329737,2020
2020-05-26,2991.77,0.0018124014285714,658,0.353922782051282,0.23328034146341464,0.24805552845528453,0.3171629194630872,0.22982929166666666,0.33929920240790135,0.24047028300270193,0.2451225208717612,156,123,149,24,0.12064244058786738,0.09882891940519942,0.08733362779642057,-0.014775186991869887,-0.0046522378690592725,0.014718492616296689,7.192069160997619e-06,0.014711300547135691,0.029330609818097347,3.4693136337867457e-05,0.02929591668175948,0.06952686085794724,6.746349914965833e-05,0.06945939735879758,0.019384595988089167,0.00014269516453039086,0.019241900823558776,2020
2020-05-27,3036.13,0.0017582760714285,654,0.34763196987951805,0.2309603153153153,0.23816623423423422,0.30574464,0.22218404545454543,0.3328948575238037,0.23978997993939846,0.23425699756709129,166,111,150,22,0.11667165456420275,0.09310487758440525,0.08356059454545459,-0.007205918918918919,0.005532982372307177,-0.0021101714760443074,6.977285997732143e-06,-0.0021171487620420394,0.02816877267748228,3.4081106859409126e-05,0.028134691570622872,0.04948112486507973,6.680912840135913e-05,0.04941431573667837,0.015565953545201764,0.00014253285954172857,0.015423420685660036,2020
2020-05-28,3029.73,0.0017260010714285,736,0.35936662921348317,0.24137815384615385,0.23939749999999999,0.3171700877192983,0.2381805,0.34576231720989586,0.24242607992406429,0.24578029476287758,178,156,171,28,0.11798847536732932,0.10333623728583158,0.07898958771929829,0.001980653846153868,-0.003354214838813291,0.004800767858804524,6.849210600906746e-06,0.004793918648203617,0.02690456121848097,3.3657504251699606e-05,0.02687090371422927,-0.009161462857568766,6.629426648920317e-05,-0.00922775712405797,-0.006849092313883378,0.0001426130690088488,-0.006991705382892227,2020
2020-05-29,3044.31,0.0017415492857142,743,0.3433116593406594,0.23467728947368424,0.22840677631578946,0.29933917575757574,0.23050075,0.3298934758828119,0.24541435208357007,0.2257997664839453,182,152,165,28,0.10863436986697514,0.08447912379924186,0.06883842575757573,0.006270513157894786,0.019614585599624756,0.003744242117017055,6.910909863945238e-06,0.0037373312071531098,0.04797785896122955,3.347293934240278e-05,0.04794438602188715,-0.0009859308478068116,6.562231779305832e-05,-0.00105155316559987,0.0029290473663820915,0.0001425917302900282,0.0027864556360920633,2020
2020-06-01,3055.73,0.0017044425,746,0.3513827664233577,0.23788289099526067,0.2386658009478673,0.31351364541832666,0.23360223076923078,0.33752221298691765,0.24910107678848242,0.23276522519748624,274,211,251,39,0.11349987542809703,0.08842113619843522,0.07991141464909587,-0.0007829099526066308,0.01633585159099618,0.008177278702023465,6.763660714285714e-06,0.00817051504130918,0.05620328508007171,3.326235685940992e-05,0.0561700227232123,0.003547678458606598,6.626511393325357e-05,0.003481413344673344,0.014477138887046596,0.0001420896571607766,0.01433504922988582,2020
2020-06-02,3080.82,0.0016581699999999,743,0.34214741258741255,0.22063304926108374,0.2316644827586207,0.29971251836734697,0.21597991891891893,0.3256331970627336,0.23021700760104324,0.22729160041506413,286,203,245,37,0.12151436332632881,0.09541618946169034,0.08373259944842804,-0.011031433497536963,0.002925407185979112,0.013556655475681826,6.580039682539286e-06,0.013550075435999287,0.04019625103984989,3.277036281179087e-05,0.0401634806770381,0.01415528440925596,6.657654392191548e-05,0.014088707865334045,0.011309402284687109,0.00014138884451905315,0.011168013440168056,2020
2020-06-03,3122.87,0.0016515282142857,738,0.3319501188118812,0.2165885376344086,0.22578991397849463,0.2836530686695279,0.20858618421052633,0.31833296667968713,0.22418448529309515,0.22233292236459687,303,186,233,38,0.11536158117747258,0.09414848138659199,0.07506688445900156,-0.00920137634408602,0.0018515629284982793,-0.003374382935045795,6.553683390022619e-06,-0.003380936618435818,0.021312352187597323,3.272802154195e-05,0.02127962416605537,-0.00300816728776261,6.693852209651904e-05,-0.0030751058098591293,0.0022837486416587473,0.00014101092501791945,0.002142737716640828,2020
2020-06-04,3112.35,0.0016794907142857,905,0.3329712335329341,0.21231318217054262,0.22450181395348837,0.28659800740740743,0.21049388372093025,0.3167509628346393,0.22264020895056638,0.2199685015660344,334,258,270,43,0.1206580513623915,0.09411075388407295,0.07610412368647718,-0.012188631782945741,0.002671707384531985,0.025874065601552972,6.664645691609921e-06,0.02586740095586136,-0.03606602407604973,3.263676223750357e-05,-0.036098660838287236,0.000960227702323304,6.719145733640437e-05,0.0008930362449868996,0.021415074742530838,0.00014059953074354285,0.021274475211787294,2020
2020-06-05,3193.93,0.0016884825,903,0.32108103005464483,0.20043635064935067,0.21207061471861471,0.2662108625954199,0.193397675,0.30538620457915017,0.2030637459698074,0.21295353748350565,366,231,262,40,0.12064467940529416,0.10232245860934278,0.07281318759541988,-0.011634264069264044,-0.00988979151369826,0.011969668235859062,6.700327380952381e-06,0.01196296790847811,-0.04896378980903639,3.214937845065555e-05,-0.04899593918748704,-0.030579320100194495,6.70862428617254e-05,-0.03064640634305622,-0.015336499676009549,0.00014007911124240874,-0.015476578787251958,2020
2020-06-08,3232.39,0.00158046,706,0.3295926725352113,0.21738035,0.22503470625,0.281544628959276,0.2079195882352941,0.31319737198517045,0.22483441639547125,0.22085887082705555,284,160,221,34,0.1122123225352113,0.0883629555896992,0.0736250407239819,-0.007654356249999994,0.0039755455684157,-0.007829755338198062,6.271666666666666e-06,-0.007836027004864729,-0.0526556066214651,3.300275707384365e-05,-0.05268860937853895,-0.0360749326456143,6.681299531270556e-05,-0.03614174564092701,-0.019509141430576887,0.00013989369457574207,-0.01964903512515263,2020
2020-06-09,3207.18,0.0016475,806,0.3443440798611111,0.23589471739130435,0.2289281,0.29913074,0.23209138095238094,0.3265725268914668,0.24528622078663526,0.22422683795779985,288,230,250,42,0.10844936246980674,0.08128630610483156,0.06703935904761907,0.006966617391304358,0.021059382828835405,-0.0053272433765708446,6.537698412698413e-06,-0.005333781074983543,-0.02604096663059397,3.3806181110124606e-05,-0.026074772811704096,-0.02394698613710376,6.79232458795988e-05,-0.024014909382983358,-0.017339011543666766,0.0001401629273799746,-0.01747917447104674,2020
2020-06-10,3190.14,0.0016285308695652,804,0.3459772730496454,0.2341088053097345,0.22869338053097346,0.3005161475409836,0.23062965853658537,0.33079685298521,0.24398812981906706,0.22367510722080533,282,226,244,41,0.11186846773991088,0.08680872316614294,0.06988648900439823,0.00541542477876103,0.020313022598261732,-0.06075275919869289,6.46242408557619e-06,-0.06075922162277847,-0.02432051947536007,3.4210500554569046e-05,-0.02435472997591464,-0.0448150214932873,6.869396696803413e-05,-0.04488371546025534,-0.0015999551661094859,0.00013975744126886353,-0.0017397126073783495,2020
2020-06-11,3002.1,0.00155667,929,0.45107282805429866,0.34644495951417004,0.33350533198380566,0.42925342066420663,0.3422022424242424,0.4395394205182147,0.35703799364332983,0.32742897050181474,221,247,271,66,0.10462786854012862,0.08250142687488488,0.08705117823996422,0.012939627530364373,0.02960902314151509,0.012976299868566436,6.1772619047619044e-06,0.012970122606661675,0.037026251778373126,3.455469509890079e-05,0.036991697083274225,0.026837587878814875,6.926130705479325e-05,0.026768326571760082,0.049746180366099846,0.00013916062234201748,0.04960701974375783,2020
2020-06-12,3041.31,0.0019035339130434,782,0.40690400450450454,0.3043730510204081,0.29470748469387753,0.3861135078740157,0.30029625531914894,0.39982220487333414,0.31459527760223366,0.2895402199173747,222,196,254,47,0.10253095348409641,0.08522692727110048,0.08581725255486677,0.009665566326530595,0.02505505768485894,0.008277851423430304,7.5537060041404766e-06,0.008270297717426163,0.018384469708841906,3.493686441106984e-05,0.018349532844430836,-0.01066392932488099,7.014154061488373e-05,-0.010734070865495873,0.05008716568697966,0.00013937639615154085,0.04994778929082812,2020
2020-06-15,3066.59,0.0017829228571428,821,0.40553934817813764,0.28692776851851853,0.3013237453703704,0.3817151195652174,0.28318091836734693,0.3961406997176901,0.29649246173612165,0.29591791211568,247,216,276,49,0.1186115796596191,0.09964823798156847,0.09853420119787049,-0.014395976851851844,0.0005745496204416223,0.01878488465267299,7.0750907029476196e-06,0.018777809561970043,0.016580673975850804,3.38102382388619e-05,0.016546863737611942,-0.0043628732092414,6.941570649282937e-05,-0.004432288915734229,0.050850359148333704,0.00013817329530613055,0.05071218585302757,2020
2020-06-16,3124.74,0.0017493885,819,0.40305677617328517,0.27891772850678737,0.2940518099547511,0.37510174827586207,0.27437736734693874,0.39317392840329574,0.2878556764305676,0.2891959936204874,277,221,290,49,0.1241390476664978,0.10531825197272815,0.10072438092892333,-0.015134081447963743,-0.0013403171899198374,-0.003606796221336869,6.942017857142857e-06,-0.003613738239194012,0.0020939804934903034,3.4117064769474207e-05,0.002059863428720829,-0.007855424224232955,6.874945252457539e-05,-0.00792417367675753,0.028653556182498877,0.00013753868079365914,0.028516017501705217,2020
2020-06-17,3113.49,0.0017152678947368,818,0.39555347970479704,0.28798904166666667,0.2801963611111111,0.3647124558303887,0.28213785106382977,0.3850773949476218,0.29626234877660174,0.2748235231953803,271,216,283,47,0.10756443803813037,0.08881504617102004,0.08257460476655892,0.007792680555555542,0.021438825581221455,0.0005940120550401924,6.806618629907936e-06,0.0005872054364102845,-0.020494502017927258,3.448346641346508e-05,-0.020528985484340723,0.0007609140967681062,6.787028273999484e-05,0.0006930438140281114,0.035104942306994694,0.0001369765339682623,0.03496796577302643,2020
2020-06-18,3115.34,0.0016529766666666,824,0.3893186605166052,0.2720640409090909,0.27875880000000003,0.357997989010989,0.26802308695652177,0.37823368563506904,0.28047487797385845,0.2741543183057126,271,220,273,46,0.11725461960751427,0.09775880766121059,0.08997490205446723,-0.006694759090909108,0.006320559668145875,-0.005665482200964775,6.559431216930952e-06,-0.0056720416321817055,-0.01018866389955819,3.4706611955892464e-05,-0.010223370511514084,0.004697903874381014,6.726578429149246e-05,0.004630638090089521,0.04288269442241931,0.00013630238226957104,0.04274639204014974,2020
2020-06-19,3097.74,0.001619624117647,816,0.38793832699619774,0.2864684128440367,0.2709687201834863,0.35571718045112777,0.2825297083333333,0.37880754930756766,0.29294229195450083,0.2745169692044312,263,218,266,48,0.10146991415216106,0.08586525735306683,0.07318747211779447,0.015499692660550402,0.01842532275006964,0.006474055690439126,6.42707983193254e-06,0.006467628610607194,-0.029048399033722843,3.520467620381389e-05,-0.029083603709926655,0.026120329241172226,6.684864219020754e-05,0.026053480598982017,0.05022581799554339,0.0001361763013927758,0.050089641694150616,2020
2020-06-22,3117.86,0.0018602431428571,608,0.3795936519607843,0.26515210062893085,0.2647416855345912,0.3480175929648241,0.2618973333333333,0.3684883570017075,0.2762650996347966,0.25849549265616595,204,159,199,33,0.11444155133185346,0.0922232573669109,0.08612025963149078,0.0004104150943396445,0.01776960697863067,0.0042981911703125365,7.381917233559921e-06,0.004290809253078977,-0.02094354718509215,3.560546825396746e-05,-0.020979152653346118,0.008768764733745608,6.656578854875079e-05,0.008702198945196858,0.04948240192806201,0.0001360776541005258,0.04934632427396148,2020
2020-06-23,3131.29,0.0018417217142857,599,0.3736260539215686,0.26421067701863354,0.2569519254658385,0.34063078894472365,0.25997640625,0.36582357277379496,0.26400050604895275,0.267039579247298,204,161,199,32,0.10941537690293507,0.1018230667248422,0.08065438269472364,0.00725875155279504,-0.0030390731983452324,-0.02619527873275449,7.30841950113373e-06,-0.026202587152255624,-0.009949404717723211,3.463238775510119e-05,-0.009984037105478313,0.012267600044724797,6.569878202947658e-05,0.01220190126269532,0.032787865470507924,0.00013510094572243768,0.03265276452478549,2020
2020-06-24,3050.33,0.0017715005714285,604,0.3973181722222222,0.2943608050314465,0.29075351572327046,0.3705429894736842,0.2928929444444444,0.4122420220436443,0.3000582690564097,0.28991300509891405,180,159,190,36,0.1029573671907757,0.1121837529872346,0.07765004502923978,0.0036072893081760538,0.010145263957495654,0.010899850173409288,7.0297641723353175e-06,0.010892820409236953,0.021255416114695305,3.3386816326529765e-05,0.021222029298368774,0.032803253326191474,6.493126199924206e-05,0.032738322064192235,0.05277351345895719,0.00013384881590384367,0.05263966464305335,2020
2020-06-25,3083.76,0.0017784888571428,725,0.37823294420600856,0.26535773056994816,0.2714837512953368,0.34750385714285714,0.2626948292682927,0.368357855413531,0.2751998873154173,0.2672366736803362,233,193,231,41,0.1128752136360604,0.09315796809811372,0.08480902787456446,-0.006126020725388648,0.007963213635081068,-0.024525217335129464,7.057495464852381e-06,-0.024532274830594315,0.01488656777393931,3.25591723356e-05,0.01485400860160371,0.03231521615376854,6.403371012849404e-05,0.032251182443640045,0.049241582795614726,0.00013272691120863215,0.0491088558844061,2020
2020-06-26,3009.05,0.0017206237142857,725,0.397649535,0.29995559374999997,0.29584749479166667,0.37043465277777776,0.29750920454545454,0.39405235017008816,0.3073818642773189,0.3018222215049329,200,192,216,44,0.09769394125000003,0.08667048589276927,0.07292544823232322,0.004108098958333306,0.00555964277238602,0.014578907539069857,6.827871882086111e-06,0.01457207966718777,0.055168728274895065,3.164396598639365e-05,0.05513708430890867,0.04743380982241453,6.284181982237182e-05,0.04737096800259216,0.06727235578605781,0.0001323183202222377,0.06714003746583556,2020
2020-06-29,3053.24,0.0016150268571428,785,0.3804856274509804,0.26016186384976525,0.2751193896713615,0.3478668775510204,0.25910967441860466,0.3675761141361946,0.27134078041206056,0.2716670437119397,255,213,245,43,0.12032376360121516,0.09623533372413406,0.08875720313241575,-0.014957525821596263,-0.00032626329987917035,0.01529233363768146,6.4088367346936505e-06,0.015285924800946767,0.029712311918837834,3.096032029478333e-05,0.02968135159854305,0.04617218747279086,6.240698365457103e-05,0.04610978048913629,0.06504523137524144,0.00013219405378232818,0.06491303732145912,2020
2020-06-30,3100.29,0.0015278377142857,786,0.35649747463768117,0.24652403365384615,0.24712209134615384,0.3164722761506276,0.24285320000000002,0.3426598772619078,0.25903389450058983,0.24034367318970004,276,208,239,40,0.10997344098383502,0.08362598276131794,0.0736190761506276,-0.0005980576923076963,0.018690221310889793,0.005009542099664131,6.062848072562302e-06,0.005003479251591569,0.022217004762448114,3.106639427437539e-05,0.022185938368173737,0.039920898719893655,6.234875207860754e-05,0.03985854996781505,0.045995587016877004,0.00013219937804536666,0.04586338763883164,2020
2020-07-01,3115.86,0.0015629342857142,777,0.3482807622377623,0.23520605392156865,0.23712879901960782,0.30428486266094423,0.2303333783783784,0.3382792209792685,0.23439689152415305,0.2448870576870904,286,204,233,37,0.11307470831619362,0.10388232945511544,0.07395148428256584,-0.0019227450980391636,-0.010490166162937353,0.00453100183265328,6.202120181405555e-06,0.004524799712471874,0.01154783721149602,3.1544445672712305e-05,0.011516292765823308,0.0314994383070678,6.272638019652144e-05,0.03143671192687128,0.04862723630958451,0.000132319327591852,0.04849491698199265,2020
2020-07-02,3130.01,0.0015478568571428,896,0.34502064506172836,0.22697173929961087,0.23327192217898834,0.3001728202247191,0.2247410909090909,0.32970009978642584,0.23446612855863352,0.23276350533696288,324,257,267,44,0.11804890576211749,0.09523397122779231,0.0754317293156282,-0.006300182879377475,0.0017026232216706405,0.015756943165826313,6.142289115646031e-06,0.015750800876710668,0.017428648379829322,3.147453779289405e-05,0.01739717384203643,0.02981302637757344,6.29041310468619e-05,0.029750122246526577,0.05125160036083683,0.00013220898178686348,0.051119391379049965,2020
2020-07-06,3179.72,0.0015483449999999,716,0.34769707462686567,0.22992020879120878,0.23581794505494505,0.30056671495327103,0.22384085294117648,0.3317463367971496,0.23190030738149323,0.2371351526653669,268,182,214,34,0.11777686583565689,0.09984602941565637,0.07672586201209455,-0.00589773626373627,-0.0052348452838736625,-0.010877508816987262,6.1442261904757936e-06,-0.010883653043177738,-0.00773491845248053,3.119785383597818e-05,-0.007766116306316508,0.022427847382211964,6.289430886243254e-05,0.02236495307334953,0.03910010987302836,0.00013218737152609247,0.038967922501502265,2020
2020-07-07,3145.32,0.0016417575,778,0.3601877556390978,0.24490601762114536,0.24488766079295154,0.31523990598290597,0.24252911904761904,0.3440361791220429,0.2549331999707789,0.23969652788747697,266,227,234,42,0.11528173801795241,0.08910297915126397,0.07271078693528693,1.8356828193816233e-05,0.015236672083301928,0.007797026481291786,6.514910714285714e-06,0.0077905115705775,0.016459875553952962,3.14466633597877e-05,0.016428428890593174,0.03498299757135852,6.318343301209247e-05,0.034919814138346425,0.056386776209816844,0.0001319607544626008,0.05625481545535424,2020
2020-07-08,3169.94,0.0016483066666666,771,0.34961709782608696,0.23168144444444444,0.23327675555555558,0.30212959911894277,0.2296181794871795,0.3337578790588112,0.2432713281714772,0.2275957868168062,276,225,227,39,0.11793565338164252,0.09048655088733401,0.07251141963176327,-0.0015953111111111362,0.015675541354671002,-0.005659625451287915,6.540899470899206e-06,-0.005666166350758814,0.017703893957445562,3.128235780423214e-05,0.01767261159964133,0.032916610713024555,6.299695483748929e-05,0.032853613758187065,0.054996907860948636,0.0001313757643832357,0.0548655320965654,2020
2020-07-09,3152.05,0.0015453175,882,0.35906709836065576,0.2444657870722433,0.2444356692015209,0.31511909328358206,0.24226167346938776,0.34284832771283047,0.25498294459865645,0.2396882630319359,305,263,268,49,0.11460131128841244,0.08786538311417402,0.0728574198141943,3.0117870722407014e-05,0.015294681566720536,0.010411813000986475,6.132212301587301e-06,0.010405680788684889,0.019951601095571744,3.1181934523809125e-05,0.019920419161047934,0.02617989087707083,6.286126422206191e-05,0.026117029612848768,0.061289327597609716,0.00013081385300757462,0.06115851374460214,2020
2020-07-10,3185.04,0.0014781325,878,0.3436793095975232,0.2332835291828794,0.22640593774319068,0.29623401136363636,0.2305810652173913,0.32549302661294643,0.2466742443865239,0.21910785729792545,323,257,264,46,0.11039578041464379,0.07881878222642252,0.06565294614624506,0.006877591439688718,0.02756638708859846,-0.00940662366648347,5.865605158730159e-06,-0.0094124892716422,0.012384377997744032,3.142959325396786e-05,0.012352948404490064,0.009558447131779535,6.278534160301428e-05,0.00949566179017652,0.05361599733009924,0.0001308036333363726,0.05348519369676286,2020
2020-07-13,3155.22,0.0016110449999999,607,0.37702530046948357,0.268936255,0.26115518000000004,0.339287628440367,0.26575929268292686,0.36720092749806293,0.2798030625147717,0.2644519498057045,213,200,218,41,0.10808904546948356,0.08739786498329122,0.07352833575744011,0.007781074999999971,0.015351112709067194,0.013317285189446137,6.393035714285317e-06,0.013310892153731851,0.03016276583469251,3.1696455026454364e-05,0.030131069379666055,0.026332990308329647,6.282759592140794e-05,0.02627016271240824,0.05502157445336131,0.00013110344484430913,0.054890471008517,2020
2020-07-14,3197.52,0.0016003525,670,0.35642711627906976,0.2472172772727273,0.2414408,0.3157941382113821,0.24359102325581394,0.3443741853468162,0.25846154969822566,0.23602421904741666,258,220,246,43,0.10920983900634246,0.08591263564859053,0.07220311495556814,0.005776477272727287,0.022437330650808995,0.009041044884784208,6.350605158730159e-06,0.009034694279625477,0.018523122017405514,3.173676965230476e-05,0.01849138524775321,0.006521260774197062,6.308346468558055e-05,0.006458177309511481,0.05560374509189443,0.00013069308770145241,0.05547305200419298,2020
2020-07-15,3226.56,0.001623,672,0.3449402794117647,0.23554661722488038,0.23599964593301437,0.30326390495867767,0.2296448292682927,0.3303403443129133,0.24396713847964913,0.23192213002235745,272,209,242,41,0.10939366218688432,0.08637320583326419,0.07361907569038498,-0.0004530287081339901,0.012045008457291673,-0.003411918313161816,6.440476190476191e-06,-0.003418358789352292,0.015212716755579019,3.171459703325714e-05,0.015181002158545762,0.009831999017666529,6.343646496902698e-05,0.009768562552697502,0.04451347668439959,0.0001301492550294944,0.044383327429370095,2020
2020-07-16,3215.57,0.0016077275,667,0.3442471423220974,0.23064520183486237,0.23119573394495413,0.2977012307692308,0.2256724871794872,0.32834964058612554,0.2434183561709051,0.22405731331564535,267,218,234,39,0.11360194048723504,0.08493128441522044,0.07202874358974357,-0.0005505321100917615,0.019361042855259747,0.0028445899031588197,6.379871031746031e-06,0.0028382100321270734,0.006228289781499257,3.1679329698252775e-05,0.0061966104518010046,0.009486606610145073,6.341014977628295e-05,0.00942319646036879,0.04775344838359655,0.0001295425635612405,0.047623905820035305,2020
2020-07-17,3224.73,0.0015453816666666,662,0.32676833703703706,0.21929824528301886,0.21477496226415094,0.2760478963963964,0.2128669722222222,0.31032131551997744,0.22264605451574065,0.217729371084333,270,212,222,36,0.1074700917540182,0.08767526100423678,0.06318092417417417,0.004523283018867924,0.004916683431407665,0.008371764170464781,6.1324669312166665e-06,0.008365631703533565,-0.002825930865964706,3.1355748349046435e-05,-0.0028572866143137528,0.014283208099357682,6.321307636358452e-05,0.014219995022994097,0.04761506782902854,0.00012855592334960002,0.04748651190567894,2020
2020-07-20,3251.84,0.0016212042857142,482,0.31250804712041885,0.21125227500000002,0.2009473125,0.2663730060240964,0.20497584615384618,0.30050767091429686,0.2228016001295984,0.19523688973745756,191,160,166,26,0.10125577212041884,0.07770607078469846,0.06139715987025024,0.010304962500000014,0.02756471039214084,0.0016776413721593887,6.433350340135714e-06,0.001671208021819253,-0.003829775526362756,3.1131140894953565e-05,-0.0038609066672577095,0.013066809812798612,6.317238380878492e-05,0.013003637428989826,0.0415440325481359,0.00012845331469502698,0.04141557923344087,2020
2020-07-21,3257.3,0.001594765,480,0.32340242268041236,0.20792701273885347,0.2160259426751592,0.27855249411764704,0.20239848,0.31083760144686284,0.2172265126633468,0.21007792964825983,194,157,170,25,0.11547540994155889,0.09361108878351604,0.07615401411764705,-0.008098929936305732,0.007148583015086973,0.005730639622957727,6.32843253968254e-06,0.005724311190418044,-0.012001861243208473,3.134669503327579e-05,-0.012033207938241749,0.014994621118657198,6.285971232352421e-05,0.014931761406333673,0.035452247537030315,0.0001279497599898119,0.035324297777040506,2020
2020-07-22,3276.02,0.0016141126315789,478,0.31748198039215686,0.20400882666666667,0.20354591333333333,0.265177298136646,0.19622756,0.3013468366186408,0.2157271743241294,0.1962890784140324,204,150,161,25,0.11347315372549019,0.0856196622945114,0.06894973813664598,0.0004629133333333424,0.019438095910097014,-0.012396345287241563,6.405208855471826e-06,-0.012402750496097036,-0.00538071773791262,3.172186793576984e-05,-0.0054124396058483895,0.015673139015500576,6.244888891082579e-05,0.015610690126589749,0.032875288734353816,0.0001277450659630782,0.032747543668390736,2020
2020-07-23,3235.66,0.001526185,787,0.32996512727272725,0.21273744711538461,0.2187487019230769,0.28631910628019325,0.2109779375,0.31639667410429817,0.21985770203611799,0.2246309396169606,220,208,207,32,0.11722768015734264,0.09653897206818018,0.07534116878019326,-0.006011254807692296,-0.00477323758084261,-0.006209630744305032,6.056289682539682e-06,-0.006215687033987572,0.0032583168286459204,3.173082007803016e-05,0.0032265860085678904,0.03447664243516563,6.19736006902746e-05,0.03441466883447535,0.04870686276089821,0.00012764303171078055,0.048579219729187426,2020
2020-07-24,3215.63,0.0014887805882352,783,0.32504657547169813,0.2129177596153846,0.21712104807692306,0.2817323826530612,0.21183174999999999,0.31166796689371445,0.2259483231538827,0.21090415965315584,212,208,196,32,0.11212881585631354,0.08571964373983176,0.06990063265306123,-0.004203288461538474,0.015044163500726848,0.007367919510066761,5.907859477123809e-06,0.007362011650589638,0.01710913896532236,3.1857328014538095e-05,0.01707728163730782,0.04131906746484388,6.189629910297301e-05,0.04125717116574091,0.06491007446013551,0.0001274842070142349,0.06478259025312127,2020
2020-07-27,3239.41,0.0016755239285714,594,0.3145591986754967,0.20387631468531467,0.20580497902097902,0.2741406363636364,0.20280800000000002,0.3010752119832847,0.2180747164693478,0.19819058828786243,151,143,143,21,0.11068288399018203,0.08300049551393687,0.07133263636363638,-0.001928664335664354,0.019884128181485383,-0.006494444344686342,6.648904478457937e-06,-0.0065010932491648,0.016896585339161295,3.204124291383135e-05,0.016864544096247464,0.03668963068825289,6.211043225623454e-05,0.03662752025599666,0.06113202920346346,0.0001280531899407389,0.06100397601352272,2020
2020-07-28,3218.44,0.0016893085714285,591,0.32033450694444443,0.2098607605633803,0.21545958450704225,0.28120410791366907,0.20793014285714287,0.3066594727872287,0.22078055753713396,0.2120384013392896,144,142,139,21,0.11047374638106414,0.08587891525009475,0.0732739650565262,-0.005598823943661957,0.008742156197844353,0.012351783128253628,6.7036054421765874e-06,0.012345079522811452,0.026996482361865737,3.151301729024841e-05,0.026964969344575488,0.03518302848971806,6.162694444444325e-05,0.03512140154527362,0.07777051453779059,0.00012786236822872064,0.07764265216956187,2020
2020-07-29,3258.44,0.0016163685714285,591,0.30971396153846154,0.19285302877697844,0.20472876978417265,0.2656561510791367,0.189752,0.2979947715215176,0.2025169737036133,0.20261832977060454,156,139,139,20,0.1168609327614831,0.0954777978179043,0.0759041510791367,-0.011875741007194213,-0.00010135606699124278,-0.0037573107206831397,6.4141609977321425e-06,-0.003763724881680872,0.021053856753413255,3.0727020975055954e-05,0.0210231297324382,0.0367307011894437,6.090601757369524e-05,0.03666979517187001,0.06709035781412,0.0001273686641470881,0.06696298914997291,2020
2020-07-30,3246.22,0.001558065,650,0.3158506220930233,0.2082612619047619,0.21167055952380953,0.2745992608695652,0.206629,0.30211971618997663,0.22230570372909592,0.20427906682412145,172,168,161,27,0.10758936018826137,0.07981401246088071,0.0679702608695652,-0.0034092976190476243,0.01802663690497447,0.007641191392371668,6.182797619047619e-06,0.00763500859475262,0.03121832560651981,3.0242780612244447e-05,0.031188082825907567,0.038438788387416316,6.029862906273532e-05,0.03837848975835358,0.07755768261331475,0.00012718888977067102,0.07743049372354407,2020
2020-07-31,3271.12,0.0015351271428571,647,0.3081864198895028,0.18919684431137726,0.20763474251497005,0.26553688050314467,0.1872191304347826,0.29563869982354857,0.20043918238005337,0.20167151139918507,181,167,159,23,0.11898957557812553,0.0951995174434952,0.07831775006836206,-0.01843789820359279,-0.0012323290191317005,0.007155365883905606,6.091774376417063e-06,0.007149274109529189,0.0242099284995213,3.003897108843492e-05,0.024179889528432866,0.03062565038107993,5.9949616165909926e-05,0.03056570076491402,0.06771910208965368,0.00012703827582509247,0.06759206381382858,2020
2020-08-03,3294.61,0.0015424110714285,699,0.3119353492063492,0.2016063641975309,0.1999065802469136,0.2599238431372549,0.19640892000000001,0.29633197644943027,0.21501193172722063,0.19241517813111128,189,162,153,25,0.1103289850088183,0.08132004472220963,0.0635149231372549,0.0016997839506172896,0.022596753596109354,0.00360545267801785,6.1206788548750006e-06,0.003599331999162975,0.01979304534909159,3.0069189342403176e-05,0.019762976159749188,0.026176493845765033,5.925107260959841e-05,0.026117242773155434,0.06806061205698195,0.00012674303546228056,0.06793386902151967,2020
2020-08-04,3306.51,0.0014912375,695,0.31051172081218276,0.18947416025641026,0.20103505128205126,0.25558491946308726,0.18375999999999998,0.29376492575341856,0.19983715413079667,0.1952073185125744,197,156,149,23,0.1210375605557725,0.09392777162262189,0.07182491946308728,-0.011560891025641007,0.004629835618222278,0.0064091575198012216,5.917609126984127e-06,0.006403239910674237,0.00818654612785229,3.011392715419484e-05,0.008156432200698095,0.02487177005731933,5.916025203136706e-05,0.024812609805287964,0.07970415728719976,0.00012647187134663454,0.07957768541585312,2020
2020-08-05,3327.77,0.00149434,690,0.3051663596059113,0.18941752348993288,0.18834989932885907,0.24178472027972028,0.1803265,0.2864050566259384,0.20240170488442932,0.1802168034150734,203,149,143,22,0.11574883611597844,0.08400335174150908,0.06145822027972028,0.0010676241610738102,0.022184901469355922,0.006407158132423376,5.929920634920635e-06,0.006401228211788455,0.01567684443603047,3.0178996598639285e-05,0.015646665439431832,0.014048468898571998,5.917243853930357e-05,0.013989296460032694,0.037537413211085245,0.00012631431437384524,0.0374110988967114,2020
2020-08-06,3349.16,0.001506705,810,0.30678489243027884,0.17951833522727273,0.19154979545454545,0.24569738502673796,0.17165080769230767,0.2910124576105684,0.19022764079581955,0.1844614204722402,251,176,187,26,0.12726655720300611,0.10078481681474882,0.07404657733443029,-0.012031460227272722,0.005766220323579346,0.0006327942853730394,5.9789880952380946e-06,0.0006268152972778013,0.007220462780896472,3.005584845049087e-05,0.007190406932445981,0.01079499158642976,5.9366256417331745e-05,0.010735625330012427,0.022964002681795773,0.00012608162276386787,0.022837921059031905,2020
2020-08-07,3351.28,0.0015427421428571,800,0.304424716,0.1806510681818182,0.18832529545454546,0.24155256593406593,0.1714943846153846,0.28930486047648957,0.18480402527351197,0.18640105536480103,250,176,182,26,0.12377364781818179,0.1045008352029776,0.07005818131868133,-0.007674227272727263,-0.001597030091289059,0.0027384827334759297,6.1219926303853176e-06,0.0027323607408455443,0.0064157218815585676,2.9910645077474998e-05,0.0063858112364810924,0.013597426040359543,5.969044292526785e-05,0.013537735597434276,-0.005817658467635523,0.00012596878092713292,-0.005943627248562656,2020
2020-08-10,3360.47,0.001553685,611,0.30086601796407186,0.18676721186440678,0.1880090847457627,0.2448095833333333,0.17486757894736843,0.28653087769191193,0.18030194776299954,0.1950157655252817,167,118,132,19,0.11409880609966508,0.10622892992891239,0.06994200438596487,-0.00124187288135591,-0.014713817762282144,-0.008001046543221289,6.165416666666666e-06,-0.008007211959887956,0.006383448496673431,2.9181883267195235e-05,0.0063542666134062354,0.020852524261815775,5.946591528087658e-05,0.020793058346534898,0.01138865733255993,0.0001256121506155881,0.01126304518194434,2020
2020-08-11,3333.69,0.001507635,608,0.3233008535031847,0.2022206796875,0.2076918515625,0.26992555474452556,0.19426515,0.30897673998591163,0.2134105372626348,0.20091394798059106,157,128,137,20,0.12108017381568473,0.09556620272327684,0.07566040474452557,-0.005471171875000014,0.012496589282043724,0.013899455827979215,5.982678571428571e-06,0.013893473149407786,0.016685223929466825,2.904632487717222e-05,0.016656177604589654,0.03244344505843161,5.97773410178377e-05,0.03238366771741377,0.0016484640051942967,0.00012505729813111588,0.0015234067070631807,2020
2020-08-12,3380.35,0.0014633066666666,601,0.30589862790697675,0.18877248181818182,0.19004272727272728,0.24313865116279068,0.17465705555555555,0.28742602010343976,0.1970255309894184,0.18521292507773016,172,110,129,18,0.11712614608879493,0.09040048911402135,0.06848159560723513,-0.00127024545454546,0.011812605911688256,-0.0020492235227105187,5.806772486772222e-06,-0.002055030295197291,-0.0016283755374584886,2.8993441940664286e-05,-0.001657368979399153,0.028688030220093284,6.025274521284881e-05,0.028627777474880434,-0.011718070443019462,0.00012455478001517382,-0.011842625223034637,2020
2020-08-13,3373.43,0.00147011375,832,0.3047738666666666,0.18224731603773586,0.18402881603773583,0.24701764397905762,0.1780905357142857,0.28974120412642324,0.19059930169050054,0.1815029988517583,225,212,191,28,0.12252655062893075,0.09914190243592269,0.06892710826477191,-0.0017814999999999637,0.009096302838742243,-0.0001719466139647112,5.833784722222222e-06,-0.00017778039868693342,0.0035745288055333484,2.9310407966840874e-05,0.0035452183975665076,0.03240888014738692,6.065587408662063e-05,0.0323482242733003,0.0029924677908800897,0.00012410508999907062,0.002868362700881019,2020
2020-08-14,3372.85,0.0013590941666666,816,0.3024600666666667,0.17613393396226412,0.18411049056603773,0.2455815107526882,0.17365611111111112,0.28657421023470486,0.1923713183840912,0.17579584568763537,225,212,186,27,0.12632613270440257,0.09420289185061367,0.07192539964157707,-0.00797655660377361,0.016575472696455817,0.0027062093485908582,5.393230820105555e-06,0.0027008161177707528,0.007181704158801012,2.9779797847792855e-05,0.007151924360953219,0.03929084083986328,6.10564759857135e-05,0.039229784363877564,0.008370226236352118,0.00012399595848595793,0.00824623027786616,2020
2020-08-17,3381.99,0.0015195242857142,636,0.2905503904109589,0.17833989583333335,0.17629772222222223,0.23928757462686567,0.17442763157894736,0.27622481072455796,0.1919652200159573,0.17170454095976842,146,144,134,19,0.11221049457762558,0.08425959070860065,0.06485994304791831,0.0020421736111111144,0.02026067905618889,0.002300728889572129,6.029858276643651e-06,0.0022946990312954856,0.014469075765142201,3.028403201368135e-05,0.014438791733128519,0.03438724235998293,6.169542883907699e-05,0.034325546931143855,0.001034358524015847,0.00012419055202748095,0.000910167971988366,2020
2020-08-18,3389.78,0.0014943085,677,0.28996901818181814,0.17301056804733728,0.17882688165680474,0.24021985987261146,0.16845100000000002,0.2763110222357251,0.1854697471953747,0.17359420869707703,165,169,157,22,0.11695845013448086,0.09084127504035042,0.07176885987261145,-0.005816313609467466,0.011875538498297672,-0.004414143638946041,5.929795634920635e-06,-0.0044200734345809616,0.015758221128964703,3.073101614066548e-05,0.01572749011282404,0.039583389321644874,6.146210457603849e-05,0.039521927217068833,-0.00971432568768613,0.0001236154245996984,-0.009837941112285828,2020
2020-08-19,3374.85,0.0015431821052631,678,0.29783276875000003,0.18302323837209303,0.17832929069767442,0.24563667741935483,0.179661125,0.2835356456567022,0.19823101078575225,0.1703267369763759,160,172,155,24,0.114809530377907,0.08530463487094994,0.06597555241935482,0.004693947674418608,0.02790427380937635,0.0031536808202811935,6.123738512948809e-06,0.0031475570817682446,0.03031640575755178,3.125930327218452e-05,0.030285146454279595,0.05924653086882679,6.138182368034683e-05,0.05918514904514644,-0.016545747261775053,0.00012323365864041585,-0.01666898092041547,2020
2020-08-20,3385.51,0.0015883999999999,678,0.29744272222222223,0.18011957558139535,0.17248757558139535,0.24170071794871795,0.17559782608695654,0.28376015379467834,0.18086196543395727,0.18091444653507027,162,172,156,23,0.11732314664082688,0.10289818836072107,0.06610289186176141,0.007632,-5.248110111299997e-05,0.0034352287393030465,6.303174603174206e-06,0.003428925564699872,0.028834351341853633,3.134546611977976e-05,0.028803005875733853,0.020335263492231987,6.1018137321592856e-05,0.020274245354910393,-0.031338018793299685,0.0001225022786505861,-0.03146052107195027,2020
2020-08-21,3397.16,0.0014861611764705,681,0.2970214702380953,0.17621679640718563,0.16921005988023952,0.23678340789473684,0.17021759090909092,0.28351588797947,0.1948450901366276,0.16071036520125911,168,167,152,22,0.12080467383090965,0.08867079784284243,0.06656581698564593,0.007006736526946111,0.03413472493536848,0.009993580954932106,5.897464985994048e-06,0.009987683489946112,0.032109136681062335,3.127667813792064e-05,0.03207786000292442,0.008733782356063252,6.04121917433619e-05,0.00867337016431989,-0.024310233893733713,0.00012238635461430514,-0.024432620248348018,2020
2020-08-24,3431.28,0.0016321642857142,533,0.29963572807017547,0.17304677884615385,0.18022146153846152,0.24497958653846152,0.1668266,0.2871992378784946,0.1851815026953113,0.176639085918141,114,104,104,15,0.1265889492240216,0.1020177351831833,0.07815298653846153,-0.007174682692307671,0.008542416777170297,0.00358987425339455,6.476842403627778e-06,0.003583397410990922,0.019918166594840674,3.141139682539564e-05,0.01988675519801528,-0.029408665462927242,6.038087301587103e-05,-0.029469046335943112,-0.058311109009757736,0.0001225345812382881,-0.05843364359099602,2020
2020-08-25,3443.62,0.0016274368571428,535,0.29551139316239317,0.176383101010101,0.17511858585858583,0.23824868316831682,0.16923614285714286,0.2839515744558108,0.19016559374299152,0.16589901966392281,117,99,101,14,0.11912829215229218,0.0937859807128193,0.06901254031117396,0.0012645151515151554,0.02426657407906871,0.010144040989640822,6.4580827664396825e-06,0.010137582906874382,0.02382516819268005,3.073108843537302e-05,0.023794437104244677,-0.01305374118265045,5.966939293108373e-05,-0.013113410575581533,-0.05891802891579495,0.0001219499100364742,-0.059039978825831424,2020
2020-08-26,3478.73,0.0015648951428571,541,0.306111552,0.18951473118279571,0.18669187096774192,0.24616733009708738,0.17871357142857144,0.2937883954900641,0.20283827249558567,0.17793318389135038,125,93,103,14,0.1165968208172043,0.09095012299447841,0.06745375866851594,0.0028228602150537907,0.024905088604235293,0.0016716264045830256,6.209901360544048e-06,0.0016654165032224816,0.028930125111274817,3.01225204081623e-05,0.028900002590866655,-0.04093902204287831,5.882187434683849e-05,-0.04099784391722515,-0.05321159176692631,0.00012124267761017023,-0.05333283444453648,2020
2020-08-27,3484.55,0.0015710654285714,717,0.3110388520710059,0.19613097916666666,0.18613633333333335,0.25547428,0.19040108695652175,0.29926062524303204,0.20779595135055454,0.1796918404481738,169,144,150,23,0.11490787290433924,0.0914646738924775,0.06507319304347825,0.009994645833333315,0.02810411090238074,0.00671001407851169,6.234386621315079e-06,0.006703779691890375,-0.008499087849621601,2.9672671201813093e-05,-0.008528760520823414,-0.04207772706769578,5.809213344178095e-05,-0.04213581920113756,-0.03890106729750558,0.00012071141003647422,-0.03902177870754205,2020
2020-08-28,3508.01,0.0015201102857142,707,0.30005101704545456,0.18218891428571427,0.18010162857142856,0.23917284892086332,0.17450375,0.29109599732141833,0.19415731763306054,0.17135818820693233,176,140,139,20,0.1178621027597403,0.09693867968835779,0.06466909892086331,0.002087285714285708,0.022799129426128217,-0.0021973891312895358,6.032183673469048e-06,-0.002203421314963005,-0.023375354324999126,2.913551360544127e-05,-0.02340448983860457,-0.03612642643501856,5.721482929113491e-05,-0.036183641264309695,-0.05043532615982631,0.00012002153021788016,-0.05055534769004419,2020
2020-08-31,3500.31,0.0014607265714285,779,0.322285606271777,0.214533996,0.189519968,0.2738379779411765,0.20980223255813957,0.31125908362841936,0.22728080274775114,0.18343638410537855,287,250,272,43,0.10775161027177699,0.08397828088066822,0.06403574538303691,0.025014027999999994,0.043844418642372596,0.007496875851234013,5.796534013605159e-06,0.007491079317220408,-0.049326832057767875,2.8969476190475394e-05,-0.04935580153395835,-0.02872322547222169,5.69072988267754e-05,-0.028780132771048465,-0.04001810324358949,0.00011948168214531786,-0.040137584925734805,2020
2020-09-01,3526.65,0.0014740777142857,779,0.3314537095709571,0.20042928099173554,0.20460124380165287,0.2822788853046595,0.19631071794871796,0.3187090964750377,0.21304058818445612,0.19867039595303815,303,242,279,39,0.13102442857922156,0.10566850829058158,0.08596816735594154,-0.004171962809917329,0.014370192231417972,0.015248997908235747,5.849514739228969e-06,0.015243148393496518,-0.03687890937533036,2.8938304495710716e-05,-0.03690784767982607,-0.04084975968720102,5.669858917479881e-05,-0.04090645827637582,-0.042236043973300684,0.0001189756243221885,-0.042355019597622875,2020
2020-09-02,3580.84,0.0014515331428571,786,0.33279226911314985,0.21880124537037038,0.21018438425925925,0.2784129927536232,0.20947239024390246,0.32084204849970344,0.2292668915560742,0.20355460267963163,327,216,276,41,0.11399102374277947,0.09157515694362925,0.06894060250972073,0.008616861111111124,0.025712288876442557,-0.035757586556313434,5.760052154194841e-06,-0.03576334660846763,-0.06986914715415325,2.869935393867619e-05,-0.06989784650809193,-0.06454671291756685,5.630380528443095e-05,-0.06460301672285128,-0.06710284402471885,0.00011814579212264166,-0.06722098981684149,2020
2020-09-03,3455.06,0.0014357017142857,976,0.3805703907284768,0.26236406574394466,0.2548362802768166,0.34513852095808384,0.25956420689655174,0.3697978723116886,0.2734522625861652,0.2495366725380205,302,289,334,58,0.11820632498453215,0.09634560972552342,0.0855743140615321,0.0075277854671280675,0.02391559004814467,-0.0081662523968659,5.697229024943254e-06,-0.008171949625890844,-0.033578639218074226,2.8419462239967857e-05,-0.033607058680314196,-0.040034691574288336,5.609178280587421e-05,-0.04009078335709421,-0.013529372167227617,0.00011728503702060079,-0.013646657204248217,2020
2020-09-04,3426.96,0.0014782688571428,973,0.3611793044982699,0.24445491258741261,0.23787588461538464,0.31974792833876226,0.24187830188679244,0.350657470570498,0.2520239367125179,0.23775120153314727,289,286,307,53,0.11672439191085729,0.09863353385798013,0.07786962645196982,0.006579027972027973,0.01427273517937061,-0.02814886686405828,5.866146258503174e-06,-0.028154733010316783,-0.012751072110019333,2.807931568569365e-05,-0.012779151425705026,-0.04350702988866581,5.5786912304050004e-05,-0.04356281680096986,-0.01944989870054429,0.00011709573600019246,-0.019566994436544482,2020
2020-09-08,3331.84,0.0014528713043478,834,0.3608349633027523,0.26927374369747903,0.2529869831932773,0.32723936734693876,0.2660344693877551,0.3523129964189857,0.281501790369886,0.24539919290393175,218,238,245,49,0.09156121960527325,0.07081120604909974,0.06120489795918366,0.016286760504201747,0.036102597465954234,0.019944798533671326,5.765362318840476e-06,0.019939033171352486,0.02060360658554615,2.79378226363e-05,0.020575668762909848,-0.004895149385738582,5.610801661244008e-05,-0.004951257402351022,0.02595501548439343,0.00011679900442422897,0.0258382164799692,2020
2020-09-09,3398.96,0.001413862173913,843,0.34537889575289576,0.24309719262295082,0.23724244672131148,0.30564895000000003,0.2393768260869565,0.33454384068920323,0.25002728532566093,0.23467037323533232,259,244,260,46,0.10228170312994495,0.0845165553635423,0.06627212391304352,0.005854745901639341,0.015356912090328606,-0.01774123987058698,5.610564182194444e-06,-0.017746850434769174,-0.003970850311870545,2.7760284679088095e-05,-0.003998610596549633,-0.04884724208050181,5.638834590357659e-05,-0.04890363042640539,0.01398546559316621,0.00011662508059745199,0.013868840512568757,2020
2020-09-10,3339.19,0.0013810004347826,957,0.3499367089552239,0.2614354270462633,0.24693927046263342,0.3137713687943262,0.25874794736842105,0.33794277699640013,0.27089514877101745,0.2404044123529575,268,281,282,57,0.08850128190896056,0.06704762822538268,0.05502342142590516,0.014496156583629904,0.03049073641805994,0.000532921379765575,5.480160455486508e-06,0.0005274412193100884,0.00532243423658635,2.7604451345754762e-05,0.005294829785240596,-0.02812304786255749,5.666995292319603e-05,-0.028179717815480686,0.04047897827310185,0.0001164660385241008,0.04036251223457775,2020
2020-09-11,3340.97,0.0013499847826086,948,0.3282393768656717,0.23996590391459074,0.2312107615658363,0.2908885939849624,0.2383176603773585,0.31741634883250897,0.2486957536746677,0.2251759640799938,268,281,266,53,0.08827347295108093,0.06872059515784126,0.052570933607603926,0.008755142348754436,0.023519789594673907,0.012661314711189059,5.357082470669048e-06,0.01265595762871839,-0.00645605235621415,2.767232056590635e-05,-0.006483724676780056,-0.012805491103813545,5.694064280784524e-05,-0.01286243174662139,0.05623144037830643,0.00011641109065364801,0.05611502928765278,2020
2020-09-14,3383.54,0.0014426126086956,802,0.3181094831460674,0.23158087603305785,0.2190952479338843,0.281498928,0.22881290909090907,0.3067345179484756,0.23991861058809028,0.21232263294203327,267,242,250,44,0.08652860711300955,0.06681590736038534,0.052686018909090915,0.012485628099173557,0.027595977646057007,0.005205811831507181,5.7246532091095235e-06,0.0052000871782980716,-0.030755957778646446,2.7707596618356353e-05,-0.030783665375264804,-0.009484654940998826,5.726219412402421e-05,-0.00954191713512285,0.03724324521336868,0.00011638096254805834,0.03712686425082062,2020
2020-09-15,3401.2,0.0014081317391304,803,0.32268578214285715,0.22545820675105485,0.21931567088607595,0.28322425,0.22355093333333334,0.31002488758252855,0.2350108541977409,0.21088699144473036,280,237,252,45,0.0972275753918023,0.07501403338478765,0.05967331666666667,0.006142535864978899,0.02412386275301054,-0.004629658363745304,5.587824361628572e-06,-0.004635246188106933,-0.025498755971284807,2.8170193976140082e-05,-0.02552692616526095,-0.019514711556315043,5.708204771763572e-05,-0.01957179360403268,0.025392264226820553,0.00011601708976222898,0.025276247137058325,2020
2020-09-16,3385.49,0.001374592173913,800,0.3253383814814815,0.22963264435146444,0.2192829539748954,0.285815904,0.22716562790697675,0.3126923897479605,0.23897022525307238,0.2109903670450392,270,239,250,43,0.09570573713001704,0.07372216449488811,0.05865027609302326,0.010349690376569048,0.02797985820803317,-0.008447955322129995,5.454730848861111e-06,-0.008453410052978855,-0.044876391768631264,2.8628061224488493e-05,-0.04490501982985575,-0.006665219407622388,5.698655895691389e-05,-0.006722205966579302,0.028492951450722035,0.00011567788973922461,0.02837727356098281,2020
2020-09-17,3357.01,0.0013981034782608,793,0.3303553188976378,0.22633027916666665,0.23199417916666668,0.2918768395061729,0.22545542857142856,0.3183279315070266,0.2339708566621917,0.22567134501319142,254,240,243,42,0.10402503973097116,0.0843570748448349,0.06642141093474432,-0.005663900000000027,0.00829951164900028,-0.011245565213035068,5.548029675638096e-06,-0.011251113242710706,-0.03344548209914394,2.906550157744127e-05,-0.03347454760072138,0.007061671036030261,5.682230429852857e-05,0.007004848731731732,0.03707582564232162,0.00011545707258083968,0.03696036856974078,2020
2020-09-18,3319.47,0.001358874347826,796,0.3174702754237288,0.22919178838174276,0.22376061825726143,0.2786651402714932,0.22941104878048782,0.3066862567158709,0.2379898962557946,0.21638939680296493,236,241,221,41,0.08827848704198604,0.06869636046007632,0.049254091491005375,0.005431170124481327,0.021600499452829658,-0.011638590711243436,5.392358523119047e-06,-0.011643983069766555,-0.006349438747599332,2.9268322241938887e-05,-0.006378707069841271,0.008689434105882939,5.6293957162572615e-05,0.008633140148720367,0.03185676695672395,0.00011515061367239722,0.03174161634305155,2020
2020-09-21,3281.06,0.0015591871428571,590,0.33153732530120483,0.24131908139534883,0.24533233139534885,0.2994190490797546,0.24136315625,0.3202465734583827,0.24882079347530586,0.23711216172195482,166,172,163,32,0.090218243905856,0.07142577998307684,0.058055892829754596,-0.004013250000000024,0.011708631753351045,0.010463013638868866,6.1872505668932535e-06,0.010456826388301973,0.02127130283764763,2.9554597505667856e-05,0.021241748240141963,0.038143910118304224,5.580089569160754e-05,0.03808810922261262,0.04821149615526525,0.0001151570419973504,0.048096339113267904,2020
2020-09-22,3315.57,0.0015235142857142,590,0.32364659770114945,0.23583073142857144,0.23627777142857143,0.29115508333333334,0.23612433333333332,0.3135288410325964,0.2382731240909728,0.23393564195722616,174,175,168,30,0.08781586627257801,0.07525571694162358,0.05503075000000002,-0.0004470399999999819,0.0043374821337466285,-0.024007294161091854,6.045691609976984e-06,-0.02401333985270183,0.005984044414969771,2.8911853741495635e-05,0.005955132561228276,0.013594117549252578,5.512157312924921e-05,0.01353899597612333,0.03555038548501025,0.00011433778150982222,0.03543604770350043,2020
2020-09-23,3236.92,0.0014848271428571,590,0.34420126315789473,0.2581377228915663,0.25850406626506023,0.31256177777777777,0.2591075588235294,0.33198798335785934,0.2535564839399096,0.26025966074878354,152,166,153,34,0.08606354026632845,0.07843149941794975,0.053454218954248345,-0.0003663433734939492,-0.006703176808873945,0.0029829543473573147,5.892171201813889e-06,0.0029770621761555007,0.038211172361008815,2.8358497732425396e-05,0.03818281386327639,0.05485745903122388,5.464529620181191e-05,0.05480281373502207,0.06476305353242841,0.00011371184762749762,0.06464934168480091,2020
2020-09-24,3246.59,0.0014492142857142,745,0.34203950458715593,0.25905107766990293,0.25635120388349514,0.312992214953271,0.26038581818181816,0.33181853702356373,0.2652169476427794,0.24807796605339427,218,206,214,44,0.082988426917253,0.06660158938078431,0.052606396771452846,0.0026998737864077915,0.01713898158938515,0.015850478138509476,5.750850340135714e-06,0.01584472728816934,0.04050715313517418,2.7756802721087304e-05,0.040479396332453094,0.05984975332631083,5.434456349206151e-05,0.05979540876281877,0.0652199656762007,0.00011312272536748253,0.06510684295083322,2020
2020-09-25,3298.46,0.0014310157142857,732,0.3243747531380753,0.2441770048076923,0.23439426923076923,0.29291908333333333,0.24588476190476188,0.31156171744292016,0.2411415884939951,0.2335436630599843,239,208,216,42,0.08019774833038298,0.07042012894892505,0.047034321428571446,0.00978273557692308,0.007597925434010805,0.015982150874003728,5.678633786848015e-06,0.01597647224021688,0.015038872853482413,2.702563492063373e-05,0.01501184721856178,0.05275154799714992,5.4045235260769045e-05,0.05269750276188915,0.03060499216814387,0.00011276123543817778,0.030492230932705693,2020
2020-09-28,3351.6,0.0013972157142857,782,0.33110190391459077,0.24205202192982456,0.24404810964912282,0.29798223949579833,0.24267884444444446,0.3157340163509844,0.247047910078376,0.2352239318771437,281,228,238,45,0.08904988198476621,0.0686861062726084,0.05530339505135387,-0.0019960877192982673,0.011823978201232321,-0.004824244783809024,5.544506802721032e-06,-0.004829789290611745,0.016872607280656548,2.6246298185939684e-05,0.01684636098247061,0.05305478060811622,5.379181405895477e-05,0.05300098879405726,0.011592647490387825,0.00011327218781913016,0.011479375302568696,2020
2020-09-29,3335.47,0.0013840685714285,778,0.3314260727272727,0.25350947863247864,0.24190174786324786,0.2973291255411255,0.25285580434782606,0.3198918544106526,0.2617653865986799,0.2355801118518641,275,234,231,46,0.07791659409479407,0.05812646781197267,0.04447332119329944,0.011607730769230773,0.02618527474681584,0.008219833784947334,5.4923356009067465e-06,0.008214341449346426,0.007610073134282897,2.620971938775357e-05,0.007583863414895143,0.051552144938176524,5.357426162131309e-05,0.05149857067655521,-0.019508678951812027,0.00011363328192343851,-0.019622312233735464,2020
2020-09-30,3363.0,0.0013331999999999,770,0.3276390522648084,0.2554053116883117,0.23073733766233767,0.2905209082969432,0.2537248604651163,0.3145957489459557,0.2647409279025059,0.2222801098589155,287,231,229,43,0.07223374057649667,0.04985482104344979,0.03679604783182694,0.024667974025974038,0.04246081804359042,0.005278935121522738,5.2904761904757935e-06,0.0052736446453322625,0.01664628667021508,2.6286798469386504e-05,0.016619999871745693,0.036687141998188295,5.34427064436865e-05,0.036633699291744606,-0.01585201129295375,0.00011409261724089882,-0.01596610391019465,2020
2020-10-01,3380.8,0.0012649599999999,912,0.3368055828402367,0.24988273408239697,0.248747734082397,0.30477456227758004,0.2493472075471698,0.32325842617232625,0.25629516404782343,0.24206387586858596,338,267,281,53,0.08692284875783973,0.06696326212450282,0.055427354730410244,0.0011349999999999694,0.014231288179237467,-0.009617802143182246,5.019682539682143e-06,-0.009622821825721928,0.019342600191136684,2.6587760770974207e-05,0.01931601243036571,0.0298792357368218,5.3400854591834924e-05,0.029825834882229965,-0.03333461546121195,0.00011477815578965199,-0.0334493936170016,2020
2020-10-02,3348.44,0.0012346228571428,907,0.3362761588785047,0.25768286545454544,0.2485464109090909,0.30754194814814817,0.2601852,0.32181283912692205,0.2642135600244562,0.24180881269691865,321,275,270,55,0.07859329342395927,0.05759927910246587,0.047356748148148164,0.009136454545454531,0.022404747327537528,0.01781588530117781,4.899297052153968e-06,0.017810986004125656,0.037712675143667516,2.7019600340135317e-05,0.03768565554332738,0.039631956749473736,5.3615085742628974e-05,0.03957834166373111,-0.011473871423176943,0.00011556048005269087,-0.011589431903229634,2020
2020-10-05,3408.63,0.0013879978571428,749,0.33694836140350876,0.2538959601769912,0.25227937610619466,0.3090005322580645,0.2527043695652174,0.32445454617023956,0.2602972838431937,0.2414715469595282,285,226,248,46,0.08305240122651758,0.06415726232704583,0.056296162692847096,0.0016165840707965118,0.01882573688366554,-0.014086778930182592,5.5079280045349205e-06,-0.014092286858187126,0.036182173327459745,2.7545515873015077e-05,0.03615462781158673,0.005351447549663287,5.395735945767063e-05,0.005297490190205616,-0.011688550151188266,0.00011618531565359803,-0.011804735466841864,2020
2020-10-06,3360.95,0.0014034925,737,0.34385261363636366,0.26492946218487395,0.2522856302521008,0.31373799578059075,0.26490710869565215,0.33176834470274796,0.27237792990130555,0.2438029832142593,264,238,237,46,0.0789231514514897,0.059390414801442415,0.0488308870849386,0.01264383193277313,0.028574946687046243,0.01725604732087949,5.569414682539683e-06,0.01725047790619695,0.04394207180389373,2.7364542233559523e-05,0.04391470726166017,0.02415436496714365,5.384821830120793e-05,0.024100516748842442,0.024247299610922413,0.00011646888283046864,0.024130830728091943,2020
2020-10-07,3419.45,0.0014090425,737,0.33350846048109967,0.24529686936936937,0.242964481981982,0.30021532635983267,0.24280529545454546,0.32191202666504853,0.2462073004314899,0.23545244481884375,291,222,239,44,0.0882115911117303,0.07570472623355864,0.05741003090528721,0.0023323873873873635,0.010754855612646136,0.007975248642444218,5.5914384920634926e-06,0.007969657203952155,0.020040855327973395,2.71559079743e-05,0.020013699419999094,0.0047002206148782245,5.364679369803333e-05,0.004646573821180191,0.02626451496005688,0.00011663861639055912,0.02614787634366632,2020
2020-10-08,3446.83,0.0013737835714285,855,0.3213178150289017,0.23037543951612902,0.23151517741935485,0.2856014661921708,0.22658333333333333,0.306241711216977,0.23921021867642514,0.22294299483783667,346,248,281,51,0.0909423755127727,0.06703149254055188,0.059018132858837474,-0.0011397379032258292,0.016267223838588474,0.008752272809348647,5.451522108843254e-06,0.008746821287239803,0.010536635545685033,2.6813093820860713e-05,0.010509822451864171,0.001930345858760244,5.3475112933622224e-05,0.001876870745826622,0.01800151251891505,0.00011670752086901706,0.017884804998046032,2020
2020-10-09,3477.13,0.0013671535714285,846,0.31169308815427,0.21411287341772153,0.21400813502109706,0.26996463468634685,0.2085064418604651,0.29720853791740587,0.22270681115634788,0.20115679611887116,363,237,271,43,0.09758021473654846,0.07450172676105798,0.06145819282588175,0.00010473839662447637,0.021550015037476722,0.01628538348497012,5.42521258503373e-06,0.016279958272385087,0.0019192816058062798,2.659548540249365e-05,0.001892686120403786,-0.0033820604594587043,5.332663976657778e-05,-0.003435387099225282,0.020881197759870847,0.00011681319688942539,0.020764384562981422,2020
2020-10-12,3534.22,0.0013423925,723,0.3225892129032258,0.22134410683760686,0.21596545726495725,0.27913389922480625,0.21523642857142858,0.3084387203659412,0.23246175920195558,0.20962167105536592,310,234,258,42,0.10124510606561893,0.07597696116398564,0.06389747065337767,0.0053786495726496075,0.022840088146589665,-0.006326880453748811,5.326954365079365e-06,-0.00633220740811389,-0.030830725777796584,2.6411843584655555e-05,-0.030857137621381238,-0.03843193931397603,5.3290787592375e-05,-0.03848523010156841,0.003195030790987748,0.0001163684121856889,0.0030786623788020594,2020
2020-10-13,3511.93,0.0013509166666666,724,0.3274713696369637,0.23221010416666665,0.22059227083333335,0.284789968627451,0.22790831818181817,0.31245091177834383,0.24482234372520106,0.2121707868944477,303,240,255,44,0.09526126547029706,0.06762856805314277,0.056881650445632814,0.0116178333333333,0.03265155683075335,-0.006645169155040894,5.360780423280158e-06,-0.006650529935464174,-0.019787706836750008,2.648367606764841e-05,-0.019814190512817655,-0.0351352526639797,5.415341939509603e-05,-0.0351894060833748,0.01714467247166614,0.00011632617831750358,0.017028346293348637,2020
2020-10-14,3488.67,0.0013226533333333,726,0.3295383356401384,0.2351773617886179,0.22540080894308945,0.2881122024291498,0.2317092727272727,0.31342433310748535,0.24687984681651576,0.2185235539824282,289,246,247,44,0.09436097385152051,0.0665444862909696,0.0564029297018771,0.009776552845528447,0.028356292834087554,-0.0015289711398439405,5.2486243386242065e-06,-0.0015342197641825647,-0.015340634713095137,2.6490885723733332e-05,-0.01536712559881887,-0.06441565473494766,5.469823987884524e-05,-0.0644703529748265,0.013761162717761687,0.0001161574613862869,0.0136450052563754,2020
2020-10-15,3483.34,0.00131894625,725,0.3375353986013986,0.23502425101214575,0.23530943319838055,0.29615084210526316,0.23167993023255815,0.3225020100812321,0.2462867281791276,0.22803063184335098,286,247,247,43,0.10251114758925284,0.07621528190210447,0.06447091187270501,-0.0002851821862348003,0.018256096335776628,0.00013491886946954788,5.23391369047619e-06,0.0001296849557790717,-0.008606289686924843,2.6662019112761507e-05,-0.008632951706037605,-0.05101018215129815,5.54012864585881e-05,-0.05106558343775674,0.028808710563980437,0.0001160239440179869,0.028692686619962448,2020
2020-10-16,3483.81,0.0013208758333333,722,0.3366497622377622,0.24067897975708502,0.23311505263157895,0.29452163900414935,0.2363505813953488,0.322022535515953,0.2534285927245982,0.224304530844557,286,247,241,43,0.0959707824806772,0.06859394279135478,0.058171057608800536,0.007563927125506076,0.029124061880041213,-0.016464623898632638,5.241570767195634e-06,-0.016469865469399835,-0.00530134206526488,2.6731154364084126e-05,-0.005328073219628964,-0.06334877006750336,5.614338750734087e-05,-0.0634049134550107,0.0402545236111672,0.0001157770248064615,0.04013874658636074,2020
2020-10-19,3426.92,0.0013604942857142,510,0.3494117329545455,0.2567067966101695,0.2532992824858757,0.3180082824858757,0.25478572727272725,0.3364573415676296,0.2674935275529973,0.24709077809201305,176,177,177,33,0.09270493634437599,0.06896381401463225,0.06322255521314846,0.003407514124293798,0.020402749460984276,0.004716138487297713,5.398786848072222e-06,0.004710739700449641,-0.007601213536179374,2.6878944007719443e-05,-0.007628092480187094,-0.03464120427401797,5.670382354286627e-05,-0.034697908097560834,0.051915671375696186,0.00011593479644289366,0.05179973657925329,2020
2020-10-20,3443.12,0.0013527335,511,0.348589182320442,0.2606876592178771,0.24953794413407823,0.31517132584269664,0.25820128571428574,0.33550638735360033,0.2751981738373677,0.24200154137419863,181,179,178,35,0.08790152310256488,0.06030821351623261,0.05697004012841089,0.011149715083798889,0.03319663246316909,-0.0021980970313859494,5.367990079365079e-06,-0.0022034650214653143,-0.015347545827229697,2.766974332744762e-05,-0.015375215570557144,-0.02175613618814924,5.682916934785516e-05,-0.021812965357497098,0.03556831940879706,0.00011605210086466268,0.0354522673079324,2020
2020-10-21,3435.56,0.0013657789473684,509,0.3472658603351955,0.2560549329608938,0.24992993854748605,0.31142778612716765,0.25358512121212123,0.3334832109366469,0.26849072651300815,0.24233810070970102,179,179,173,33,0.0912109273743017,0.06499248442363875,0.057842664915046416,0.006124994413407775,0.026152625803307128,0.005205373886326262,5.419757727652381e-06,0.005199954128598609,-0.04907502002185256,2.8207354155111907e-05,-0.04910322737600767,0.0022910316751647048,5.725267444989563e-05,0.0022337790007148093,0.04170507036272168,0.0001160439687635766,0.0415890263939581,2020
2020-10-22,3453.49,0.0013363683333333,787,0.3411240263157895,0.24464171296296297,0.24445311574074075,0.30662471945701353,0.24310914285714288,0.3282351941640901,0.25617158741666396,0.23786490441197827,228,216,221,42,0.0964823133528265,0.07206360674742612,0.06351557659987064,0.0001885972222222254,0.018306683004685687,0.0034398664911297477,5.30304894179881e-06,0.003434563442187949,-0.04240389246437331,2.8739267345826585e-05,-0.042432631731719135,0.016358920458852313,5.7572064964873416e-05,0.01630134839388744,0.029683980840125652,0.00011588153907825198,0.0295680993010474,2020
2020-10-23,3465.39,0.0013581188235294,794,0.3396973717948718,0.23718782242990655,0.2415356542056075,0.3020842442396313,0.2349770789473684,0.324628653311484,0.24934244455149826,0.23400330726532315,234,214,217,38,0.10250954936496526,0.07528620875998573,0.0671071652922629,-0.004347831775700944,0.015339137286175114,-0.018764495369547173,5.389360410830953e-06,-0.018769884729958004,-0.058047428002238444,2.9412233143256744e-05,-0.0580768402353817,0.012631300169025358,5.7929358993596034e-05,0.012573370810031763,0.03186420894405367,0.00011577626091142976,0.03174843268314224,2020
2020-10-26,3400.97,0.0015597757142857,685,0.3701428275862069,0.2806967784090909,0.28113685795454546,0.3488142383419689,0.27985007500000003,0.36111443616076855,0.2915718634402519,0.2751607957688022,174,176,193,40,0.08944604917711602,0.06954257272051667,0.06896416334196886,-0.0004400795454545525,0.016411067671449675,-0.0030301938037524704,6.189586167800397e-06,-0.0030363833899202707,-0.027039990737838523,2.9824879535146826e-05,-0.02706981561737367,0.04302775358887664,5.809719671201667e-05,0.04296965639216462,0.06666121187088668,0.00011646186302264445,0.06654475000786404,2020
2020-10-27,3390.68,0.0014882114285714,685,0.37489633333333333,0.2836846836158192,0.2801301073446328,0.35223573821989534,0.28224784999999997,0.36620889695801867,0.2948809621698447,0.2727873183032784,168,177,191,40,0.09121164971751411,0.07132793478817395,0.06998788821989538,0.003554576271186438,0.022093643866566315,-0.03592557122600889,5.905600907029366e-06,-0.035931476826915915,-0.006408590360919517,2.915942602040754e-05,-0.006437749786939924,0.044657163908716206,5.688803842551349e-05,0.044600275870290695,0.06810573364801005,0.00011610619881251588,0.06798962744919754,2020
2020-10-28,3271.03,0.0014998210714285,690,0.43601035,0.3522768764705882,0.3467057705882353,0.4145431699346405,0.34884647826086956,0.4278964781482415,0.3616222225656536,0.3410710124127078,120,170,153,46,0.0837334735294118,0.06627425558258793,0.06569669167377096,0.005571105882352878,0.020551210152945754,0.0118765014438055,5.951670918367063e-06,0.011870549772887134,0.0513660516970173,2.9045320294783728e-05,0.05133700637672252,0.0882054963616547,5.6267158015378175e-05,0.08814922920363932,0.10642536215397075,0.0001160418765650984,0.10630932027740565,2020
2020-10-29,3310.11,0.0015059557142857,745,0.40499005056179777,0.3233473620689655,0.3062064482758621,0.3808888527918782,0.32106159523809524,0.3976194391131071,0.3319526132534615,0.30269743098357377,178,174,197,42,0.08164268849283224,0.06566682585964562,0.05982725755378293,0.01714091379310345,0.029255182269887714,-0.012203669046735501,5.9760147392289685e-06,-0.01220964506147473,0.05876281292322558,2.8832797619046828e-05,0.05873398012560653,0.06630031600890371,5.5507550589074606e-05,0.06624480845831464,0.08994277927166795,0.00011589754030281587,0.08982688173136513,2020
2020-10-30,3269.96,0.0014621057142857,744,0.4239793086419753,0.3199971705882353,0.33640906470588233,0.40481989999999995,0.3193302,0.42677962456675783,0.3281575496245306,0.33148409447886557,162,170,190,40,0.10398213805374001,0.09862207494222724,0.08548969999999995,-0.01641189411764704,-0.0033265448543349785,0.012242941894852779,5.802006802721032e-06,0.012237139888050058,0.0706787281712638,2.851712585033929e-05,0.07065021104541347,0.09202256176201404,5.464664282016984e-05,0.09196791511919387,0.11335456995442163,0.00011557927909092341,0.1132389906753307,2020
2020-11-02,3310.24,0.0013920814285714,816,0.4246509382022472,0.2999056034482758,0.32946357471264365,0.40010581538461537,0.29976336111111107,0.41708095851649774,0.31228202664351207,0.32248185051065564,178,174,195,36,0.12474533475397137,0.10479893187298567,0.1003424542735043,-0.02955797126436782,-0.010199823867143576,0.017601206573166564,5.524132653061111e-06,0.017595682440513502,0.07006774432671523,2.8272317176869844e-05,0.07003947200953836,0.09136035178381789,5.38316304963996e-05,0.0913065201533215,0.10290117659442852,0.0001154343798719766,0.10278574221455654,2020
2020-11-03,3369.02,0.0014594567857142,814,0.3999795418719212,0.29238204022988507,0.2909054540229885,0.368270631840796,0.2902990285714286,0.39834644676910946,0.3048330380031235,0.28979565834186144,203,174,201,35,0.10759750164203613,0.09351340876598596,0.07797160326936742,0.0014765862068965574,0.015037379661262062,0.021849070831928094,5.791495181405555e-06,0.02184327933674669,0.05106575426963588,2.7728612405105952e-05,0.05103802565723078,0.06895566907654758,5.3706840246966274e-05,0.06890196223630062,0.08467562859255957,0.00011555559113425914,0.08456007300142532,2020
2020-11-04,3443.44,0.0014462653571428,777,0.3709915695652174,0.24473649152542373,0.25629837288135593,0.32555097872340427,0.2429588064516129,0.3588342150831822,0.2583301199254572,0.24827928830050514,230,177,188,31,0.12625507803979366,0.10050409515772502,0.08259217227179136,-0.011561881355932196,0.010050831624952045,0.019273262670013912,5.739148242630159e-06,0.01926752352177128,0.03683944466463741,2.7221837720594444e-05,0.03681222282691681,0.035475384765018325,5.3431436335401984e-05,0.03542195332868292,0.07162398180604633,0.00011533187152604564,0.07150864993452029,2020
2020-11-05,3510.45,0.0014264064285714,888,0.3542085924657534,0.2374309756097561,0.23719103414634146,0.3023710263157895,0.23074068421052632,0.34920603275220286,0.23580108367751582,0.23842897178695704,292,205,228,38,0.11677761685599733,0.11340494907468704,0.07163034210526317,0.00023994146341463352,-0.0026278881094412287,-0.00028775379869741254,5.660342970521429e-06,-0.000293414141667934,0.007537503085678134,2.667475297002778e-05,0.0075108283327081065,0.02014077601754318,5.305214607105079e-05,0.02008772387147213,0.05041324795732419,0.00011682654713703095,0.05029642141018716,2020
2020-11-06,3509.44,0.0014004139285714,876,0.32669236643835614,0.21442680975609757,0.2161352731707317,0.2728236960784314,0.20832533333333333,0.3114829476899557,0.2248994392978733,0.21087424096978458,292,205,204,33,0.11226555668225857,0.08658350839208243,0.06449836274509804,-0.001708463414634126,0.014025198328088712,0.011631958050304203,5.557198129251588e-06,0.01162640085217495,0.021343833590750396,2.6129516969830558e-05,0.021317704073780565,0.01361281417997075,5.264913114285714e-05,0.013560165048827892,0.05348426234576856,0.00011707659107127144,0.05336718575469729,2020
2020-11-09,3550.5,0.0012550678260869,745,0.32647545739910316,0.22176414450867052,0.21091445664739883,0.27113713636363634,0.21514433333333333,0.31498684983948233,0.23519714838470995,0.2032073812697526,223,173,176,30,0.10471131289043265,0.07978970145477238,0.05599280303030302,0.01084968786127169,0.03198976711495735,-0.0014007834839128777,4.980427881297222e-06,-0.0014057639117941749,0.021292607457102507,2.555931331952976e-05,0.021267048143782975,0.00760095072472428,5.228970378858214e-05,0.007548661020935698,0.03387132073476168,0.00011750375802138453,0.03375381697674029,2020
2020-11-10,3545.53,0.0013317495652173,812,0.3252002986425339,0.21215683516483516,0.20744523626373626,0.26807747093023254,0.20754867857142859,0.3117634519394981,0.22439223992077345,0.20190823036595912,221,182,172,28,0.11304346347769875,0.08737121201872466,0.06052879235880396,0.004711598901098901,0.022484009554814333,0.007622761226929676,5.284720496894048e-06,0.007617476506432782,0.01788991480691173,2.5978227841860316e-05,0.017863936579069872,0.025034241765922834,5.3384238429330555e-05,0.024980857527493502,0.03398616168001863,0.00011840124515331469,0.03386776043486532,2020
2020-11-11,3572.66,0.0013084,811,0.31889093506493504,0.1962602611111111,0.19739075555555555,0.25378104320987654,0.19067652,0.3009019270831633,0.20414304043631712,0.19431176224619134,231,180,162,25,0.12263067395382393,0.0967588866468462,0.06310452320987656,-0.0011304944444444354,0.009831278190125775,-0.010028678908945363,5.192063492063492e-06,-0.010033870972437426,-0.0013640598996190394,2.620959861480754e-05,-0.001390269498233847,0.015825808512364287,5.3933439890108334e-05,0.015771875072474177,0.02509763965470557,0.0001191388295506004,0.02497850082515497,2020
2020-11-12,3537.01,0.0012890069565217,950,0.3334723953488372,0.21060737946428573,0.2122725580357143,0.2791507175925926,0.20850164705882354,0.3152148336892231,0.2207577900318112,0.20782120981390076,258,224,216,34,0.12286501588455148,0.0944570436574119,0.07064907053376904,-0.0016651785714285605,0.012936580217910443,0.013518576706374859,5.115106970324206e-06,0.013513461599404534,0.012603272931864947,2.6377393101023018e-05,0.012576895538763923,0.028248544701261372,5.4582655057656745e-05,0.028193962046203714,0.030757522333124458,0.00012003065990774287,0.030637491673216714,2020
2020-11-13,3585.15,0.0012567226086956,939,0.3133549605734767,0.19962390090090087,0.1882691036036036,0.25091399014778326,0.1941152424242424,0.2973954351049753,0.21442994250228872,0.17827975633356627,279,222,203,33,0.11373105967257585,0.08296549260268657,0.05679874772354085,0.01135479729729727,0.036150186168722453,0.011580731916656505,4.986994478950794e-06,0.011575744922177554,-0.007731019410779703,2.651961417302659e-05,-0.00775753902495273,0.01012388655638936,5.5274882743417066e-05,0.010068611673645943,0.03007739325319644,0.0001205242334929738,0.029956869019703465,2020
2020-11-16,3626.91,0.0013606342857142,766,0.3009731690821256,0.18849919075144508,0.19446420809248555,0.25151898305084747,0.1821883846153846,0.28938939944172953,0.18790237588198647,0.19555877470370103,207,173,177,26,0.11247397833068054,0.10148702355974307,0.06933059843546285,-0.005965017341040463,-0.007656398821714566,-0.00480347613410369,5.3993424036277775e-06,-0.004808875476507318,-0.013691656732378347,2.6730390469052382e-05,-0.0137183871228474,0.009751276275751007,5.594564179180278e-05,0.009695330633959205,0.020267939783470825,0.00012107997710926071,0.020146859806361564,2020
2020-11-17,3609.53,0.001390055,793,0.3004715223880597,0.19376080319148936,0.18786788829787235,0.2486934534883721,0.18903028571428573,0.2877521530061625,0.19566659791787594,0.19178942732929513,201,188,172,28,0.10671071919657033,0.09208555508828659,0.05966316777408637,0.005892914893617013,0.0038771705885808083,-0.011631213479601318,5.51609126984127e-06,-0.01163672957087116,0.007144326959011063,2.7406010587470237e-05,0.007116920948423593,0.016344300944714386,5.620340697194921e-05,0.016288097537742435,0.030812542865205468,0.00012126624317124127,0.030691276622034226,2020
2020-11-18,3567.79,0.0013506842105263,794,0.30389943478260867,0.20536298930481284,0.18563582887700536,0.2500293950617284,0.20106548148148148,0.29221906208320503,0.22181299365491405,0.1751439398311351,184,187,162,27,0.09853644547779583,0.07040606842829097,0.048963913580246904,0.019727160427807477,0.04666905382377895,0.003938653922538716,5.359857978278968e-06,0.003933294064560437,0.017189868411983448,2.7723841275300794e-05,0.017162144570708148,0.027351172995613317,5.6332659617451584e-05,0.027294840335995867,0.03892647783978352,0.00012109236916330477,0.038805385470620214,2020
2020-11-19,3581.87,0.0013248466666666,963,0.3042021128205128,0.19124818181818182,0.18821170053475936,0.2485052901234568,0.18753428,0.28957948563099717,0.1952973405006369,0.189439198079492,195,187,162,25,0.11295393100233098,0.09428214513036026,0.06097101012345679,0.0030364812834224597,0.005858142421144907,-0.006815715636269892,5.2573280423277775e-06,-0.006820972964312219,0.015645271769396348,2.820526195663373e-05,0.015617066507439714,0.03220994311848947,5.654057721236468e-05,0.03215340254127711,0.031073892880266858,0.00012080141330142777,0.03095309146696543,2020
2020-11-20,3557.54,0.0013098382352941,965,0.3051411783783784,0.2011345882352941,0.19097142245989304,0.2504894331210191,0.19712484615384615,0.2900797981374647,0.21742949239962348,0.17953935004372104,185,187,157,26,0.1040065901430843,0.07265030573784123,0.05336458696717297,0.01016316577540105,0.037890142355902434,0.0056200945950578216,5.197770774976587e-06,0.0056148968242828445,0.017854905967169113,2.8755268570390477e-05,0.017826150698598723,0.037088187576050945,5.8517073023652374e-05,0.037029670503027294,0.035814340032393914,0.00012135897896658293,0.03569298105342733,2020
2020-11-23,3577.59,0.0015308905555555,766,0.2950922321428572,0.19075137391304348,0.18921847826086954,0.252528037037037,0.18718082352941176,0.2858251654930581,0.2052084173959808,0.1812049625893661,112,115,108,17,0.1043408582298137,0.08061674809707728,0.06534721350762526,0.0015328956521739323,0.0240034548066147,0.016032507557285768,6.074962522045635e-06,0.01602643259476372,0.02344293300812931,2.9215251322750396e-05,0.02341371775680656,0.03425135357074024,5.92296891534377e-05,0.0341921238815868,0.030939778711128494,0.00012186172973355636,0.03081791698139494,2020
2020-11-24,3635.41,0.0014701483333333,765,0.2898534365079365,0.1842600982142857,0.1827285714285714,0.24046346226415094,0.179237375,0.2780455586968225,0.19522580169668197,0.17516785694305476,126,112,106,16,0.10559333829365078,0.08281975700014055,0.061226087264150936,0.0015315267857143045,0.02005794475362721,-0.0015856720266289198,5.833921957671826e-06,-0.0015915059485865917,0.009199973985703346,2.879739638447897e-05,0.009171176589318866,0.010237862452751758,5.9139091710756743e-05,0.010178723361041002,0.01843760795677098,0.00012156809090765555,0.018316039865863325,2020
2020-11-25,3629.65,0.0014720022222222,883,0.28162673584905656,0.1853261111111111,0.17982120138888888,0.23406091489361702,0.17935109523809525,0.2697304379177219,0.19710941415694633,0.1728076011194323,159,144,141,21,0.09630062473794546,0.07262102376077556,0.05470981965552177,0.005504909722222229,0.024301813037514025,0.0023940572799516376,5.841278659611905e-06,0.002388216001292026,0.01016130458362982,2.8608818342150792e-05,0.010132695765287669,0.010537591940724695,5.91830847663123e-05,0.010478408855958382,0.0287079745867692,0.00012131599009510834,0.028586658596674093,2020
2020-11-27,3638.35,0.0014634483333333,894,0.2826221656804734,0.18185013157894736,0.18300380263157895,0.23528239583333332,0.17811981818181818,0.26877997731866304,0.1920708356710574,0.17633699786503607,169,152,144,22,0.10077203410152602,0.07670914164760564,0.05716257765151514,-0.0011536710526315885,0.015733837806021334,-0.004606081438497098,5.8073346560845235e-06,-0.004611888773153182,0.016564671349093077,2.8335315255730953e-05,0.016536336033837345,0.006877773862389657,5.9364111000880155e-05,0.006818409751388777,0.024084070756806117,0.0001208382912182865,0.02396323246558783,2020
2020-11-30,3621.63,0.0014257538888888,956,0.28594909797297297,0.1817639496124031,0.18899506589147289,0.24293997959183672,0.18089122500000002,0.27822586606265526,0.17905840042756116,0.1971077945802497,296,258,245,40,0.10418514836056986,0.0991674656350941,0.0620487545918367,-0.007231116279069777,-0.018049394152688553,0.011208121636017976,5.6577535273365075e-06,0.011202463882490639,0.0192332816088818,2.9761804453261904e-05,0.01920351980442854,0.007115059070360321,5.9640670194001585e-05,0.007055418400166319,0.030030800304424052,0.00012035351892047857,0.029910446785503572,2020
2020-12-01,3662.45,0.0014255911111111,1011,0.2867434565916399,0.18998320622568093,0.1844477587548638,0.23950391633466134,0.18677189743589745,0.2738103571766943,0.18772594737173318,0.18834331226071552,311,257,251,39,0.09676025036595898,0.0860844098049611,0.05273201889876389,0.005535447470817134,-0.0006173648889823413,0.0017895485348597621,5.657107583774206e-06,0.001783891427275988,0.010808420562610872,3.0014437830687305e-05,0.010778406124780185,0.00874538506078924,5.959159722222024e-05,0.008685793463567019,0.025240875647198187,0.00011976393999631666,0.02512111170720187,2020
2020-12-02,3669.01,0.0014226266666666,1043,0.2895055189873418,0.1878552,0.18346245769230768,0.240645084,0.185694375,0.27526939287582614,0.19769511800729608,0.17816965479136532,316,260,250,40,0.10165031898734178,0.07757427486853005,0.054950709000000014,0.004392742307692321,0.019525463215930766,-0.0006243414287024246,5.645343915343651e-06,-0.0006299867726177683,0.0010378884670484078,3.034169532627778e-05,0.00100754677172213,0.008727114972859985,5.9477227733683724e-05,0.008667637745126302,0.008586608988965412,0.00011912028621072817,0.008467488702754685,2020
2020-12-03,3666.72,0.0014030794444444,1171,0.29469955732484077,0.18451275285171104,0.18892469961977187,0.24464272619047617,0.1832818947368421,0.2799337249049651,0.19617032820188426,0.18312046414086477,314,263,252,38,0.11018680447312973,0.08376339670308083,0.06136083145363408,-0.004411946768060837,0.01304986406101949,0.008797424045414703,5.567775573192063e-06,0.008791856269841511,0.00037628735709476977,3.057426642416151e-05,0.00034571309067060827,0.015092583349193495,5.941749228394841e-05,0.015033165856909546,0.016268526588390033,0.00011876286463098531,0.016149763723759047,2020
2020-12-04,3699.12,0.0018229236111111,971,0.2778214789915966,0.1873212108108108,0.17907665405405407,0.23490906770833334,0.1831364516129032,0.26584821530218045,0.19791579733577008,0.174958736955819,238,185,192,31,0.0905002681807858,0.06793241796641036,0.05177261609543013,0.008244556756756727,0.022957060379951072,-0.0019374711787083175,7.233823853615476e-06,-0.001944705002561933,-0.009686897486703379,3.1028795745149205e-05,-0.009717926282448528,0.002777880798755658,5.9191933972661115e-05,0.002718688864782997,0.01316476340919278,0.00011849084869498134,0.013046272560497799,2020
2020-12-07,3691.96,0.0014894175,1039,0.2790594422442244,0.18840813636363635,0.17902053787878788,0.2380076603053435,0.1860350681818182,0.2674575149783431,0.20048211373373645,0.17226975204100506,303,264,262,44,0.09065130588058806,0.06697540124460663,0.05197259212352531,0.009387598484848464,0.02821236169273139,0.0027832605897471193,5.9103869047619046e-06,0.0027773502028423575,-0.012118222538521494,2.987886574073968e-05,-0.012148101404262234,0.0008014209404858622,5.7027012235447615e-05,0.0007443939282504146,0.029840455766242016,0.00011661959003410952,0.029723836176207906,2020
2020-12-08,3702.25,0.0015080599999999,1036,0.27286877922077923,0.18427741762452107,0.17043133716475095,0.22870396837944665,0.18112342857142857,0.2624017639137435,0.19340245617423965,0.16385612465583832,308,261,253,42,0.08859136159625816,0.06899930773950383,0.047580539808018074,0.013846080459770121,0.02954633151840133,-0.007980983560702697,5.984365079364682e-06,-0.007986967925782061,-0.002063035501821721,2.9577159391532936e-05,-0.0020926126612132536,-0.004057108133404038,5.6931519038168654e-05,-0.004114039652442207,0.032534060712600496,0.00011599109371891667,0.03241806961888158,2020
2020-12-09,3672.82,0.0014812345833333,1033,0.2785064508474576,0.1980119358490566,0.1724790871212121,0.23465575100401606,0.19554072093023256,0.26893159770707925,0.2119021255174158,0.16548388348245094,295,265,249,43,0.08049451499840102,0.05702947218966345,0.0391150300737835,0.025532848727844504,0.04641824203496486,-0.00128594253865602,5.877915013227381e-06,-0.0012918204536692473,0.007689226505811546,2.913553240740595e-05,0.00766009097340414,0.004669408701090962,5.664767550075397e-05,0.004612761025590208,0.033938670511638964,0.00011527192421778294,0.03382339858742118,2020
2020-12-10,3668.1,0.0015176208333333,1172,0.2841175322033898,0.19572550943396227,0.17901181886792453,0.240600508,0.1935875581395349,0.2718763310952525,0.21039791581527206,0.17017819076544266,295,265,250,43,0.08839202276942754,0.061478415279980436,0.047012949860465086,0.016713690566037748,0.0402197250498294,-0.0012657607983834493,6.0223048941797625e-06,-0.0012717831032776291,0.014716295992098788,2.8843225859786906e-05,0.014687452766239001,0.009485688042675048,5.655108418367143e-05,0.009429136958491378,0.035640358767260905,0.00011545966680092739,0.03552489910045998,2020
2020-12-11,3663.46,0.0015331412499999,1176,0.2952202508474576,0.19624999616858238,0.1899322835249042,0.2531022373540856,0.19579504545454543,0.28329167877619665,0.21069698557199365,0.1829169348550062,295,261,257,44,0.09897025467887524,0.072594693204203,0.05730719189954017,0.006317712643678169,0.027780050716987442,-0.0043687962305264194,6.083893849205952e-06,-0.0043748801243756255,0.0124647782854589,2.8163138227511907e-05,0.012436615147231388,0.01943614344442789,5.611060043461627e-05,0.019380032843993273,0.03917913746841569,0.00011425623922156229,0.03906488122919413,2020
2020-12-14,3647.49,0.0014133874999999,1258,0.3068016164021164,0.2166754410876133,0.18835242073170733,0.2595887303030303,0.21430277049180327,0.29136817804456094,0.23024397222168988,0.18017206151444692,378,331,330,61,0.09012617531450309,0.061124205822871064,0.045285959811227045,0.028323020355905976,0.050071910707242956,0.012838447626446777,5.608680555555159e-06,0.012832838945891222,0.012919643479007257,2.7148146494707937e-05,0.012892495332512549,0.021575093124942855,5.5390286368200396e-05,0.021519702838574656,0.0397874334078886,0.00011287787447288531,0.039674555533415715,2020
2020-12-15,3694.62,0.0013967699999999,1269,0.3031376363636364,0.19268054790419165,0.1853803263473054,0.25278190322580646,0.1892904181818182,0.28825015262420006,0.20701141115510066,0.17940536605087604,407,334,341,55,0.11045708845944474,0.0812387414690994,0.06349148504398827,0.007300221556886255,0.027606045104224625,0.0017712784469306416,5.542738095237698e-06,0.0017657357088354038,-0.001994072631582376,2.7354359646635714e-05,-0.002021426991229012,0.010077293607616973,5.510416817092183e-05,0.010022189439446052,0.01973299527484761,0.00011199219490939365,0.019621003079938217,2020
2020-12-16,3701.17,0.0014075733333333,1266,0.29737968599033815,0.1906123413897281,0.1759963081570997,0.24336479819277107,0.1871386037735849,0.279613282304033,0.2039351183142801,0.17218181632790489,414,331,332,53,0.10676734460061005,0.07567816398975288,0.056226194419186165,0.01461603323262839,0.031753301986375215,0.005741126947631056,5.585608465608333e-06,0.005735541339165448,-0.003019817804720491,2.7512143093348016e-05,-0.003047329947813839,0.014724212139478356,5.4629604678858723e-05,0.014669582534799497,0.026065197599427076,0.00011117555469775357,0.02595402204472932,2020
2020-12-17,3722.48,0.00134623875,1297,0.29438583764705883,0.17965048795180724,0.1765256234939759,0.2377748765432099,0.1762625918367347,0.2745006921747772,0.18514781616633275,0.1814785788928629,425,332,324,49,0.11473534969525159,0.08935287600844444,0.061512284706475184,0.0031248644578313334,0.0036692372734698497,-0.003517278505023192,5.342217261904763e-06,-0.003522620722285097,-0.005230607949423638,2.7707858323884523e-05,-0.005258315807747522,-0.005881632931525728,5.4057450011436116e-05,-0.005935690381537163,0.03416343953948154,0.00011043774668565992,0.03405300179279588,2020
2020-12-18,3709.41,0.0012773633333333,1297,0.2927308205741627,0.1938313709198813,0.16823408231707318,0.23354857324840766,0.19026215686274509,0.2820968319066927,0.2016754878282325,0.16464486437163348,418,337,314,51,0.09889944965428141,0.08042134407846022,0.04328641638566258,0.025597288602808133,0.03703062345659902,-0.003913931036978114,5.068902116401984e-06,-0.003918999939094516,0.006971365158968974,2.7947462207104366e-05,0.006943417696761869,0.0046932217442194925,5.400315508513214e-05,0.004639218589134361,0.037997398817360466,0.00010989158497931032,0.03788750723238116,2020
2020-12-21,3694.92,0.0014653532142857,1055,0.31380966346153844,0.2005903256704981,0.20243939846743295,0.27217712857142856,0.19870973333333333,0.299932720474605,0.21319818597661103,0.1948205522925518,312,261,280,45,0.11321933779104035,0.08673453449799398,0.07346739523809523,-0.0018490727969348586,0.01837763368405923,-0.002075268484142857,5.814893707482937e-06,-0.0020810833778503396,0.008655449645935443,2.824213987349246e-05,0.00862720750606195,0.014300813647415223,5.4230012605918256e-05,0.014246583634809304,0.03889620255941026,0.00010955496983032659,0.038786647589579934,2020
2020-12-22,3687.26,0.0014365314285714,1053,0.30738259032258064,0.19964082954545456,0.19286058712121212,0.2619210970149254,0.19796753488372093,0.29514344215017124,0.21433274128340446,0.18731586458149843,310,264,268,43,0.10774176077712608,0.08081070086676678,0.06395356213120446,0.006780242424242439,0.02701687670190603,0.0007455332737925254,5.70052154195e-06,0.0007398327522505754,0.012071366239199225,2.7749808524286108e-05,0.012043616430674938,0.03111430330989905,5.377768409117897e-05,0.031060525625807873,0.044580753067101436,0.00010831280099056825,0.04447244026611087,2020
2020-12-23,3690.01,0.0014568935714285,1058,0.2950027702265372,0.19715769731800767,0.17204380694980695,0.24361613953488373,0.19481351219512194,0.28090165613108875,0.21459743178392773,0.1608056555898921,309,261,258,41,0.09784507290852953,0.06630422434716102,0.04880262733976179,0.02511389036820072,0.053791776194035634,0.0035303368029281483,5.7813236961448405e-06,0.0035245554792320034,0.01774402994419893,2.7117461585510714e-05,0.01771691248261342,0.035845635572212264,5.335905313879801e-05,0.03579227651907347,0.04234527405383373,0.00010792834058912381,0.042237345713244605,2020
2020-12-24,3703.06,0.0014066189285714,1196,0.2897871178343949,0.1795180568181818,0.17038220075757576,0.2357440850202429,0.17728647368421052,0.27495824046455924,0.19523939196299567,0.16244907761037802,314,264,247,38,0.11026906101621312,0.07971884850156358,0.05845761133603239,0.009135856060606046,0.032790314352617644,0.008684694603369354,5.581821145124603e-06,0.008679112782224229,-0.0006510249821022018,2.6349591687551583e-05,-0.0006773745737897534,0.02573892500761971,5.284292502088413e-05,0.025686082082598826,0.012801647358857096,0.00010727340137269642,0.0126943739574844,2020
2020-12-28,3735.36,0.0013516221052631,1278,0.29457641075268814,0.1817252411924119,0.17091534688346882,0.23761665168539325,0.17832228846153847,0.27990828891867164,0.19741672060976131,0.16334306164541648,465,369,356,52,0.11285116956027624,0.08249156830891033,0.059294363223854785,0.01080989430894308,0.03407365896434483,-0.0022298465500115035,5.363579782790079e-06,-0.0022352101297942934,-0.0022781434147493597,2.6055692878027777e-05,-0.0023041991076273873,0.017469976121216476,5.3326761472131346e-05,0.017416649359744345,0.013830287683087129,0.00010685891561851826,0.01372342876746861,2020
2020-12-29,3727.04,0.0013412857142857,1308,0.30650380260303683,0.1906820054054054,0.1848005027027027,0.25307392328767125,0.18848308928571428,0.28877411262339575,0.20361059840639475,0.17804210268802148,461,370,365,56,0.11582179719763144,0.085163514217001,0.06459083400195698,0.0058815027027026845,0.025568495718373274,0.0013406481091209083,5.322562358276587e-06,0.0013353255467626318,0.0056453640014797095,2.5987872732425794e-05,0.005619376128747283,0.021972840573999283,5.2782059004155956e-05,0.021920058514995126,-0.0034402717340292176,0.00010651412478340596,-0.0035467858588126237,2020
2020-12-30,3732.04,0.00127718,1305,0.29931500860215055,0.1899403216216216,0.1749504135135135,0.24172014040114614,0.1871090181818182,0.28022413023078685,0.20591100863072778,0.16501691379532363,465,370,349,55,0.10937468698052893,0.07431312160005907,0.05461112221932796,0.014989908108108102,0.040894094835404154,0.006418196978792083,5.068174603174603e-06,0.006413128804188909,0.019042937070699695,2.602787556689286e-05,0.019016909195132804,0.016871692173824854,5.2165025746408335e-05,0.016819527148078446,0.01114334929756817,0.0001061137302675746,0.011037235567300595,2020
2020-12-31,3756.07,0.0012633903571428,1290,0.30292472899159667,0.1858273672922252,0.1766397292225201,0.24263243999999998,0.18188683333333333,0.28589668712119776,0.19159150115858234,0.1805201834913377,476,373,350,54,0.11709736169937146,0.09430518596261542,0.060745606666666646,0.0091876380697051,0.011071317667244646,-0.014864718123372964,5.013453798185714e-06,-0.01486973157717115,0.018101605628013277,2.62415915532873e-05,0.018075364036459988,0.003237504688438487,5.181985213529722e-05,0.00318568483630319,0.018527694284425324,0.000105618869891325,0.018422075414534,2020
2021-01-04,3700.65,0.0013325564285714,1070,0.32726421265822786,0.2148265542521994,0.209095357771261,0.2807492102272727,0.2135225254237288,0.3094751801582079,0.22812815715973353,0.20392231515997344,395,341,352,59,0.11243765840602846,0.08134702299847438,0.06722668480354393,0.005731196480938394,0.024205841999760086,0.0070575761707220575,5.287922335600794e-06,0.007052288248386457,0.02638994998972191,2.649333333333254e-05,0.02636345665638858,0.02620570358332162,5.153249622070912e-05,0.02615417108710091,0.03440070873379315,0.00010521503396497936,0.03429549369982817,2021
2021-01-05,3726.86,0.0013345314285714,1064,0.31864284146341465,0.2011007455621302,0.1980903579881657,0.26810200574712645,0.1992504074074074,0.29967556098012177,0.21422045344611526,0.1905319758202014,410,338,348,54,0.11754209590128445,0.08545510753400651,0.06885159833971904,0.0030103875739644903,0.023688477625913862,0.00569366086621762,5.295759637188096e-06,0.005688365106580432,0.01974811953596591,2.7271068594103573e-05,0.019720848467371804,0.03298749630028505,5.109237433862302e-05,0.03293640392594643,0.038137962332008904,0.00010481172068287619,0.038033150611326026,2021
2021-01-06,3748.14,0.0013513664285714,1041,0.3274341839622642,0.20594921533923302,0.1983833628318584,0.27344764225352114,0.20435805357142858,0.30943200561907785,0.2235204933331323,0.21332268783625744,424,339,355,56,0.12148496862303118,0.08591151228594557,0.06908958868209256,0.007565852507374626,0.010197805496874851,0.014738221178340893,5.362565192743651e-06,0.01473285861314815,0.01632747657251951,2.679418627173016e-05,0.01630068238624778,0.02761051620692344,5.059267025699008e-05,0.027559923536666447,0.036334198451345084,0.00010443222794751032,0.036229766223397575,2021
2021-01-07,3803.79,0.0013310364285714,1240,0.30200698440979956,0.18744490123456792,0.17682166975308644,0.23874861801242236,0.18159312,0.2842504283868375,0.19258962686341716,0.18015470525809846,449,324,322,50,0.11456208317523164,0.09166080152342035,0.05715549801242237,0.010623231481481477,0.0124349216053187,0.005476865536105689,5.281890589569048e-06,0.00547158364551612,-0.0021712448968748683,2.6137150179515475e-05,-0.0021973820470543837,0.009857167733654222,4.996239203166468e-05,0.009807205341622558,0.028968082402890536,0.00010373270508280872,0.028864349697807726,2021
2021-01-08,3824.68,0.0013268292857142,1249,0.30022636225596533,0.18475794193548387,0.17440018387096773,0.23443771835443036,0.17648259574468084,0.28003377482196345,0.2000875488062445,0.1662999179917905,461,310,316,47,0.11546842032048146,0.07994622601571896,0.057955122609749526,0.010357758064516137,0.03378763081445399,-0.006576373761664375,5.265195578230953e-06,-0.006581638957242605,-0.014864100939574715,2.5578260582009924e-05,-0.014889679200156724,0.0079895842210967,4.925322630982024e-05,0.007940330994786879,0.022377098885026928,0.00010374433154203413,0.022273354553484895,2021
2021-01-11,3799.61,0.0015285457142857,1112,0.31169340852130323,0.19891202865329513,0.19818200573065903,0.26595477966101694,0.1964083392857143,0.297362809877317,0.2131601217891641,0.18966252155631166,399,349,354,56,0.1127813798680081,0.0842026880881529,0.06954644037530264,0.0007300229226361032,0.02349760023285244,0.00041574571696605784,6.065657596371825e-06,0.00040968005936968603,-0.0001842464064003469,2.5039162887376586e-05,-0.0002092855692877235,0.013076012243285879,4.930409187209484e-05,0.013026708151413784,0.02860825310281401,0.0001029074957521627,0.028505345607061847,2021
2021-01-12,3801.19,0.0012143570833333,1114,0.3007146093366093,0.1965551522988506,0.17961483188405797,0.24977199703264097,0.1945073035714286,0.28235739583349523,0.212222174575831,0.17163268394146738,407,348,337,56,0.10415945703775872,0.07013522125766422,0.05526469346121238,0.016940320414792626,0.04058949063436362,0.0022730179027713113,4.8188773148146824e-06,0.0022681990254564965,0.013239376764319345,2.3821305744519445e-05,0.013215555458574824,-0.013353023365728713,4.836481875544048e-05,-0.013401388184484154,0.02985358215069092,0.00010106526219207181,0.02975251688849885,2021
2021-01-13,3809.84,0.0011857933333333,1105,0.29858890024330903,0.18618463739376773,0.17539505413105413,0.24320178048780489,0.18357611320754716,0.2794203428697874,0.20375709095310512,0.1665293894491033,411,353,328,53,0.1124042628495413,0.07566325191668227,0.05962566728025773,0.010789583262713592,0.037227701504001814,-0.0037605002910535887,4.705529100528969e-06,-0.0037652058201541176,0.011283039634403708,2.3798483985259918e-05,0.011259241150418448,-0.0059127063409006655,4.871327683157222e-05,-0.005961419617732238,0.032280485396945835,0.00010046794950310715,0.03218001744744273,2021
2021-01-14,3795.54,0.00119019625,1098,0.30877285643564356,0.19323753868194843,0.18233080802292262,0.2533378348348348,0.19164853703703705,0.3156763440364636,0.1936055208090266,0.1816999983750274,404,349,333,54,0.11553531775369513,0.12207082322743701,0.06168929779779775,0.01090673065902581,0.0119055224339992,-0.007215990506594139,4.7230009920634925e-06,-0.007220713507586202,0.012028412630529148,2.3825241852149205e-05,0.012004587388677,-0.021652612016974958,4.902653667872103e-05,-0.021701638553653677,0.035471548678019306,9.98662696089274e-05,0.035371682408410376,2021
2021-01-15,3768.25,0.0011909766666666,1100,0.31478971614583334,0.1956927134670487,0.19224017478510028,0.26214258181818184,0.19439449019607843,0.2960001611628843,0.20650226963794363,0.20274030437179788,384,349,330,51,0.11909700267878465,0.08949789152494067,0.0677480916221034,0.0034525386819484194,0.0037619652661457503,0.008103480771510008,4.7260978835976194e-06,0.008098754673626411,0.022853685160671416,2.3674965727810313e-05,0.022830010194943604,0.0014876476303374128,4.922570352910278e-05,0.00143842192680831,0.04236708831258475,9.933980489804286e-05,0.042267748507686706,2021
2021-01-19,3798.91,0.0012216457142857,863,0.30794365594855305,0.18920371062271063,0.18842389010989014,0.2574718801498127,0.18648612195121952,0.2919704269254898,0.19045955611899304,0.19673283858870544,311,273,267,41,0.11873994532584242,0.10151087080649676,0.07098575819859318,0.0007798205128204949,-0.006273282469712399,0.013839368887685784,4.847800453514682e-06,0.013834521087232269,0.013260258649686312,2.4264928984718253e-05,0.013235993720701594,0.007186708824476723,4.907291987243016e-05,0.007137635904604293,0.02983802067144757,9.884478262012579e-05,0.029739175888827445,2021
2021-01-20,3851.85,0.0012086059999999,861,0.29785566268656716,0.18139591481481482,0.17468732592592592,0.23976729118773946,0.1766518,0.2814516320753619,0.19835591184396062,0.16601523356189782,335,270,261,40,0.11645974787175234,0.08309572023140127,0.06311549118773946,0.0067085888888888945,0.0323406782820628,0.0003166807728557909,4.7960555555551585e-06,0.0003118847173002357,-0.026592400130048044,2.454351301092103e-05,-0.026616943643058964,-0.005644363737214245,4.8834737290755555e-05,-0.005693198474505,0.014142035201712819,9.814751788089682e-05,0.014043887683831923,2021
2021-01-21,3853.07,0.0011925363157894,1214,0.29576738643067846,0.17904946125461255,0.17041792988929888,0.23657624505928854,0.1753,0.2805532703380146,0.19433766475800293,0.16517069853335942,339,271,253,38,0.11671792517606591,0.08621560558001165,0.061276245059288525,0.008631531365313666,0.029166966224643515,-0.003015127294928243,4.732286967418254e-06,-0.003019859581895661,-0.017195745975304502,2.49147928463123e-05,-0.017220660768150816,0.004833785258868059,4.892329078869801e-05,0.004784861968079361,0.006062451536323576,9.763618221329682e-05,0.005964815354110279,2021
2021-01-22,3841.47,0.0011523266666666,1209,0.29866904204204203,0.18316972,0.17072423791821562,0.237156016,0.1796422105263158,0.27671526196094165,0.20232441508424906,0.1621255471982002,333,275,250,38,0.11549932204204202,0.07439084687669259,0.057513805473684204,0.012445482081784393,0.04019886788604887,0.003609282023548102,4.572724867724603e-06,0.0036047092986803775,-0.03368102464750403,2.520129482657183e-05,-0.0337062259423306,0.011738809539349845,4.9107270723101986e-05,0.011689702268626744,0.010333078250475547,9.757338957694405e-05,0.010235504860898604,2021
2021-01-25,3855.36,0.0013396474074074,1048,0.3027609710610933,0.19025675925925925,0.1893893,0.2566631618705036,0.18702802222222223,0.2858519355020286,0.20123910622205926,0.18495254424765992,311,270,278,45,0.11250421180183404,0.08461282927996933,0.06963513964828136,0.0008674592592592401,0.016286561974399344,-0.0014899457394751568,5.316061140505555e-06,-0.0014952618006156624,-0.02136603753033393,2.5550737801292464e-05,-0.021391588268135222,0.015501632645688011,4.919758818341944e-05,0.015452435057504592,0.01801151150470955,9.773835858677025e-05,0.017913773146122778,2021
2021-01-26,3849.62,0.0012918488888888,1046,0.305211224025974,0.19215032116788322,0.1937931496350365,0.260543302919708,0.1898331395348837,0.2885012321245707,0.20653370889413605,0.18751318326882244,308,274,274,43,0.11306090285809078,0.08196752323043463,0.0707101633848243,-0.0016428284671532734,0.019020525625313617,-0.02601328989204868,5.1263844797174605e-06,-0.026018416276528396,-0.006073549825209578,2.4807990887711904e-05,-0.00609835781609729,0.015877460403405496,4.9175044091708335e-05,0.015828285359313788,-0.005281977546379377,9.714408316055e-05,-0.005379121629539927,2021
2021-01-27,3750.77,0.0013021685185185,1048,0.36918436821705425,0.25860665555555556,0.2541513037037037,0.3356404736842105,0.25739983636363634,0.3550311860590603,0.2753812802764089,0.2529820363828868,258,270,285,55,0.11057771266149868,0.07964990578265141,0.07824063732057418,0.004455351851851863,0.022399243893522103,0.009713334927599454,5.167335390946429e-06,0.009708167592208508,0.020948036392833904,2.4291224279834523e-05,0.02092374516855407,0.0415455307515767,4.8477019400350396e-05,0.04149705373217635,0.015969828627596966,9.669214766042421e-05,0.01587313647993654,2021
2021-01-28,3787.38,0.0012647348148148,1090,0.3570276889632107,0.23657026642335766,0.2298432408759124,0.3186669283387622,0.2359843137254902,0.3440454511372408,0.25527356718881694,0.24414499303312315,299,274,307,51,0.12045742253985303,0.08877188394842384,0.082682614613272,0.006727025547445253,0.011128574155693793,-0.019500405967127862,5.018788947677778e-06,-0.01950542475607554,0.022029531234172436,2.4008497942385714e-05,0.022005522736230052,0.033493270588820304,4.753310804568492e-05,0.03344573748077462,0.029768623781994706,9.632550954838928e-05,0.029672298272446315,2021
2021-01-29,3714.24,0.0012403862962962,1082,0.37814773962264153,0.2636943609022557,0.25441117293233084,0.34421753741496597,0.2624102545454545,0.36356570330831683,0.28109657306661734,0.26352533437722614,265,266,294,55,0.11445337872038586,0.0824691302416995,0.08180728286951144,0.009283187969924833,0.0175712386893912,0.015924269140718334,4.922167842445238e-06,0.01591934697287589,0.04541983418685399,2.3905975896530157e-05,0.04539592821095746,0.05769359770497432,4.6735883723857146e-05,0.057646861821250464,0.04115535843656954,9.576499837848928e-05,0.04105959343819105,2021
2021-02-01,3773.86,0.0011524751851851,1161,0.35913019230769233,0.23259694814814813,0.22649165185185186,0.3148679090909091,0.23193904166666668,0.34124949633381657,0.2480966603173867,0.22932539494258017,312,270,297,48,0.1265332441595442,0.09315283601642987,0.08292886742424244,0.006105296296296275,0.01877126537480653,0.013802541965649213,4.573314226924999e-06,0.013797968651422288,0.036867670176022,2.3646850382126983e-05,0.03684402332563987,0.041199891554276065,4.591756508776111e-05,0.041153973989188304,0.012078771163864329,9.526499606892382e-05,0.011983506167795404,2021
2021-02-02,3826.31,0.0011616237037037,1150,0.33576833933933936,0.20529095636363637,0.20389097454545455,0.28238474305555555,0.20228190000000001,0.31823433476580637,0.22037805937215482,0.20360950701163452,333,275,288,40,0.130477382975703,0.09785627539365155,0.08010284305555554,0.0013999818181818224,0.0167685523605203,0.0010082963259948519,4.60961787184008e-06,0.0010036867081230118,0.02195101022861496,2.436705320399643e-05,0.021926643175410963,0.02707689871659809,4.5540787142015076e-05,0.027031357929456074,-0.015231808761867279,9.525271925696467e-05,-0.015327061481124244,2021
2021-02-03,3830.17,0.0012309214814814,1130,0.3171656666666666,0.19493570545454544,0.1864448109090909,0.2586197662835249,0.19103246153846154,0.29859093820155547,0.20626432610102202,0.18835966122890854,336,275,261,39,0.12222996121212118,0.09232661210053345,0.06758730474506336,0.008490894545454541,0.01790466487211348,0.010794829768938023,4.884609053497619e-06,0.010789945159884526,0.02059749435874275,2.4185795120515873e-05,0.020573308563622234,0.021643015520976232,4.516224487585556e-05,0.021597853276100375,0.0030682587277218367,9.508231567083888e-05,0.0029731764120509976,2021
2021-02-04,3871.74,0.0012388992592592,1268,0.30370597290640394,0.17332982847896442,0.18467049838187702,0.24411504761904762,0.1699463488372093,0.28734106139369625,0.1841799582651493,0.18312161725069198,406,309,294,43,0.13037614442743953,0.10316110312854695,0.07416869878183832,-0.011340669902912603,0.0010583410144573147,0.0038898969855535024,4.916266901822222e-06,0.0038849807186516804,0.011463739354647862,2.3524610103299208e-05,0.011440214744544562,0.008991569169988969,4.4428171536643656e-05,0.008947140998452325,-0.013100255071757426,9.470429391892856e-05,-0.013194959365676355,2021
2021-02-05,3886.83,0.0011750866666666,1260,0.29764476328502415,0.17316870915032678,0.17173975816993464,0.23436794736842106,0.16923563414634146,0.280844418464321,0.18445551213616188,0.17154536817190558,414,306,285,41,0.12447605413469737,0.09638890632815914,0.0651323132220796,0.0014289509803921407,0.012910143964256299,0.007372105129886368,4.663042328042064e-06,0.007367442087558325,0.012273763518120451,2.2829907827326985e-05,0.012250933610293124,-0.002661230708097994,4.3796624522776584e-05,-0.0027050273326207704,-0.002934710638697651,9.380774097213253e-05,-0.0030285183796697835,2021
2021-02-08,3915.59,0.0013339662962962,1117,0.29875845619335345,0.16936513503649636,0.1824558722627737,0.24285288549618322,0.16580144444444445,0.2846845336033933,0.18148456518713654,0.18122772567000095,331,274,262,36,0.1293933211568571,0.10319996841625675,0.07705144105173878,-0.01309073722627735,0.00025683951713559305,-0.0011141179817578345,5.293517048794444e-06,-0.0011194114988066289,0.004332221378253962,2.2270714705634127e-05,0.004309950663548327,-0.008777836418760713,4.38030765258e-05,-0.008821639495286512,-0.004294642145470956,9.319997642186826e-05,-0.004387842121892824,2021
2021-02-09,3911.23,0.0011159466666666,1142,0.3001850690690691,0.1773621811594203,0.1772189420289855,0.24299331274131275,0.17516634210526316,0.28450260803103633,0.19199496096415258,0.1809126428395071,333,276,259,38,0.12282288790964882,0.09250764706688375,0.06782697063604959,0.0001432391304347913,0.011082318124645496,-0.0003452195438772965,4.428359788359524e-06,-0.00034964790366565605,0.005125888487982922,2.117373393801865e-05,0.005104714754044903,0.0036239968407793715,4.324725335455635e-05,0.003580749587424815,0.007161294054566213,9.18758343730738e-05,0.007069418220193139,2021
2021-02-10,3909.88,0.0010643028571428,1140,0.30638940606060605,0.17887359139784947,0.18350711111111112,0.2480366186770428,0.1762011842105263,0.28980454180224824,0.1930919055650742,0.183084406156538,330,279,257,38,0.12751581466275658,0.09671263623717405,0.0718354344665165,-0.004633519713261647,0.01000749940853618,0.0016610747648429303,4.223424036280952e-06,0.0016568513408066494,0.0010455211622334107,2.097644975533968e-05,0.001024544712478071,-0.020814218405907362,4.3540679280482144e-05,-0.020857759085187843,0.00852139694860602,9.134967035190991e-05,0.00843004727825411,2021
2021-02-11,3916.38,0.0010638342857142,1278,0.2969203973684211,0.17614293146417448,0.17586723052959502,0.24076514046822742,0.1739512142857143,0.27664046041540236,0.1876180369970169,0.17661522311577177,380,321,299,42,0.1207774659042466,0.08902242341838545,0.06681392618251311,0.0002757009345794592,0.011002813881245133,0.004699921149026049,4.2215646258499995e-06,0.004695699584400199,-0.0024721701846587185,2.0903561433344445e-05,-0.002493073746092063,-0.027236776888822586,4.399170422379285e-05,-0.02728076859304638,0.013331298774619705,9.128668282356548e-05,0.013240012091796139,2021
2021-02-12,3934.83,0.00103417,1276,0.2878564833759591,0.16838029062499998,0.16343859375,0.22588292631578946,0.16593285714285713,0.2709132258403672,0.18065039959629037,0.16412409537966438,391,320,285,42,0.11947619275095911,0.09026282624407683,0.05995006917293233,0.0049416968749999846,0.016526304216625987,-0.000569437009979914,4.103849206349207e-06,-0.0005735408591862632,-0.014934994226218287,2.0966716695449602e-05,-0.014955960942913737,-0.008424567955851682,4.4570836876854364e-05,-0.008469138792728537,0.007060455741446759,9.121033645168372e-05,0.0069692454049950755,2021
2021-02-16,3932.59,0.0010575271428571,1111,0.2938631233766234,0.1772157913669065,0.17073774100719424,0.23920553256704982,0.17407558974358975,0.27630474162059393,0.18204268351541164,0.17852747734980376,308,278,261,39,0.11664733200971691,0.09426205810518229,0.06512994282346007,0.006478050359712245,0.0035152061656078815,-0.0003204508720288016,4.196536281178968e-06,-0.00032464740830998056,-0.013110057797014803,2.1532361820165876e-05,-0.013131590158834968,-0.015968802258424734,4.492526544828294e-05,-0.016013727523873016,0.010505098056404243,9.118397567126032e-05,0.010413914080732983,2021
2021-02-17,3931.33,0.0010662310526315,1122,0.29512713770491805,0.17394576868327402,0.16972282206405695,0.23725082490272373,0.17074172972972973,0.27734292511923453,0.18633298839127546,0.17255162791541115,305,281,257,37,0.12118136902164403,0.09100993672795907,0.066509095172994,0.004222946619217072,0.013781360475864313,-0.00442558686962702,4.231075605680556e-06,-0.004429817945232701,-0.001501891647203695,2.2073519416537698e-05,-0.0015239651666202325,-0.028800669518382997,4.515089469998373e-05,-0.028845820413082982,-0.0040449716733769545,9.113471452235635e-05,-0.004136106387899311,2021
2021-02-18,3913.97,0.001045935,1295,0.30376858843537413,0.18208126428571428,0.17764486785714287,0.2465191698841699,0.1787245789473684,0.28450536866611537,0.1963446542705436,0.18075087617579186,294,280,259,38,0.12168732414965985,0.08816071439557177,0.06779459093680149,0.00443639642857141,0.015593778094751737,-0.0018566165820490526,4.1505357142857144e-06,-0.0018607671177633383,-0.021859739568140735,2.256422952514246e-05,-0.021882303797665877,-0.03788312060883821,4.5480856509269046e-05,-0.037928601465347475,-0.0002223054102194124,9.092708137699326e-05,-0.00031323249159640566,2021
2021-02-19,3906.71,0.0010797494117647,1280,0.2998336609589041,0.17450226785714287,0.17391191785714286,0.24248906374501994,0.17283656756756757,0.2806926310502076,0.19156144058362615,0.1759620982286345,292,280,251,37,0.12533139310176125,0.08913119046658144,0.06965249617745237,0.0005903500000000172,0.015599342354991635,-0.007762902892533376,4.284719887955159e-06,-0.007767187612421331,-0.024764606704163816,2.308814279044841e-05,-0.024787694846954263,-0.016718140211205167,4.576953508069762e-05,-0.016763909746285863,0.008634870722483921,9.068213428704603e-05,0.008544188588196874,2021
2021-02-22,3876.5,0.0011767125714285,994,0.3017399777777778,0.19463100990099008,0.18655977227722773,0.2592302962962963,0.19235386666666668,0.28805746225639883,0.19890825242071308,0.20083952809423322,180,202,189,30,0.1071089678767877,0.08914920983568575,0.06687642962962961,0.008071237623762356,-0.0019312756735201386,0.0012554994192235645,4.6694943310654754e-06,0.001250829924892499,0.006510426270366489,2.360412018140476e-05,0.006486822150185085,-0.014328921349213077,4.599140249432976e-05,-0.014374912751707406,0.008737672805067974,9.078710827664166e-05,0.008646885696791333,2021
2021-02-23,3881.37,0.0011938988571428,1010,0.295402688172043,0.19228856650246307,0.17969829064039408,0.25116127272727273,0.1893792,0.28091947144623614,0.20685327629653424,0.1801900500377693,186,203,187,30,0.10311412166957995,0.07406619514970189,0.061782072727272735,0.012590275862068984,0.026663226258764938,0.011287715277782164,4.7376938775507934e-06,0.011282977583904613,-0.002858744461409924,2.3392903628117064e-05,-0.002882137365038041,-0.0015289793498233786,4.5341622118290475e-05,-0.001574320971941669,0.0019998694010203307,9.0524286281177e-05,0.0019093451147391537,2021
2021-02-24,3925.43,0.0011898899999999,1091,0.2865047401960784,0.1765022772277228,0.17164965346534652,0.23638286486486484,0.17107907407407408,0.2747771671208517,0.18556045115024195,0.17352737675551597,204,202,185,27,0.11000246296835561,0.08921671597060976,0.06530379079079077,0.004852623762376274,0.012033074394725979,-0.024783434790564104,4.721785714285317e-06,-0.02478815657627839,-0.027298777871179358,2.3077375283446032e-05,-0.027321855246462804,-0.006804521004492484,4.4659206018517466e-05,-0.006849180210511001,-0.00406129506083508,9.027807766439681e-05,-0.004151573138499477,2021
2021-02-25,3829.34,0.0011779611428571,1138,0.35542477472527473,0.23903576999999998,0.22514515,0.30841288481675394,0.23859699999999998,0.34048170236264325,0.24119858843144448,0.2355247881314307,182,200,191,35,0.11638900472527475,0.09928311393119876,0.06981588481675396,0.013890619999999992,0.0056738003000137704,-0.004761483718072275,4.6744489795916665e-06,-0.004766158167051867,-0.016023381040697518,2.2916626984126586e-05,-0.016046297667681644,0.028320732004350868,4.390679530423214e-05,0.028276825209046636,0.0372165535560821,8.992890532879603e-05,0.03712662465075331,2021
2021-02-26,3811.15,0.0012097757142857,1154,0.333819893258427,0.2342121313131313,0.1995677857142857,0.2810222057142857,0.23386911764705884,0.31911294077625,0.2346796386763292,0.2128055506617785,178,198,175,34,0.09960776194529569,0.08443330209992081,0.04715308806722687,0.03464434559884558,0.021874088014550708,0.023512130081996933,4.8006972789115075e-06,0.023507329384718022,0.008046466492958593,2.2681392290249206e-05,0.008023785100668344,0.034097099072585665,4.313454209183611e-05,0.03405396453049383,0.0411096353433296,8.95494846938754e-05,0.04102008585863572,2021
2021-03-01,3901.82,0.001123486,1182,0.3104442005899705,0.18082454642857143,0.1880373,0.25863012543554004,0.178543225,0.29432165393756615,0.19476792784847277,0.18869205131630998,339,280,287,40,0.1296196541613991,0.09955372608909338,0.08008690043554004,-0.0072127535714285596,0.006075876532162794,-0.008113671312552936,4.458277777777777e-06,-0.008118129590330713,-0.020839347619579625,2.2387282312924998e-05,-0.02086173490189255,0.017055945581445384,4.2494281320861114e-05,0.017013451300124525,0.014434685649451079,8.895540873015636e-05,0.014345730240720923,2021
2021-03-02,3870.29,0.0011143857142857,1178,0.31553219938650306,0.20030427436823106,0.187993321299639,0.2651085979020979,0.19776246341463416,0.29790708371192104,0.2141629571861577,0.18737818495464942,326,277,286,41,0.115227925018272,0.08374412652576335,0.06734613448746374,0.012310953068592062,0.02678477223150827,-0.013152318131987126,4.422165532879762e-06,-0.013156740297520005,0.0013297651115865288,2.194871849017341e-05,0.0013078163930963554,0.02359869500985124,4.218122179705159e-05,0.02355651378805419,0.026164349927998928,8.88835255102016e-05,0.026075466402488725,2021
2021-03-03,3819.72,0.0011493814285714,1180,0.3299728476821192,0.21916176534296028,0.20706619494584835,0.28401559233449475,0.21756452173913043,0.3119272990140758,0.23448320387367474,0.20577247911301536,302,277,287,46,0.11081108233915893,0.07744409514040104,0.06645107059536431,0.012095570397111927,0.02871072476065939,-0.013508037960082262,4.561037414965873e-06,-0.013512598997497228,0.020494256866686964,2.1581830735071427e-05,0.020472675035951893,0.039626218446816026,4.183654469009762e-05,0.03958438190212593,0.05107244229687434,8.876075340135794e-05,0.050983681543472985,2021
2021-03-04,3768.47,0.001118682,1319,0.3467187701863354,0.2304682523961661,0.2324196389776358,0.3060362324159021,0.2303715,0.32815507963343077,0.23225491069055781,0.24379828730621164,322,313,327,56,0.11625051779016929,0.09590016894287295,0.0756647324159021,-0.0019513865814696774,-0.011543376615653828,0.019308363815583877,4.439214285714286e-06,0.019303924601298164,0.04434411304504847,2.0990168320105555e-05,0.04432312287672836,0.038263735805088184,4.1422782407406744e-05,0.038222313022680775,0.07891551872412282,8.84041377550992e-05,0.07882711458636772,2021
2021-03-05,3841.94,0.00113566,1310,0.3225142569832402,0.2028942298136646,0.20010933229813663,0.2726354329268293,0.20005331999999998,0.30506514388609024,0.21349468180578013,0.19981803901425674,358,322,328,50,0.11962002716957562,0.09157046208031011,0.07258211292682931,0.002784897515527962,0.013676642791523391,-0.005373684030541239,4.506587301587301e-06,-0.005378190617842826,0.02605063257962707,2.0453149801586905e-05,0.02603017942982548,0.018352451383034898,4.100701058200993e-05,0.018311444372452888,0.058633142797457266,8.839346513605159e-05,0.05854474933232121,2021
2021-03-08,3821.35,0.0010129679166666,1128,0.320944375,0.22172682352941178,0.20086995220588233,0.2799350348432056,0.2192512391304348,0.3111464210200822,0.22040555839097464,0.2039697615771369,288,272,287,46,0.09921755147058822,0.09074086262910758,0.0606837957127708,0.020856871323529452,0.01643579681383775,0.014055441418613446,4.019713955026191e-06,0.01405142170465842,0.03789529320102515,2.0106999007936112e-05,0.037875186202017214,0.030726694964230257,4.040601190476111e-05,0.030686288952325495,0.06548097011135387,8.857657596371588e-05,0.06539239353539016,2021
2021-03-09,3875.44,0.00102193,1120,0.3090612628205128,0.20159669776119404,0.1944912126865672,0.2630518417266187,0.19792933333333332,0.29337367325160996,0.2101834341314546,0.1967645493173033,312,268,278,42,0.10746456505931878,0.08319023912015536,0.0651225083932854,0.007105485074626855,0.013418884814151294,0.006012173623113212,4.055277777777778e-06,0.0060081183453354345,0.02226892989826469,2.0232503306878175e-05,0.022248697394957814,0.009011152735667697,4.0775991827285715e-05,0.008970376743840412,0.05563728673354787,8.924976592025396e-05,0.05554803696762761,2021
2021-03-10,3898.81,0.0010002825,1097,0.3034691661538461,0.19316726119402983,0.1840161567164179,0.2498024962406015,0.188257725,0.28403784734216886,0.2028439371679417,0.18418876405338214,325,268,266,40,0.11030190495981629,0.08119391017422717,0.06154477124060151,0.009151104477611915,0.018655173114559553,0.010341818218279307,3.9693750000000004e-06,0.010337848843279308,0.019131961580129225,2.025471395502619e-05,0.019111706866174197,-0.0024833248722693725,4.1127386385108724e-05,-0.002524452258654481,0.057315429482990184,8.985465679326985e-05,0.05722557482619691,2021
2021-03-11,3939.34,0.0009833533333333,1273,0.29651428132992325,0.1809140766773163,0.18019703833865816,0.2406408409090909,0.1767276739130435,0.2803619515562995,0.19162230427989252,0.17877486932948922,391,313,308,46,0.11560020465260695,0.08873964727640699,0.0639131669960474,0.0007170383386581325,0.012847434950403303,0.0010148833501624158,3.902195767195635e-06,0.0010109811543952201,-0.00608037723996021,2.043261408730119e-05,-0.006100809854047511,-0.007598592274621913,4.1649496645879364e-05,-0.0076402417712677926,0.04677740910803777,9.057890140778214e-05,0.04668683020662999,2021
2021-03-12,3943.34,0.00104843,1057,0.2813357275747508,0.18134528205128206,0.17247662820512819,0.23101849173553718,0.17691194736842106,0.2697678163460365,0.19026724557807748,0.17064692673015872,301,234,242,38,0.09999044552346872,0.07950057076795905,0.05410654436711612,0.008868653846153873,0.01962031884791876,0.006470976590856805,4.160436507936508e-06,0.006466816154348869,-0.007698181196592032,2.055386078042302e-05,-0.007718735057372455,0.007880938201568674,4.211991425736826e-05,0.007838818287311306,0.04905169213902058,9.090090681380913e-05,0.04896079123220677,2021
2021-03-15,3968.94,0.001044595,1119,0.2776238925373134,0.16879418819188194,0.16540012915129151,0.22069262109375,0.16380572972972973,0.2671054333980481,0.177676385824167,0.16425001647640097,335,271,256,37,0.10882970434543146,0.08942904757388109,0.05688689136402028,0.0033940590405904247,0.013426369347766032,-0.0015709218841469892,4.145218253968254e-06,-0.0015750671024009574,-0.007168598236794756,2.0299012896825e-05,-0.00718889724969158,0.0005415596798872427,4.2254506094102775e-05,0.0004993051737931399,0.03848453561846692,9.101245270752857e-05,0.03839352316575939,2021
2021-03-16,3962.71,0.0010275270833333,1145,0.2797419668674699,0.172483,0.16110716842105263,0.2210077865612648,0.16832910256410258,0.2678471769997002,0.1855880425022163,0.15866398414684435,332,285,253,39,0.10725896686746988,0.08225913449748387,0.05267868399716222,0.011375831578947365,0.026924058355371955,0.002875205304977583,4.077488425925794e-06,0.0028711278165516572,-0.013257777162597174,2.054348852040754e-05,-0.013278320651117581,-0.0010503380478474333,4.231590915532698e-05,-0.0010926539570027603,0.0510886155187682,9.116564370131707e-05,0.05099744987506688,2021
2021-03-17,3974.12,0.0010451133333333,1132,0.27346225958702064,0.16285164285714288,0.1575362,0.2114779201680672,0.1580418611111111,0.26181025970349286,0.173159349559831,0.15564239963853777,339,280,238,36,0.11061061672987776,0.08865091014366186,0.053436059056956114,0.005315442857142888,0.01751694992129324,-0.014870520601810135,4.147275132275e-06,-0.01487466787694241,-0.02161528645239862,2.087267243008254e-05,-0.0216361591248287,-0.000309550386830219,4.2624815287224203e-05,-0.0003521752021174432,0.05181566354033042,9.127937680748214e-05,0.051724384163522936,2021
2021-03-18,3915.46,0.0010139075,1139,0.2899517875816993,0.18360771578947369,0.16870581052631578,0.231846956,0.18047052631578947,0.2751423971385562,0.18987804991969454,0.17720049973423146,306,285,250,38,0.10634407179222563,0.08526434721886167,0.05137642968421052,0.014901905263157905,0.012677550185463071,-0.0006029206064693933,4.02344246031746e-06,-0.0006069440489297108,-0.0015182150346616634,2.1216882558578175e-05,-0.0015394319172202416,0.026316744451868414,4.277693357898532e-05,0.026273967518289428,0.06136560187526441,9.135341982565557e-05,0.06127424845543875,2021
2021-03-19,3913.1,0.0009842083333333,1134,0.28325995424836603,0.17233018861209964,0.16402821352313168,0.22436964556962027,0.16843685714285714,0.2693094804250122,0.18625448923330212,0.162779514576136,306,281,237,35,0.11092976563626639,0.08305499119171006,0.055932788426763136,0.008301975088967961,0.023474974657166137,0.0070005595506540804,3.905588624338493e-06,0.006996653962029742,0.015579119398160878,2.1566053476945237e-05,0.015557553344683932,0.041254703525504074,4.2957912887374996e-05,0.0412117456126167,0.05514291935102595,9.162107713858055e-05,0.05505129827388737,2021
2021-03-22,3940.59,0.0011062028571428,920,0.26736774468085106,0.15999496585365855,0.15249969268292682,0.2070165029239766,0.15522988,0.25502313941471366,0.1721908010625547,0.15121996579741387,235,205,171,25,0.10737277882719251,0.08283233835215897,0.05178662292397662,0.007495273170731731,0.02097083526514082,-0.007660100809949314,4.3896938775507936e-06,-0.007664490503826864,0.007710157916681848,2.195549319727778e-05,0.00768820242348457,0.03328013186376806,4.348086592970317e-05,0.03323665099783836,0.057405385269485285,9.180827819678176e-05,0.0573135769912885,2021
2021-03-23,3910.52,0.0011104814285714,920,0.2820890625,0.16832104390243902,0.16596740975609756,0.22525965921787708,0.1654273076923077,0.2665732820024453,0.18378852848225502,0.16388775331430216,224,205,179,26,0.11376801859756097,0.08278475352019027,0.05983235152556937,0.00235363414634146,0.019900775167952856,-0.005482303984823847,4.4066723356007935e-06,-0.005486710657159447,0.012207439114749648,2.1772420634919444e-05,0.012185666694114729,0.04241437595707309,4.3780870181403975e-05,0.042370595086891685,0.05581213422264153,9.154196360076785e-05,0.05572059225904076,2021
2021-03-24,3889.14,0.0011318542857142,920,0.28502025688073396,0.17898358620689656,0.16386672906403943,0.22800185875706216,0.17638244444444443,0.2719188846608293,0.19503659504302845,0.1621856530263634,218,203,177,27,0.1060366706738374,0.07688228961780086,0.05161941431261774,0.015116857142857126,0.03285094201666505,0.005226550815926714,4.491485260770635e-06,0.005222059330665944,0.02130573606556845,2.1752142857141665e-05,0.021283983922711306,0.052108437982704,4.406710175736746e-05,0.052064370880946634,0.07216386206900746,9.114275158262738e-05,0.07207271931742483,2021
2021-03-25,3909.52,0.0011018985714285,1054,0.27450268301886793,0.169565744,0.156333388,0.21507145714285714,0.16591571875,0.2610081850749229,0.18386780472375708,0.1565829190844134,265,250,210,32,0.10493693901886794,0.07714038035116583,0.04915573839285714,0.013232356,0.02728488563934367,0.016494413826353246,4.372613378684524e-06,0.016490041212974562,0.02783495948653007,2.1560051020407144e-05,0.027813399435509662,0.054572203539332904,4.4235785147390475e-05,0.054527967754185516,0.06871794914395925,9.071167015005438e-05,0.0686272374738092,2021
2021-03-26,3974.54,0.0010823471428571,1049,0.27038933220338984,0.149783987654321,0.15713768724279836,0.20656036893203886,0.14452537931034481,0.2578183017515667,0.1623538083204197,0.15400746306847668,295,243,206,29,0.12060534454906885,0.09546449343114702,0.06203498962169404,-0.007353699588477369,0.008346345251943027,-0.0008684019308247895,4.295028344671032e-06,-0.0008726969591694605,0.025675584127343224,2.1391859410429763e-05,0.025654192267932793,0.03788158755630648,4.455679138321825e-05,0.037837030764923264,0.05200859300490702,9.112395473055318e-05,0.05191746905017647,2021
2021-03-29,3971.09,0.0010600685714285,1128,0.28262609111617315,0.16817418644067797,0.16342829378531074,0.22386427164179104,0.16248325531914895,0.2724594134501884,0.18157008995588503,0.16016479671373723,439,354,335,47,0.11445190467549518,0.0908893234943034,0.06138101632264209,0.004745892655367234,0.021405293242147794,-0.0031628196118815713,4.20662131519246e-06,-0.003167026233196764,0.025569973947086332,2.1525372732425397e-05,0.025548448574353906,0.04203915586827668,4.448596421176985e-05,0.04199466990406491,0.052031106642901406,9.161039463985e-05,0.05193949624826156,2021
2021-03-30,3958.55,0.0011053714285714,1125,0.2762419794050343,0.1527440994475138,0.16526080110497238,0.21800232907348244,0.150558,0.262449560937765,0.16504222927622467,0.16498542128219568,437,362,313,45,0.12349787995752051,0.09740733166154034,0.06744432907348244,-0.012516701657458579,5.680799402899006e-05,0.003615992965994899,4.386394557823016e-06,0.003611606571437076,0.030206936842323354,2.2008449546484524e-05,0.03018492839277687,0.041105795550461156,4.455132529823334e-05,0.04106124422516292,0.06193395879849133,9.211549951513373e-05,0.0618418432989762,2021
2021-03-31,3972.89,0.0010834471428571,1122,0.26604878132118454,0.16863156438356167,0.14461239473684212,0.20042236551724138,0.16286852173913044,0.2542549287041538,0.16884380889601566,0.14976523838916672,439,365,290,46,0.09741721693762287,0.08541111980813812,0.03755384377811094,0.024019169646719546,0.01907857050684894,0.01175577423688851,4.299393424036111e-06,0.011751474843464475,0.03080270191713562,2.2314958900225794e-05,0.030780386958235394,0.04852296060062062,4.4463339988167066e-05,0.048478497260632455,0.05109732211429392,9.237687848338769e-05,0.051004945235810534,2021
2021-04-01,4019.87,0.0010595142857142,1253,0.2595474093816631,0.14630512465373963,0.1405839916897507,0.18780737591240876,0.139286725,0.2455366039036044,0.14363690560248846,0.14444305098997548,469,361,274,40,0.11324228472792347,0.10189969830111595,0.04852065091240876,0.005721132963988934,-0.0008061453874870228,0.014335038467166317,4.204421768707143e-06,0.01433083404539761,0.02673724405280272,2.2675734126983334e-05,0.026714568318675736,0.04036943969027215,4.435516809622182e-05,0.04032508452217593,0.042085813574446254,9.260098846071191e-05,0.04199321258598554,2021
2021-04-05,4077.91,0.0011159925,1137,0.2605297280334728,0.14906807386363635,0.14778439488636363,0.19162179124579126,0.14169355813953488,0.2477694519284143,0.15950056051582895,0.14293040328677636,478,352,297,43,0.11146165416983644,0.08826889141258534,0.04992823310625638,0.0012836789772727175,0.016570157229052584,-0.0009740121110818412,4.428541666666667e-06,-0.000978440652748508,0.012206003428963245,2.316493197278849e-05,0.012182838496990457,0.02071381895622989,4.437206447796309e-05,0.020669446891751927,0.021050037366874524,9.268024016139247e-05,0.020957357126713132,2021
2021-04-06,4073.94,0.0011818039285714,1182,0.2650249125,0.14794801092896176,0.14922495081967213,0.19642419798657718,0.14270028571428572,0.24861094383918997,0.1596511350264832,0.14630937317653664,480,366,298,42,0.11707690157103823,0.08895980881270676,0.05372391227229145,-0.0012769398907103713,0.013341761849946565,0.0014741432833555816,4.689698129251587e-06,0.00146945358522633,0.01646918192119038,2.2960591479344446e-05,0.016446221329711037,0.014862227936603788,4.423462258453889e-05,0.01481799331401925,0.022727340934830448,9.274809163531507e-05,0.022634592843195134,2021
2021-04-07,4079.95,0.0011826117857142,1174,0.25974086749482406,0.1440056978021978,0.14142072802197803,0.18729776595744682,0.13814021951219513,0.24271065388387153,0.15759937970461585,0.13405059703949412,483,364,282,41,0.11573516969262626,0.08511127417925568,0.04915754644525169,0.00258496978021977,0.023548782665121726,0.0042117580408072355,4.692903911564286e-06,0.004207065136895671,0.010898858708137824,2.254287575174881e-05,0.010876315832386074,0.02265111012236172,4.363771413782699e-05,0.022607472408223892,0.02938543176738695,9.241449186207223e-05,0.02929301727552488,2021
2021-04-08,4097.17,0.0011743625,1320,0.25860460655737705,0.1436400785907859,0.14123546612466126,0.1858784981818182,0.137313675,0.24119249763018014,0.15940064893523534,0.13304840439662263,488,369,275,40,0.11496452796659115,0.0817918486949448,0.048564823181818206,0.0024046124661246393,0.026352244538612707,0.007690316372555687,4.660168650793651e-06,0.007685656203904893,0.017720258683485004,2.214838108794127e-05,0.017698110302397062,0.00918600022476143,4.30681895077996e-05,0.00914293203525363,0.032519969964391625,9.181507859676628e-05,0.03242815488579486,2021
2021-04-09,4128.8,0.0011827921428571,1310,0.2583246553784861,0.14297966480446928,0.1406834525139665,0.18306375555555554,0.1361383,0.24269577965155548,0.15684825990832962,0.13388455377500463,502,358,270,40,0.11534499057401681,0.08584751974322585,0.04692545555555555,0.0022962122905027804,0.02296370613332499,-0.00019620215667317165,4.693619614512302e-06,-0.00020089577628768394,0.013632195637469313,2.167943396923849e-05,0.013610516203500074,0.012365107713747688,4.241548117446627e-05,0.01232269223257322,0.014339154192809603,9.114505592102897e-05,0.014248009136888574,2021
2021-04-12,4127.99,0.0010644986956521,1098,0.250509911308204,0.14884262568306011,0.14082777260273974,0.18865515151515153,0.14295193333333334,0.23750312703963222,0.16184290398064702,0.13450250935224384,451,366,297,45,0.10166728562514388,0.0756602230589852,0.04570321818181819,0.008014853080320378,0.02734039462840318,0.003289166381145364,4.224201173222619e-06,0.0032849421799721413,0.008507815527266554,2.1207132505174603e-05,0.00848660839476138,0.01434194776129972,4.1782265388151593e-05,0.014300165495911569,0.005823624656266905,9.0131595036675e-05,0.00573349306123023,2021
2021-04-13,4141.59,0.0010765395652173,1127,0.25016524675324675,0.14528857681940702,0.14150192991913746,0.18550633333333333,0.13964376744186047,0.2361370140174167,0.15576313850156379,0.13744829570776343,462,371,291,43,0.10487666993383973,0.08037387551585293,0.04586256589147286,0.003786646900269558,0.018314842793800357,-0.004096179929697001,4.271982401655952e-06,-0.004100451912098657,-0.0016069539845867144,2.1274031105194446e-05,-0.001628228015691909,0.010837839067455175,4.23429621741123e-05,0.010795496105281063,-0.019148310177562956,8.941514683964286e-05,-0.0192377253244026,2021
2021-04-14,4124.66,0.0010831991304347,1120,0.2580840087912088,0.14714093139841689,0.14328922427440632,0.1921544470989761,0.1426344090909091,0.24427050596000185,0.16249721431823436,0.13581432608336275,455,379,293,44,0.11094307739279191,0.0817732916417675,0.04952003800806701,0.0038517071240105616,0.02668288823487161,0.011033158016154329,4.2984092477567456e-06,0.011028859606906572,0.011752251414223687,2.1094838386078174e-05,0.011731156575837608,0.014088130704321912,4.2852448026424204e-05,0.014045278256295488,-0.002952476055665159,8.874745015227222e-05,-0.0030412235058174314,2021
2021-04-15,4170.42,0.0010561878260869,1144,0.25505206485355647,0.13935199193548387,0.1395417123655914,0.18408954577464787,0.13465738095238095,0.2373829725781778,0.1545626740181497,0.13142180739853554,478,372,284,42,0.1157000729180726,0.08282029856002812,0.04943216482226692,-0.00018972043010753725,0.023140866619614148,0.0036022533265398387,4.191221532090873e-06,0.0035980621050077477,-0.008534258458723739,2.0919808419858333e-05,-0.008555178267143597,0.009795005231875683,4.326576496914365e-05,0.009751739466906538,0.0008221210946410547,8.802293475372182e-05,0.000734098159887333,2021
2021-04-16,4185.47,0.001063772173913,4532,0.2533702903885481,0.14032466576086958,0.13518498347107438,0.18055141155234655,0.1349770731707317,0.23881981634466315,0.1564511864434052,0.1269708793021834,1956,1472,1108,164,0.1130456246276785,0.08236862990125796,0.04557433838161484,0.005139682289795194,0.029480307141221795,-0.005320582266875933,4.221318150448413e-06,-0.005324803585026381,-0.0012670879237216006,2.0736047205227777e-05,-0.0012878239709268283,-0.0010278918128666173,4.372231696312976e-05,-0.001071614129829747,-0.0053133764013013896,8.723052274544048e-05,-0.00540060692404683,2021
2021-04-19,4163.26,0.0010813571428571,914,0.25993517403314914,0.14789816835016836,0.1488870538720539,0.19882184937238495,0.145082,0.2452070386322708,0.16395687807607065,0.14053389734596722,362,297,239,33,0.11203700568298078,0.08125016055620016,0.05373984937238496,-0.0009888855218855297,0.023422980730103432,-0.006825603130708005,4.291099773242461e-06,-0.006829894230481247,0.005834132234033036,2.0575132882976987e-05,0.005813557101150058,0.007036956151050085,4.4024502214041665e-05,0.006992931648836044,-0.008546576062263583,8.663009461766746e-05,-0.00863320615688125,2021
2021-04-20,4134.94,0.001031383,911,0.26718135816618915,0.16015565551839464,0.15261836486486485,0.20849575308641974,0.15795072972972973,0.25104190975923724,0.1766306929727788,0.14641095845843072,349,299,243,37,0.10702570264779451,0.07441121678645843,0.050545023356690005,0.007537290653529788,0.03021973451434809,0.00926302546911355,4.0927896825396825e-06,0.009258932679431009,0.012444793052041974,2.106893106891786e-05,0.012423724120973057,0.007161821541352633,4.40170759101869e-05,0.007117804465442447,-0.004668748526659413,8.599762381267896e-05,-0.004754746150472091,2021
2021-04-21,4173.42,0.0010390915789473,912,0.25944665753424656,0.14546102333333333,0.14654698000000002,0.19378096069868994,0.14193663636363635,0.2448428487303436,0.16248655390188854,0.13736592000272752,365,300,229,33,0.11398563420091323,0.08235629482845505,0.05184432433505359,-0.001085956666666693,0.025120633899161027,-0.009253351856793159,4.123379281536905e-06,-0.009257475236074696,0.0023358792900980757,2.175760964034603e-05,0.00231412168045773,-0.0013979124708867168,4.4420679368236504e-05,-0.0014423331502549533,-0.0034323301271620963,0.00013069908016188493,-0.0035630292073239814,2021
2021-04-22,4134.98,0.00100988,1248,0.27132844985673354,0.1597092441471572,0.15667873578595318,0.21066164135021095,0.15791521621621624,0.25286880798034683,0.17566692708911824,0.15318171519614554,349,299,237,37,0.11161920570957634,0.07720188089122859,0.05274642513399472,0.0030305083612040262,0.0224852118929727,0.010869423861541933,4.007460317460317e-06,0.010865416401224473,0.018329263690599413,2.2345956549285314e-05,0.01830691773405013,0.01598767350181848,4.465339844270834e-05,0.015943020103375772,0.005036894728234532,0.00012984080670045358,0.004907053921534078,2021
2021-04-23,4180.17,0.0010232217647058,1244,0.2582077628032345,0.14509757094594594,0.1423791385135135,0.1905084418604651,0.14230551515151513,0.24161112189934222,0.16183958309582733,0.13505887706597325,371,296,215,33,0.11311019185728854,0.0797715388035149,0.04820292670894996,0.002718432432432444,0.02678070602985408,0.001780637890878801,4.060403828197619e-06,0.0017765774870506033,0.0002391961108548356,2.2986269757901983e-05,0.00021620984109693361,0.012464545878088219,4.4739428771506344e-05,0.012419806449316713,0.0040299819857477145,0.00012902112649503772,0.003900960859252677,2021
2021-04-26,4187.62,0.0012057942857142,1078,0.2570071842105263,0.1496178355704698,0.15227360738255033,0.20264312648221344,0.1465545,0.24293497153427746,0.16136213460616572,0.14783986030730623,342,298,253,36,0.10738934864005653,0.08157283692811174,0.05608862648221344,-0.002655771812080543,0.013522274298859494,-0.00021494231269923608,4.784897959183333e-06,-0.0002197272106584194,0.0012028239170170706,2.3449369331064682e-05,0.0011793745476860059,0.00019340858818304342,4.4669170918365075e-05,0.00014873941726467835,0.00012178013924261576,0.00012860204126094406,-6.8219020183282975e-06,2021
2021-04-27,4186.72,0.0012049299999999,1166,0.25510773988439306,0.15120984333333332,0.14449972333333333,0.19820967346938775,0.1479021891891892,0.23977533335594003,0.16679907128754415,0.13687482210191734,346,300,245,37,0.10389789655105974,0.07297626206839589,0.050307484280198544,0.006710119999999986,0.029924249185626806,-0.0008458882928303167,4.781468253967857e-06,-0.0008506697610842845,-0.005282971510689235,2.2948144841269046e-05,-0.005305919655530504,-0.008303380792333658,4.356443168934008e-05,-0.008346945224022998,0.002211696164786741,0.00012738338366457224,0.0020843127811221687,2021
2021-04-28,4183.18,0.001187355,1165,0.25610063157894736,0.14749908970099668,0.1463652657807309,0.19769210288065844,0.1446595135135135,0.24053868000965115,0.16512573610206896,0.13742689322025822,342,301,243,37,0.10860154187795068,0.07541294390758219,0.053032589367144944,0.0011338239202657863,0.027698842881810737,0.006740032543708107,4.7117261904761905e-06,0.006735320817517631,-0.003733791760984817,2.2663069727890474e-05,-0.0037564548307127076,-0.029140260952187795,4.22907164115627e-05,-0.029182551668599357,0.004222304300321336,0.0001260596875194476,0.004096244612801888,2021
2021-04-29,4211.47,0.0011712389285714,1167,0.2595559495798319,0.14391711904761906,0.1487476088435374,0.19852404508196722,0.14042111764705884,0.24266776520876593,0.1469293889794547,0.15082818361375297,357,294,244,34,0.11563883053221286,0.09573837622931122,0.058102927434908386,-0.004830489795918352,-0.003898794634298264,-0.007220643718202429,4.647773526076984e-06,-0.007225291491728506,-0.0023415901887809433,2.2307441893423015e-05,-0.0023638976306743663,-0.02378063930369521,4.118327593537183e-05,-0.023821822579630583,-0.0017491371661803768,0.0001247353717598103,-0.0018738725379401871,2021
2021-04-30,4181.17,0.0011399228571428,1169,0.2703686239067056,0.1512595980066445,0.154812073089701,0.20925309960159363,0.14920602941176472,0.2553772183351998,0.1654551122801301,0.14968107857438603,343,301,251,34,0.11910902590006106,0.08992210605506967,0.06004707018982891,-0.0035524750830564777,0.015774033705744067,0.0027442656970409606,4.523503401360317e-06,0.0027397421936396003,0.01222534976723322,2.1753159013604364e-05,0.012203596608219616,-0.0017522404190321297,4.010939625850119e-05,-0.001792349815290631,0.004979009977052679,0.00012333851093214603,0.004855671466120533,2021
2021-05-03,4192.66,0.0010794857142857,1188,0.2739247832369942,0.14699637000000002,0.15294702666666665,0.20535874583333333,0.144130625,0.2542639947561402,0.16497348758154895,0.14481867492835815,346,300,240,32,0.1269284132369942,0.08929050717459125,0.061228120833333316,-0.005950656666666637,0.0201548126531908,-0.006700737740405456,4.283673469387698e-06,-0.0067050214138748435,-0.0010094153288339762,2.12198015873004e-05,-0.0010306351304212767,-0.007029750285475614,3.8984702380950397e-05,-0.007068734987856564,0.0036806147650458587,0.00012201462657840476,0.003558600138467454,2021
2021-05-04,4164.66,0.0011330910714285,1184,0.28209151497005985,0.1589863076923077,0.1597234983277592,0.2160366875,0.1565701142857143,0.2674995346070443,0.16810886065267508,0.1613566754065427,334,299,240,35,0.12310520727775215,0.09939067395436921,0.059466573214285695,-0.0007371906354514957,0.006752185246132386,0.0007032914568740223,4.496393140589286e-06,0.000698795063733433,-0.0030204092816444143,2.0616286848071033e-05,-0.0030410255684924854,-0.008882794472908337,3.832191893423809e-05,-0.008921116391842576,0.006746054006209887,0.00012093090662375595,0.006625123099586131,2021
2021-05-05,4167.59,0.0010977367857142,1185,0.2825846077844311,0.15417423762376237,0.15950974257425743,0.21340516033755272,0.15131526470588236,0.2638030305093735,0.174119141592322,0.151678424751199,334,303,237,34,0.12841037016066875,0.08968388891705148,0.06208989563167036,-0.0053355049504950625,0.022440716841123004,0.008132234115911918,4.3560983560087304e-06,0.00812787801755591,-0.02540646919120304,1.9627646683672226e-05,-0.025426096837886714,-0.012533861524886105,3.748415476190278e-05,-0.012571345679648007,0.014838056901432934,0.0001196194545262504,0.014718437446906684,2021
2021-05-06,4201.62,0.0010315596428571,1326,0.2779719164556962,0.14521478323699422,0.15481031502890172,0.20736433214285716,0.1426382,0.2571492073126546,0.16125356496151838,0.14981975839052167,395,346,280,40,0.13275713321870197,0.09589564235113623,0.06472613214285716,-0.009595531791907502,0.011433806570996713,0.007346296237811824,4.093490646258333e-06,0.0073422027471655655,-0.02143904911491421,1.8875834041948808e-05,-0.021457924948956156,-0.01016665177218729,8.192230243763968e-05,-0.01024857407462493,0.00590879421703836,0.00011838627567137539,0.005790407941366984,2021
2021-05-07,4232.6,0.0010055167857142,1305,0.26690734390243903,0.13934234615384616,0.14039302071005916,0.18948547692307693,0.13351988888888888,0.2524061599293653,0.15715615461073254,0.13251585911174188,410,338,260,36,0.12756499774859287,0.09525000531863279,0.05596558803418805,-0.0010506745562129938,0.02464029549899066,-0.010490499399026396,3.9901459750563494e-06,-0.010494489545001451,-0.013977590186265442,1.8356237244896825e-05,-0.013995946423510338,-0.018297075011395554,8.109391761148691e-05,-0.01837816892900704,-0.0012624324064966295,0.00011738676018039643,-0.001379819166677026,2021
2021-05-10,4188.43,0.0009273999999999,1128,0.2724705472972973,0.15817609602649008,0.15537957947019868,0.21237476859504134,0.15526805714285716,0.25374247631133284,0.17454930949006545,0.15006918525468502,296,302,242,35,0.11429445127080723,0.0791931668212674,0.05710671145218418,0.0027965165562914007,0.02448012423538043,-0.008711731693215893,3.6801587301583333e-06,-0.008715411851946051,-0.006020334956641699,1.7764900793649997e-05,-0.006038099857435348,0.0020559355066858014,8.0291551748475e-05,0.0019756439549373263,0.007402525245717166,0.00011631222324605754,0.007286213022471109,2021
2021-05-11,4152.1,0.00088395375,1129,0.2901810681003584,0.17462407046979866,0.17461778187919463,0.23467717670682733,0.17297280487804878,0.27453115961432634,0.17278348819035552,0.18866049064394558,279,298,249,41,0.11555699763055971,0.10174767142397081,0.061704371828778554,6.288590604031086e-06,-0.015877002453590056,-0.021682768452684537,3.507752976190476e-06,-0.02168627620566073,-0.005862385191263877,1.7705632086167062e-05,-0.005880090823350044,0.008640103244275403,8.025271161242063e-05,0.008559850532662982,0.020755623962015732,0.00011549380709698929,0.020640130154918744,2021
2021-05-12,4063.04,0.0009082799999999,1143,0.3344294977777778,0.22322617966101696,0.21313566101694914,0.28575698387096776,0.222088125,0.3353376841198888,0.23269796177255228,0.21382581576160142,225,295,248,48,0.11120331811676085,0.10263972234733651,0.06366885887096776,0.01009051864406782,0.018872146010950858,0.012099654192200689,3.604285714285317e-06,0.012096049906486404,0.012872607666316906,1.7856508078230556e-05,0.012854751158238675,0.03219784540980497,8.031119899904166e-05,0.03211753421080593,0.04438498660844318,0.00011470176668118491,0.04427028484176199,2021
2021-05-13,4112.5,0.00090062125,1264,0.2994857214765101,0.189947613372093,0.1839301104651163,0.2479652210526316,0.18907188000000003,0.28009859991844116,0.20690588963798112,0.17981854063960517,298,344,285,50,0.10953810810441708,0.07319271028046004,0.05889334105263158,0.006017502906976724,0.02708734899837595,0.01480775516646066,3.573893849206349e-06,0.014804181272611454,0.011272397342726911,6.304646839569088e-05,0.01120935087433122,0.021262911060308417,8.01646853935996e-05,0.021182746374914817,0.034098897956435614,0.00011382105239547103,0.033985076904040144,2021
2021-05-14,4173.85,0.0008565,1239,0.27305954142011835,0.15678641739130433,0.15113733040935673,0.2106073115942029,0.15314871428571428,0.25780060686650774,0.16933406911428597,0.14861159206760854,338,345,276,42,0.11627312402881401,0.08846653775222177,0.057458597308488624,0.005649086981947604,0.02072247704667743,-0.00253324416940257,3.3988095238095237e-06,-0.0025366429789263796,-0.004319484825130171,6.273768036659007e-05,-0.004382222505496761,0.007223746971054325,7.997820197523214e-05,0.007143768769079093,0.017277436679796428,0.00011314143390858333,0.017164295245887844,2021
2021-05-17,4163.29,0.0009124642857142,992,0.27261206493506496,0.16452228735632185,0.16162019923371648,0.2230298371040724,0.16175426470588236,0.2575713755707904,0.1796683580941987,0.15614029554373932,231,261,221,34,0.10808977757874311,0.0779030174765917,0.06127557239819004,0.0029020881226053674,0.02352806255045939,-0.008553781927838235,3.620890022675397e-06,-0.00855740281786091,0.008076270463327548,6.2526650954825e-05,0.008013743812372723,0.009264494565487348,7.983030514983532e-05,0.009184664260337512,0.014405894065905998,0.00011288733625502897,0.014293006729650969,2021
2021-05-18,4127.83,0.0009219745,990,0.27958881690140847,0.1769287251908397,0.16606622568093385,0.2291120704225352,0.17524272222222223,0.2680303187915774,0.19207776335599902,0.16282722229538024,213,262,213,36,0.10266009171056878,0.07595255543557838,0.05386934820031297,0.010862499509905837,0.02925054106061878,-0.0029477755951036366,3.658628968253968e-06,-0.0029514342240718906,0.01450248843553941,6.254707952625357e-05,0.014439941356013156,0.01926414697835975,7.940903417477897e-05,0.01918473794418497,0.022523944075644526,0.00011235764188452738,0.022411586433759997,2021
2021-05-19,4115.68,0.0122961499999999,997,0.2905111400966184,0.17580776603773585,0.17598267547169813,0.2367685046728972,0.17298942857142857,0.2810221248943884,0.19655288820905073,0.1648022113820746,207,265,214,35,0.11470337405888253,0.08446923668533765,0.06377907610146863,-0.00017490943396228364,0.03175067682697613,0.010499443868610717,4.8794246031745636e-05,0.010450649622578972,0.019325237743488183,6.24546909208111e-05,0.019262783052567373,0.018576624074222017,7.89503587212639e-05,0.018497673715500755,0.012260284722492456,0.00011223019131516904,0.012148054531177288,2021
2021-05-20,4159.12,0.0008228066666666,998,0.28097092139737995,0.16218976538461538,0.16610181538461538,0.22643901834862384,0.15901409375,0.2681212519630645,0.18216979353587295,0.15694463124026808,229,260,218,32,0.11878115601276457,0.08595145842719157,0.06742492459862384,-0.00391205,0.02522516229560487,-0.0007841270013964568,3.2651058201055554e-06,-0.0007873921072165623,0.009990513717581506,1.711821699790873e-05,0.009973395500583597,0.016872474557708243,3.3341053732601984e-05,0.01683913350397564,0.01566604199761629,6.702044148770198e-05,0.015599021556128589,2021
2021-05-21,4155.86,0.0008033205882352,988,0.28136221834061137,0.16047721755725192,0.16079189694656487,0.2225166603773585,0.1571435625,0.26964106483201,0.1824168386088675,0.15160808044198756,229,262,212,32,0.12088500078335945,0.08722422622314249,0.06537309787735851,-0.00031467938931295514,0.030808758166879946,0.009862511119055,3.1877801120444443e-06,0.009859323338942955,0.011543231796184376,1.7240521608642063e-05,0.011525991274575735,0.01685957299062214,3.319886741363016e-05,0.01682637412320851,0.02156159842234792,6.771721208482976e-05,0.021493881210263088,2021
2021-05-24,4197.05,0.0009176122857142,774,0.2603994424242424,0.15115397740112993,0.14622014689265536,0.20654383333333334,0.14594554545454547,0.24795325696669554,0.15680430757426403,0.1517311146421794,165,177,156,22,0.10924546502311247,0.09114894939243151,0.060598287878787876,0.004933830508474568,0.005073192932084636,-0.002127563955626335,3.6413185941039683e-06,-0.0021312052742204386,0.0011882241021599685,1.7303654195010314e-05,0.0011709204479649583,0.007172131485843891,3.310506245686508e-05,0.007139026423387026,0.01061523982175117,6.82758832199508e-05,0.01054696393853122,2021
2021-05-25,4188.13,0.0008986925714285,768,0.26143014285714283,0.15291885310734463,0.1495257683615819,0.20775764705882352,0.14791322727272727,0.247948835522515,0.1704774506885622,0.1409336370855433,161,177,153,22,0.1085112897497982,0.0774713848339528,0.05984441978609625,0.00339308474576272,0.029543813603018915,0.0018749737128450623,3.566240362811508e-06,0.0018714074724822509,0.004761658542820353,1.6861954648525395e-05,0.004744796588171828,0.007474153694657569,3.237935290347857e-05,0.00744177434175409,0.018537141553949955,6.845924149659485e-05,0.018468682312453362,2021
2021-05-26,4195.99,0.0008713585714285,763,0.25198963636363636,0.14076454802259886,0.1415333220338983,0.19351047887323944,0.1363177894736842,0.23783510793080737,0.1606885325823601,0.1314904442732995,165,177,142,19,0.1112250883410375,0.07714657534844727,0.05719268939955524,-0.0007687740112994335,0.029198088309060594,0.0011647198427041133,3.457772108843254e-06,0.00116126207059527,-0.0007486136692661163,1.6495667800452778e-05,-0.0007651093370665691,0.010240547004895215,3.167485512175714e-05,0.010208872149773458,0.019987240313407643,6.881937301586945e-05,0.019918420940391774,2021
2021-05-27,4200.88,0.0008536274285714,761,0.24518492857142857,0.14068184,0.12944523312883435,0.18052903787878788,0.1347568888888889,0.2316864808993202,0.15844909437267557,0.12121529620050531,168,175,132,18,0.10450308857142857,0.07323738652664463,0.04577214898989898,0.01123660687116565,0.03723379817217026,0.0007685910772065211,3.3874104308388886e-06,0.0007652036667756822,0.006881960840126922,1.6222836734693253e-05,0.006865738003392229,0.011022421355934158,3.09327955733e-05,0.010991488560360857,0.02113488682211577,6.934020634920278e-05,0.021065546615766567,2021
2021-05-28,4204.11,0.00081923,758,0.24840783333333333,0.1365040742857143,0.12854434911242602,0.17944344615384616,0.12953823529411765,0.23722130708461858,0.1587570435241251,0.11783410483185526,168,175,130,17,0.11190375904761904,0.07846426356049349,0.049905210859728516,0.007959725173288273,0.04092293869226983,-0.0004924965749694844,3.2509126984126984e-06,-0.0004957474876678971,0.005316341194437776,1.5958345804988094e-05,0.005300382848632788,0.012067395818920768,3.026895657103254e-05,0.012037126862349735,0.02064360713125107,7.011352154194643e-05,0.020573493609709125,2021
2021-06-01,4202.04,0.000806304,760,0.2607417517985611,0.14392108108108106,0.1441622471042471,0.20053663963963964,0.14031710714285714,0.24844234333654466,0.16228294147997283,0.1358840209311645,278,259,222,28,0.11682067071748006,0.08615940185657184,0.060219532496782496,-0.00024116602316603952,0.026398920548808325,0.0014458704850342234,3.1996190476190477e-06,0.0014426708659866043,0.005983907383684008,1.5801408261854763e-05,0.005968105975422153,0.01054618628371153,2.9912319234938493e-05,0.010516273964476592,0.0224633366208316,7.086809637187817e-05,0.02239246852445972,2021
2021-06-02,4208.12,0.0008063882857142,758,0.25712714642857143,0.14138372972972973,0.13676330115830115,0.19195855238095239,0.1362953448275862,0.24620906110930177,0.1594880104832847,0.1308701111208818,280,259,210,29,0.1157434166988417,0.08672105062601707,0.05566320755336618,0.004620428571428581,0.028617899362402915,-0.003635298499241423,3.199953514738889e-06,-0.0036384984527561615,0.0027124951518372274,1.5517398254953176e-05,0.002696977753582274,0.0036955290153845547,2.98574120575746e-05,0.00366567160332698,0.026225521131608677,7.168726417233134e-05,0.026153833867436346,2021
2021-06-03,4192.85,0.0008026051428571,895,0.2595810761904762,0.14845439871382635,0.14039209210526316,0.19896737984496124,0.14501852631578946,0.24708279086348792,0.16898877270300433,0.1313581319496006,315,311,258,38,0.11112667747664987,0.07809401816048359,0.05394885352917178,0.008062306608563191,0.03763064075340372,0.0087952943520972,3.18494104308373e-06,0.008792109411054117,0.01098916067416128,1.5179187321304366e-05,0.010973981486839975,0.006895095596526279,2.9748654195009525e-05,0.00686534694233127,0.03733293786221419,7.254336507936111e-05,0.03726039449713483,2021
2021-06-04,4229.89,0.0007869757142857,884,0.2511263545454545,0.13724250649350647,0.13066628196721314,0.18268066945606695,0.13147588235294116,0.24098942920413047,0.1578288317063666,0.12189761524720635,330,308,239,34,0.11388384805194804,0.08316059749776386,0.05120478710312579,0.006576224526293334,0.03593121645916025,-0.0007970285684825064,3.12291950113373e-06,-0.0008001514879836401,0.004140460515807119,1.4709958838606746e-05,0.004125750556968512,-0.01511163370382667,3.009489155082143e-05,-0.01514172859537749,0.02651369584662578,7.335757369614127e-05,0.026440338272929638,2021
2021-06-07,4226.52,0.0007796817391304,683,0.24803469322709165,0.1393863918918919,0.13071252488687782,0.18403998404255317,0.13280032142857143,0.23551506761279775,0.15621674689182885,0.12241942189294425,251,222,188,28,0.10864830133519976,0.0792983207209689,0.051239662613981746,0.008673867005014074,0.033797324998884604,0.00017506961427659565,3.0939751552793647e-06,0.0001719756391213163,0.006751054624482914,1.4310610766044445e-05,0.00673674401371687,-0.00040940399160947636,3.0556468253966265e-05,-0.0004399604598634426,0.030664106851411955,7.436618339001865e-05,0.030589740668021937,2021
2021-06-08,4227.26,0.0007347334782608,680,0.25372975298804784,0.1419039054054054,0.1337002805429864,0.18811221808510636,0.13456985185185186,0.24101216386320803,0.16091436211560378,0.12263753516066882,251,222,188,27,0.11182584758264244,0.08009780174760425,0.05354236623325451,0.00820362486241899,0.038276826954934964,-0.001825541746812573,2.9156090407174605e-06,-0.0018284573558532903,0.004562278900027552,1.411091097308373e-05,0.004548167989054468,0.004526955817449156,3.1424369515920245e-05,0.004495531447933236,0.021891170020561377,7.542756254312896e-05,0.021815742458018247,2021
2021-06-09,4219.55,0.0007211591304347,681,0.26159163562753035,0.14959703539823008,0.13901251801801803,0.1969710717948718,0.14244574074074073,0.24755682588419725,0.1699000874097812,0.1266866342658539,247,226,195,27,0.11199460022930027,0.07765673847441606,0.05452533105413107,0.010584517380212044,0.0432134531439273,0.004641367023082649,2.8617425810900792e-06,0.004638505280501559,0.0009830338635471775,1.4340013802621428e-05,0.000968693849744556,0.005268650082719953,3.225521172236825e-05,0.005236394870997585,0.03493154168594485,7.652815248200318e-05,0.03485501353346285,2021
2021-06-10,4239.18,0.0006843595652173,816,0.24732486754966887,0.13406690036900368,0.12643499628252788,0.17903301801801802,0.12733040625,0.23492599366732397,0.14935852645945633,0.11987968266058242,302,271,222,32,0.11325796718066519,0.08556746720786765,0.05170261176801802,0.007631904086475794,0.029478843798873902,0.001946594193743096,2.715712560386111e-06,0.00194387848118271,-0.0040940650776350035,1.4569466873705158e-05,-0.004108634544508709,0.006421620836209628,3.3218146012026186e-05,0.006388402690197602,0.03373538938680153,7.770529737256825e-05,0.033657684089428964,2021
2021-06-11,4247.44,0.00068634,807,0.2470146038961039,0.12805523308270675,0.124555007518797,0.175211400921659,0.12191374074074074,0.23431623174995575,0.1470257950431323,0.11436499950752968,308,266,217,27,0.11895937081339716,0.08729043670682346,0.05329766018091825,0.003500225563909748,0.03266079553560261,0.0018135655401930488,2.7235714285714285e-06,0.0018108419687644774,-0.019252094219633885,1.5384932712214684e-05,-0.019267479152346098,0.007800099114769448,3.4428805333726196e-05,0.0077656703094357215,0.028265766225411493,7.876388044710238e-05,0.02818700234496439,2021
2021-06-14,4255.15,0.0007293573913043,689,0.24832186153846153,0.13134144495412844,0.13087342660550458,0.18204148128342246,0.12533660869565216,0.23595307498438944,0.14962979432436485,0.12084319926197455,260,218,187,23,0.11698041658433309,0.08632328066002459,0.056704872587770294,0.0004680183486238665,0.0287865950623903,-0.0020137061101785226,2.8942753623186506e-06,-0.0020166003855408413,-0.007160458616092317,1.6245857487921825e-05,-0.007176704473580238,0.008298899925988526,3.568383934733135e-05,0.008263216086641195,0.027616492960286492,7.972556034128215e-05,0.02753676739994521,2021
2021-06-15,4246.59,0.0007924673913043,691,0.2558862239382239,0.13731678733031674,0.1328804253393665,0.18801099999999998,0.13124636,0.2448722690694715,0.15429026839349252,0.12408566233396409,259,221,191,25,0.11856943660790717,0.09058200067597896,0.05676463999999998,0.004436361990950238,0.030204606059528433,-0.005404786783292966,3.1447118702551587e-06,-0.0054079314951632216,-3.5323082578575326e-05,1.7313458542836505e-05,-5.263654112141183e-05,0.010589917422508872,3.695028960859524e-05,0.010552967132900277,0.026362630133468436,8.050934053451905e-05,0.026282120792933916,2021
2021-06-16,4223.7,0.0007789813043478,685,0.26150228629032257,0.1449095688888889,0.13565734234234234,0.1957728115183246,0.13973022222222223,0.24912304101365218,0.16652103162601214,0.12153243304249517,248,225,191,27,0.11659271740143368,0.08260200938764004,0.05604258929610237,0.00925222654654656,0.044988598583516975,-0.0004357319180995622,3.0911956521738095e-06,-0.000438823113751736,0.004285616219172559,1.7915197919746825e-05,0.0042677010212528125,0.01732193712041307,3.781106526668452e-05,0.017284126055146388,0.024199916525063352,8.096745108489882e-05,0.024118949073978452,2021
2021-06-17,4221.86,0.0008898569565217,853,0.25729097682119206,0.1392471089108911,0.13015422545454544,0.18789364782608695,0.13538821875,0.24499525928201002,0.165089156277278,0.11556128562748345,302,303,230,32,0.11804386791030097,0.07990610300473203,0.052505429076086935,0.009092883456345652,0.04952787064979454,-0.013211434948255869,3.531178398895635e-06,-0.013214966126654765,0.010515685913844528,1.864867913832103e-05,0.010497037234706207,0.02296572403432364,3.8738656462582936e-05,0.02292698537786106,0.008638848115199518,8.134768731103174e-05,0.008557500427888486,2021
2021-06-18,4166.45,0.0009032930434782,833,0.2778515311355312,0.16649472575250837,0.1509566911764706,0.21473018333333332,0.1646622162162162,0.2614156655449151,0.1883503876734816,0.1469900468307709,273,299,240,37,0.11135680538302281,0.07306527787143346,0.05006796711711711,0.01553803457603778,0.0413603408427107,0.013905201143734752,3.5844962042785713e-06,0.013901616647530474,0.02705219333440339,1.904387262151151e-05,0.027033149461781876,0.043649277213943835,3.926353248545595e-05,0.04361001368145838,0.0368991305516006,8.128908260828096e-05,0.03681784146899232,2021
2021-06-21,4224.79,0.0009983928571428,668,0.2617953950617284,0.1418516380090498,0.134250371559633,0.1969152897727273,0.13838683333333332,0.25038339296758716,0.16710155113310624,0.12261524064474134,243,221,176,24,0.1199437570526786,0.08328184183448092,0.05852845643939397,0.007601266449416777,0.04448631048836489,0.005111429423335091,3.9618764172333335e-06,0.0051074675469178574,0.015459358542080855,1.9437981859409526e-05,0.015439920560221445,0.027720128406717778,3.967818594104127e-05,0.027680450220776736,0.031201998066749764,8.12545209278119e-05,0.031120743545821953,2021
2021-06-22,4246.44,0.0009441057142857,664,0.2570277023809524,0.13346445662100456,0.12707548401826485,0.18480555952380953,0.1281819090909091,0.2450474288967523,0.15717259458567212,0.1187665813809333,252,219,168,22,0.12356324575994784,0.08787483431108017,0.056623650432900435,0.006388972602739712,0.038406013204738826,-0.0010838474815418405,3.7464512471654763e-06,-0.001087593932789006,0.0106252405050875,1.963683106575873e-05,0.010605603674021741,0.025962081419686107,3.984783871881905e-05,0.025922233580967288,0.028105198881657332,8.079809772695277e-05,0.02802440078393038,2021
2021-06-23,4241.84,0.0009638185714285,658,0.2545141847389558,0.13255529864253393,0.12439490654205607,0.1806698757763975,0.12683685714285714,0.2426574015955329,0.15698043500012882,0.1129539788309845,249,221,161,21,0.12195888609642189,0.08567696659540408,0.05383301863354037,0.008160392100477865,0.044026456169144315,0.005794337776572367,3.824676870748016e-06,0.005790513099701619,0.013036320901240366,1.9895867346937702e-05,0.013016425033893428,0.018448061684654248,4.0256741780043255e-05,0.018407804942874206,0.03928336542336532,8.062175229989284e-05,0.03920274367106543,2021
2021-06-24,4266.49,0.0009894457142857,792,0.2489221133333333,0.12785579104477612,0.12189265413533834,0.1749567323232323,0.1212258888888889,0.23766790628413517,0.15125427451909665,0.11300195277869643,300,268,198,27,0.12106632228855718,0.08641363176503852,0.05373084343434341,0.005963136909437783,0.03825232174040022,0.0033250724723028176,3.9263718820861116e-06,0.0033211461004207317,0.012450038120479229,2.0089977324261908e-05,0.012429948143154967,0.023868553826652532,4.044826388888691e-05,0.023828105562763643,0.035868447589005925,8.023296945342102e-05,0.035788214619552505,2021
2021-06-25,4280.7,0.0010026085714285,792,0.24693868403908795,0.12512715355805243,0.11672354508196721,0.16607516666666666,0.11740191666666666,0.23532606286375934,0.14946160795583505,0.1044505479464182,307,267,192,24,0.12181153048103552,0.0858644549079243,0.04867325,0.00840360847608522,0.04501106000941685,0.00231236635141237,3.978605442176588e-06,0.0023083877459701935,0.016597083879540477,2.0219659863944445e-05,0.016576864219676534,0.023988696078289056,4.0560779478455954e-05,0.0239481352988106,0.027819756444053823,8.014941503165238e-05,0.02773960702902217,2021
2021-06-28,4290.61,0.0010485028571428,879,0.2508925845697329,0.12162249180327868,0.11742402675585284,0.1687517129186603,0.11466696296296296,0.23833907803751683,0.13143655697619394,0.11952382383064358,337,305,209,27,0.12927009276645424,0.10690252106132289,0.054084749955697356,0.0041984650474258395,0.011912733145550358,0.00027731138634168957,4.16072562358254e-06,0.000273150660718107,0.012260769864636914,2.0240204081631744e-05,0.012240529660555282,0.018153300759229687,4.035646967119961e-05,0.018112944289558487,0.025321070918269014,8.007926055319445e-05,0.02524099165771582,2021
2021-06-29,4291.8,0.0010093828571428,885,0.2547278753709199,0.12486930491803279,0.11880086219081272,0.16982196208530806,0.11709907407407406,0.23830081574295672,0.1515658213418852,0.10662279562432006,337,305,211,27,0.12985857045288712,0.08673499440107152,0.052722888011233995,0.006068442727220069,0.044943025717565144,0.001327232914611209,4.005487528344444e-06,0.0013232274270828647,0.01533684091459874,2.0211007653060318e-05,0.01531662990694568,0.019040281647956122,3.988099537036825e-05,0.019000400652585753,0.02924114454354752,7.992622483890873e-05,0.02916121831870861,2021
2021-06-30,4297.5,0.0010127342857142,873,0.2526637008797654,0.12444641118421051,0.11736574253731342,0.16540134158415842,0.11662496000000001,0.24843379574626182,0.13491434905724886,0.12628468824711114,341,304,202,25,0.1282172896955549,0.11351944668901295,0.04877638158415841,0.00708066864689709,0.008629660810137718,0.005208054995811113,4.018786848072222e-06,0.005204036208963041,0.005411740783413733,2.0360874433105556e-05,0.005391379908980628,0.014445479796348524,3.955356339757937e-05,0.014405926232950944,0.02249322924674322,7.991147143754841e-05,0.022413317775305672,2021
2021-07-01,4319.94,0.0010221257142857,1014,0.25066648101265826,0.12011662108262107,0.11999374643874643,0.16734039917695473,0.1124239375,0.23582834082964943,0.12996754712220526,0.11995739370472822,395,351,243,32,0.1305498599300372,0.10586079370744417,0.05491646167695473,0.00012287464387464309,0.010010153417477047,0.007472118231364166,4.056054421768651e-06,0.0074680621769423975,0.01141851570617347,2.0358286564624996e-05,0.011398157419608845,0.001669924408839224,3.913759897014206e-05,0.001630786809869082,0.015440579641084659,7.97819292039885e-05,0.01536079771188067,2021
2021-07-02,4352.34,0.0010077857142857,1018,0.2494106731234867,0.11918862831858407,0.11628604129793511,0.16003831896551723,0.11043313793103449,0.23205662956786283,0.14110389692663833,0.10762527730103627,413,339,232,29,0.13022204480490263,0.0909527326412245,0.04960518103448275,0.002902587020648953,0.03347861962560206,-0.0020239476634912454,3.999149659863889e-06,-0.002027946813151109,0.007391612198748642,2.034111961451151e-05,0.007371271079134131,-0.021798994150488433,3.855297642668016e-05,-0.021837547126915113,0.016138480442373305,7.962569904525832e-05,0.016058854743328046,2021
2021-07-06,4343.54,0.0010411453571428,814,0.2609603311897106,0.12928162686567163,0.12408393359375,0.17604886666666666,0.12243542307692307,0.24220787537672572,0.1536868452408737,0.11352479072112841,311,268,195,26,0.131678704324039,0.08852103013585202,0.0536134435897436,0.005197693271921627,0.04016205451974529,0.0033533824363036076,4.131529195011111e-06,0.0033492509071085964,0.005892530894592904,2.0116265589567857e-05,0.005872414629003336,-0.004726198998851975,3.802640046296111e-05,-0.0047642253993149366,0.013519219876221672,7.950172653958927e-05,0.013439718149682083,2021
2021-07-07,4358.13,0.0010471492857142,814,0.260299835443038,0.12802185714285716,0.12604002631578945,0.17595774210526313,0.12149032,0.24219887483109748,0.15138387288528246,0.11660276415192924,316,266,190,25,0.13227797830018082,0.09081500194581502,0.05446742210526313,0.00198183082706771,0.034781108733353217,-0.008597867216573877,4.1553543083896825e-06,-0.008602022570882268,0.003703440733357396,1.9669987717307935e-05,0.003683770745640088,0.00012848722372831977,3.744480579175952e-05,9.104241793656025e-05,0.016153336871465772,7.924066644888651e-05,0.016074096205016885,2021
2021-07-08,4320.82,0.0010120821428571,962,0.2817390825958702,0.146172237654321,0.1463872962962963,0.20719708560311284,0.14240768571428572,0.2642250322257675,0.1710356494544487,0.13813152719268249,339,324,257,35,0.13556684494154922,0.09318938277131877,0.06478939988882712,-0.00021505864197529645,0.03290412226176623,0.011214829918570923,4.0161989795916665e-06,0.011210813719591331,0.009033739012934581,1.919268896447381e-05,0.009014546323970108,0.010740984678544816,3.679490469974405e-05,0.010704189773845072,0.026425086282967226,7.907092296816111e-05,0.026346015359999066,2021
2021-07-09,4369.55,0.0010177996428571,953,0.2625648070652174,0.12786725641025642,0.12695604166666666,0.17974723728813558,0.12115275,0.24484485547163198,0.15166231546785922,0.11839542145690224,368,312,236,32,0.13469755065496097,0.09318254000377277,0.05859448728813557,0.0009112147435897666,0.03326689401095698,0.0034452147239393167,4.038887471655159e-06,0.0034411758364676615,-0.0097485912973343,1.8779312405517065e-05,-0.009767370609739817,0.009620473820140201,3.634881154025794e-05,0.009584125008599944,0.014269888469209872,7.901730902258292e-05,0.01419087116018729,2021
2021-07-12,4384.63,0.0009511224999999,856,0.25282192048929664,0.12875365594855304,0.12844863344051446,0.18298307983193277,0.12345123333333333,0.2368177707283974,0.15191148441487295,0.1192071945101287,327,311,238,30,0.1240682645407436,0.08490628631352445,0.05953184649859944,0.00030502250803857156,0.03270428990474425,-0.003523028967647122,3.774295634920238e-06,-0.0035268032632820422,-0.029190606349236963,1.821185681216865e-05,-0.02920881820604913,0.00855467903841394,3.574581809287897e-05,0.008518933220321061,0.011816882731745994,7.875774694775318e-05,0.011738124984798242,2021
2021-07-13,4369.21,0.0009286833333333,849,0.2614800903426791,0.1352109520766773,0.13602376996805113,0.19425336776859503,0.13219499999999998,0.24553736802697862,0.15931851951632459,0.12691186421780176,321,313,242,33,0.1262691382660018,0.08621884851065403,0.06205836776859505,-0.0008128178913738293,0.032406655298522824,0.0011642922750682311,3.6852513227511907e-06,0.0011606070237454799,-0.010618729893444806,1.7910134873393252e-05,-0.0106366400283182,0.007354089333411685,3.5814339918276184e-05,0.007318274993493409,0.017804893897384922,7.874558920965794e-05,0.017726148308175264,2021
2021-07-14,4374.3,0.00092687,845,0.25465135185185184,0.13456526198083066,0.12947866666666666,0.1841215701754386,0.13032743333333333,0.23937970353657412,0.16012379906211383,0.11858618338347755,324,313,228,30,0.12008608987102118,0.07925590447446029,0.05379413684210527,0.005086595314164,0.04153761567863627,-0.003267568936996537,3.6780555555555556e-06,-0.0032712469925520924,-0.003574953509629036,1.7774818074451588e-05,-0.0035927283277034875,0.00600347788397101,3.6037539559243646e-05,0.0059674403444117665,0.01958834036426239,7.8818856405425e-05,0.019509521507856967,2021
2021-07-15,4360.03,0.00090791125,843,0.2597541401273885,0.13593785623003196,0.13328319736842106,0.1900856331877729,0.1328881935483871,0.24416131744259065,0.16116097355799455,0.12333201305531638,314,313,229,31,0.12381628389735655,0.0830003438845961,0.05719743963938581,0.002654658861610898,0.03782896050267817,-0.007567500391698108,3.6028224206349207e-06,-0.007571103214118744,0.0017072456656101603,1.7602215735270236e-05,0.0016896434498748902,0.013468431832587944,3.636717391298492e-05,0.013432064658674959,0.024461943135738608,7.884721454034563e-05,0.02438309592119826,2021
2021-07-16,4327.16,0.0008748008333333,829,0.2709154662162162,0.1452641709677419,0.14472624838709677,0.2047652025862069,0.1445505588235294,0.25542255055485313,0.16081107811303344,0.14686051920335563,296,310,232,34,0.1256512952484743,0.0946114724418197,0.06021464376267749,0.0005379225806451393,0.013950558909677807,-0.015996800327963308,3.471431878306746e-06,-0.016000271759841613,0.01936906511747471,1.7569499134740874e-05,0.019351495618339966,0.015615249842092829,3.675508561933412e-05,0.015578494756473495,0.03464687450930344,7.887957069113927e-05,0.034567994938612304,2021
2021-07-19,4258.49,0.0008750885714285,594,0.29454165895953754,0.17519314027149321,0.17485776470588235,0.24631054594594592,0.1768644193548387,0.28343046985671966,0.20006914192256123,0.16249909935901677,173,221,185,31,0.11934851868804433,0.08336132793415843,0.06944612659110722,0.00033537556561086257,0.03757004256354446,0.015048847488145101,3.4725736961448412e-06,0.015045374914448956,0.03774528538765084,1.7533961280710315e-05,0.03772775142637013,0.02976745556020884,3.717289835553968e-05,0.029730282661853298,0.04355790504649853,7.895996420965795e-05,0.04347894508228887,2021
2021-07-20,4323.06,0.0008945835,590,0.277291005050505,0.15691974107142856,0.1530141809954751,0.22182565760869566,0.15424111538461538,0.2651331802485391,0.18492228049360757,0.14118280283208376,198,224,184,26,0.12037126397907646,0.08021089975493154,0.06758454222408028,0.003905560075953468,0.04373947766152381,0.008208068658883821,3.549934523809524e-06,0.008204518724360012,0.017972819226856444,1.790420504488294e-05,0.01795491502181156,0.02288862710471657,3.760014892243333e-05,0.022851026955794138,0.01770241783820897,7.896023575160834e-05,0.01762345760245736,2021
2021-07-21,4358.69,0.0008833742105263,588,0.263638476635514,0.1387458628318584,0.14046413274336284,0.20196578612716762,0.13594117391304347,0.2504048631361693,0.14645916502881437,0.14792623475841735,214,226,173,23,0.12489261380365557,0.1039456981073549,0.06602461221412415,-0.001718269911504422,-0.0014670697296029767,0.0020146302382427882,3.5054532163742063e-06,0.002011124785026414,0.009578431393600055,1.826272148479206e-05,0.009560168672115264,0.010037350216189832,3.792539155281865e-05,0.009999424824637013,0.010750301204899585,7.89341399913742e-05,0.010671367064908212,2021
2021-07-22,4367.48,0.0008996666666666,973,0.2626438084291188,0.14101064642857145,0.13975668928571428,0.20145224884792629,0.13680596666666667,0.24892583302272794,0.16581349989028957,0.13078839849653934,261,280,217,30,0.12163316200054733,0.08311233313243838,0.06464628218125962,0.0012539571428571705,0.03502510139375023,0.010094319060166316,3.5701058201055554e-06,0.01009074895434621,0.011761186166977695,1.876495817771468e-05,0.01174242120879998,0.014010219409494776,3.8290407440752775e-05,0.013971929002054023,0.01684424811573408,7.892660344166665e-05,0.016765321512292413,2021
2021-07-23,4411.79,0.0008658452941176,1094,0.2624891623188406,0.1345859022801303,0.13430728338762213,0.1914691694214876,0.12919961290322582,0.24489770372210376,0.15744963706428478,0.1267777213216303,345,307,242,31,0.12790326003871033,0.08744806665781898,0.06226955651826177,0.00027861889250815897,0.030671915742654488,0.0023794199422129485,3.4358940242761907e-06,0.0023759840481886725,-0.0037538152753817276,1.918558648459325e-05,-0.003773000861866321,0.005589782544255962,3.8705912448311504e-05,0.005551076631807651,0.01523762741210185,7.875922171119682e-05,0.015158868190390652,2021
2021-07-26,4422.3,0.00096839,836,0.2563222715517241,0.1404282037037037,0.14099966203703704,0.19820029411764706,0.13394252,0.2473941224876464,0.16057531066422584,0.13168344496462223,232,216,187,25,0.1158940678480204,0.08681881182342055,0.06425777411764705,-0.0005714583333333301,0.028891865699603614,-0.004723618672649374,3.8428174603174604e-06,-0.004727461490109692,-0.007977829827442055,1.9638937074829364e-05,-0.007997468764516884,0.0022699947068564232,3.923260345804881e-05,0.0022307621033983743,0.014352782664223773,7.906679367331508e-05,0.014273715870550457,2021
2021-07-27,4401.46,0.0009849296428571,836,0.2663139911111111,0.14766301826484018,0.14739808219178083,0.21104577835051547,0.1426235,0.25537451749003004,0.15951298346932608,0.15094528441008606,225,219,194,26,0.11865097284627091,0.09586153402070396,0.06842227835051548,0.0002649360730593575,0.008567699059240014,-0.0001863191743724431,3.908450963718651e-06,-0.00019022762533616177,0.004915807877860163,1.9695943877550396e-05,0.004896111933982613,0.007985822365981278,3.916911139455674e-05,0.007946653254586721,0.021294067418391332,7.902918709735118e-05,0.02121503823129398,2021
2021-07-28,4400.64,0.0010099378571428,908,0.2586850577777778,0.1443030821917808,0.13882804147465438,0.19987255191256828,0.13991083333333335,0.2472146091303948,0.1578197976866885,0.14094185122230948,225,219,183,24,0.11438197558599697,0.08939481144370631,0.059961718579234935,0.005475040717126428,0.016877946464379012,0.004197385011620316,4.007689909296825e-06,0.00419337732171102,0.0004589188225896179,1.9662670068026587e-05,0.0004392561525215913,0.010637123738345779,3.90227983276631e-05,0.010598100940018116,0.015638423733294052,7.896743681390436e-05,0.015559456296480149,2021
2021-07-29,4419.15,0.001005665,1051,0.25380659272727274,0.1400996962962963,0.13678403703703704,0.19450103555555553,0.1338643,0.24250635462736247,0.16152302962955856,0.12755803102855112,275,270,225,30,0.11370689643097645,0.08098332499780392,0.06063673555555554,0.0033156592592592515,0.033964998601007435,-0.005420682382193263,3.990734126984127e-06,-0.0054246731163202465,0.002249033242517028,1.9525449263038094e-05,0.0022295077932539898,0.009387477468670953,3.8773626936884524e-05,0.009348703841734068,0.020210084274571355,7.871394871866627e-05,0.020131370325852688,2021
2021-07-30,4395.26,0.0009800896428571,1050,0.261653202247191,0.14335469117647057,0.1425962757352941,0.20436273362445415,0.139916,0.24963443702723037,0.14879100760386976,0.15173538338677242,267,272,229,31,0.11829851107072045,0.10084342942336061,0.06444673362445413,0.0007584154411764688,-0.0029443757829026584,-0.0018445946098472469,3.889244614512302e-06,-0.001848483854461759,0.009343597819637867,1.9520325963718256e-05,0.009324077493674148,0.01641419368534379,3.848930650037659e-05,0.016375704378843413,0.02992810812582137,7.84360966778496e-05,0.029849672029143518,2021
2021-08-02,4387.16,0.0009827557142857,1053,0.2754526988416988,0.14917885663082436,0.15211239784946237,0.21595459649122806,0.14615993333333333,0.26311945983230745,0.17565721079750363,0.14107544047293374,259,279,228,30,0.12627384221087445,0.08746224903480382,0.06979466315789473,-0.0029335412186380083,0.03458177032456988,0.008170019032652822,3.899824263038492e-06,0.008166119208389784,0.010247824534298601,1.9593666383219442e-05,0.010228230867915382,0.020876219277058038,3.823524045729285e-05,0.020837984036600744,0.030422645578536446,7.817079877535516e-05,0.030344474779761092,2021
2021-08-03,4423.15,0.0009765446428571,1058,0.2627986200716846,0.13458204411764707,0.14053156985294118,0.1969793551401869,0.12888282142857144,0.24721306363311113,0.1589361879251676,0.13057966433479465,279,272,214,28,0.12821657595403751,0.08827687570794354,0.06809653371161548,-0.0059495257352941144,0.02835652359037294,-0.00464320822964288,3.875177154194841e-06,-0.004647083406797074,0.00307001448812131,1.947316751700635e-05,0.003050541320604304,0.005620430453636807,3.788724159107977e-05,0.005582543212045727,0.022564340010781392,7.784421714270198e-05,0.022486495793638688,2021
2021-08-04,4402.66,0.0009753582142857,1081,0.26368221771217715,0.13918756785714284,0.13646676811594202,0.19710539234449762,0.13624479310344828,0.24827885903165395,0.16706154129918907,0.12684936185104415,271,280,209,29,0.1244946498550343,0.08121731773246488,0.060860599241049335,0.002720799741200819,0.040212179448144925,0.00598749943154757,3.870469104308334e-06,0.005983628962443262,0.010178204915756052,1.9360128259636508e-05,0.010158844787496416,-0.0005430010368647075,3.748490967498016e-05,-0.0005804859465396876,0.030046076408201176,7.751371799304207e-05,0.029968562690208134,2021
2021-08-05,4429.1,0.0010043739285714,1078,0.262142975088968,0.1304185352112676,0.13734447183098591,0.1910052906403941,0.12545,0.24587927682125946,0.1553013888446469,0.127789183155924,281,284,203,26,0.1317244398777004,0.09057788797661256,0.06555529064039409,-0.006925936619718326,0.027512205688722896,0.0016738821949274498,3.985610827664286e-06,0.0016698965840997856,0.007138444226153895,1.924817767384643e-05,0.0071191960484800485,-0.0052745484428378805,3.713827933424722e-05,-0.005311686722172128,0.02372349400741684,7.716718426288334e-05,0.023646326823153957,2021
2021-08-06,4436.52,0.0009985714285714,1182,0.258301471641791,0.12552170754716982,0.1278967641509434,0.1787839534883721,0.11927744444444445,0.2423109193581955,0.15096017616436908,0.1184761459861315,335,318,215,27,0.1327797640946212,0.09135074319382641,0.05950650904392764,-0.002375056603773573,0.032484030178237575,-0.0009403678951865314,3.962585034013492e-06,-0.0009443304802205448,0.00707059586570617,1.896898053665833e-05,0.0070516268851695115,0.001160146511311823,3.665058517324961e-05,0.0011234959261385736,0.018648345649007303,7.664506209735038e-05,0.01857170058690995,2021
2021-08-09,4432.35,0.00095239,925,0.2566531369863014,0.12952237554585153,0.13155570742358078,0.18765685119047618,0.12385219047619048,0.24266806290245535,0.15527230974505582,0.121962310361067,219,229,168,21,0.12713076144044985,0.08739575315739953,0.0638046607142857,-0.0020333318777292497,0.03330999938398882,0.0009922089864754615,3.779325396825397e-06,0.0009884296610786361,0.010628394742759511,1.8641574074073414e-05,0.010609753168685438,0.010588212763032456,3.609072422887182e-05,0.010552122038803584,0.018269268139634344,7.587871929936151e-05,0.018193389420334983,2021
2021-08-10,4436.75,0.0009480587499999,922,0.2592477716894977,0.1274589090909091,0.13434000865800866,0.1866700731707317,0.12126004761904761,0.245279122566597,0.13426925594815095,0.1387651276420911,219,231,164,21,0.1317888625985886,0.11100986661844606,0.06541002555168408,-0.006881099567099563,-0.00449587169394014,0.002464982197991973,3.7621378968249997e-06,0.002461220060095148,0.002550415965515672,1.8414074074073413e-05,0.002532001891441599,0.011090578970891678,3.605486481844088e-05,0.011054524106073237,0.012660820876869941,7.534232523448889e-05,0.012585478551635451,2021
2021-08-11,4447.7,0.0009471466666666,920,0.2529358794642857,0.12451699559471366,0.12701818502202641,0.1786531923076923,0.11793955,0.23795438630147764,0.15180231767798627,0.11776228303238294,224,227,156,20,0.12841888386957204,0.08615206862349137,0.0607136423076923,-0.0025011894273127555,0.03404003464560333,0.0029477387419454388,3.758518518518254e-06,0.0029439802234269203,-0.010721205952620763,1.8124781415343654e-05,-0.010739330734036106,0.010843262854417939,3.609793780596944e-05,0.01080716491661197,0.002443221055747451,7.474368112648373e-05,0.0023684773746209674,2021
2021-08-12,4460.83,0.00093401625,1071,0.25008074181818185,0.12359592932862191,0.12432744876325089,0.1760633282828283,0.11653362499999999,0.2340355403850539,0.14914623261106766,0.11471284643006446,275,283,198,24,0.12648481248955995,0.08488930777398623,0.05952970328282832,-0.0007315194346289716,0.034433386181003195,0.001606033834479566,3.70641369047619e-06,0.0016023274207890897,-0.012412992668991851,1.7890101660400794e-05,-0.012430882770652251,0.0020535612530028185,3.6186119967723014e-05,0.0020173751330350956,0.0017694045532153915,7.416891347062936e-05,0.0016952356397447622,2021
2021-08-13,4468.0,0.000916065,1183,0.2557263021148036,0.11724408099688474,0.12552201557632398,0.17342202293577982,0.111705,0.24093935271187644,0.12724910257684835,0.12544981570611022,331,321,218,27,0.13848222111791889,0.11369025013502809,0.061717022935779825,-0.008277934579439233,0.0017992868707381315,0.0026174309818667143,3.6351785714285714e-06,0.0026137958032952857,-0.005910449354394162,1.768160463659127e-05,-0.0059281309590307535,0.00921657297142082,3.623390809130555e-05,0.009180339063329514,-0.005599803659066049,7.375325202307897e-05,-0.0056735569110891275,2021
2021-08-16,4479.71,0.00089506,924,0.24883331651376148,0.12499341484716156,0.12890578165938865,0.18201505847953217,0.1192452380952381,0.23665983471193913,0.14757835068886427,0.12034381692714316,218,229,171,21,0.12383990166659992,0.08908148402307486,0.06276982038429407,-0.003912366812227092,0.027234533761721108,-0.007085769790768185,3.551825396825397e-06,-0.0070893216161650105,-4.018197972691219e-05,1.7449150154798414e-05,-5.76311298817106e-05,0.010896483458610834,3.631161160604445e-05,0.01086017184700479,0.0002209720323128403,7.340612383122222e-05,0.0001475659084816181,2021
2021-08-17,4448.08,0.000875157,934,0.2611291165048544,0.13702742424242423,0.13564427705627705,0.1980703407821229,0.13332360869565218,0.24707502321813585,0.16264565342639534,0.12854000370288904,206,231,179,23,0.12410169226243015,0.08442936979174051,0.06474673208647072,0.0013831471861471822,0.0341056497235063,-0.010806639720144598,3.4728452380952383e-06,-0.010810112565382694,0.008540163005376147,1.7640790744367463e-05,0.00852252221463178,0.016632196092246698,3.63837329212369e-05,0.01659581235932546,0.00575444070004562,7.311048200927579e-05,0.005681330218036344,2021
2021-08-18,4400.27,0.000888007368421,928,0.2881811570680628,0.16117046491228068,0.15773588596491228,0.2301175240641711,0.1596404642857143,0.2758280798252564,0.1899066971251709,0.14568134618410744,191,228,187,28,0.12701069215578212,0.08592138270008554,0.07047705977845681,0.0034345789473683996,0.044225350941063446,0.0012559520255743905,3.523838763575397e-06,0.0012524281868108152,0.02156446880703883,1.7973156390625794e-05,0.021546495650648204,0.027750549277288965,3.648413031352698e-05,0.02771406514697544,0.007408397273756401,7.296772993888213e-05,0.007335429543817519,2021
2021-08-19,4405.8,0.000881475,933,0.2999017409326425,0.16065433624454148,0.16602364628820962,0.23974792187500002,0.15935866666666668,0.28613982379897585,0.1809211629649825,0.17486136181459017,193,229,192,27,0.139247404688101,0.10521866083399334,0.08038925520833334,-0.005369310043668141,0.006059801150392341,0.008108577149077301,3.4979166666666667e-06,0.008105079232410635,0.014466553921994703,1.829601830732222e-05,0.014448257903687381,0.02933312541949127,3.65049695544865e-05,0.029296620449936785,-0.010970575125587561,7.26440102229258e-05,-0.011043219135810486,2021
2021-08-20,4441.67,0.0008574864705882,940,0.27011220283018866,0.14037741379310345,0.13742546724890828,0.20168707428571428,0.13486981818181817,0.2572420577940985,0.16834634815725025,0.12804627749146916,212,232,175,22,0.1297347890370852,0.08889570963684823,0.0668172561038961,0.002951946544195172,0.04030007066578109,0.008487698356534068,3.4027240896357144e-06,0.008484295632444433,0.01512702232581491,1.8552303454714286e-05,0.015108470022360196,0.0208894653011773,3.653098826196944e-05,0.020852934312915333,-0.01989183195832403,7.26070629440139e-05,-0.019964439021268043,2021
2021-08-23,4479.53,0.0009433534285714,717,0.2579666642857143,0.13182044755244757,0.12965434965034967,0.19180555357142856,0.12592907692307692,0.24657749970728313,0.15943418387668934,0.1188553201288183,140,143,112,13,0.12614621673326673,0.08714331583059379,0.06587647664835164,0.002166097902097902,0.040578863747871036,0.0014945751943348515,3.7434659863944445e-06,0.001490831728348457,0.010936665438337751,1.8862461451246033e-05,0.010917802976886505,0.009000500781161389,3.6591752834465085e-05,0.008963909028326923,-0.01890498965076691,7.259257014689484e-05,-0.018977582220913804,2021
2021-08-24,4486.23,0.0009589131428571,716,0.26012818309859154,0.1304964577464789,0.12779254225352113,0.1900789189189189,0.12484635714285715,0.24669794303211712,0.15667511300549186,0.1180525114523463,142,142,111,14,0.12963172535211265,0.09002283002662526,0.06523256177606175,0.002703915492957759,0.038622601553145564,0.0022176660815180892,3.8052108843535716e-06,0.0022138608706337355,0.00809203308687067,1.8742942176869446e-05,0.0080732901446938,0.006186480182267115,3.604452908409524e-05,0.00615043565318302,-0.008337848981851618,7.225353159814207e-05,-0.00841010251344976,2021
2021-08-25,4496.19,0.0009693685714285,720,0.25600470344827586,0.1269615422535211,0.1218134104477612,0.1808211923076923,0.11997938461538461,0.2429835918648089,0.15672725440020355,0.10926922845946511,145,142,104,13,0.12904316119475476,0.08625633746460534,0.060841807692307695,0.0051481318057599035,0.04745802594073843,-0.005841962859469615,3.8467006802718255e-06,-0.005845809560149887,0.006186080470250181,1.851097392290119e-05,0.00616756949632728,-0.000647424175540022,3.548224953169445e-05,-0.0006829064250717165,-0.009095572258409988,7.195301459133929e-05,-0.009167525273001327,2021
2021-08-26,4470.0,0.0009460588571428,866,0.2711777932960894,0.13997939086294417,0.13606450253807106,0.2060911006289308,0.13532105,0.2599279623167607,0.16671665606149175,0.127496897596319,179,197,159,20,0.1311984024331452,0.09321130625526894,0.0707700506289308,0.003914888324873106,0.039219758465172755,0.008769045552897689,3.7542018140587303e-06,0.00876529135108363,0.014866571497496662,1.8208951247164286e-05,0.014848362546249497,-0.0025580789392009333,3.479904264024246e-05,-0.0025928779818411756,-0.006033826931816399,7.155241935324405e-05,-0.006105379351169643,2021
2021-08-27,4509.37,0.0009356462857142,936,0.2549098289473684,0.12128377391304349,0.12414392173913043,0.1807188092485549,0.1139848,0.24193110508418356,0.14876253917498578,0.113018998112753,228,230,173,20,0.13362605503432493,0.09316856590919778,0.06673400924855491,-0.0028601478260869423,0.03574354106223278,0.004297341469056862,3.71288208616746e-06,0.004293628586970694,0.005762442975362384,1.797868480725516e-05,0.005744464290555129,-0.009053202252685211,3.4228591688847615e-05,-0.009087430844374059,-0.035377194072188575,7.12037107364639e-05,-0.03544839778292504,2021
2021-08-30,4528.79,0.0009132345714285,941,0.25531906284153005,0.126541703125,0.12505014375,0.18453062645914398,0.12241312903225807,0.24385885684895275,0.15148748863466008,0.1154851173972353,366,320,257,31,0.12877735971653007,0.09237136821429268,0.06211749742688591,0.001491559374999979,0.03600237123742478,-0.0013500571571324227,3.623946712017857e-06,-0.0013536811038444407,-0.0019361646571764532,1.7729291383219046e-05,-0.001953893948559672,-0.01911371809954371,3.380646184560595e-05,-0.019147524561389313,-0.038106599167940354,7.083294316276786e-05,-0.038177432111103124,2021
2021-08-31,4522.68,0.0009004571428571,948,0.2592299366391184,0.13107392283950617,0.12501037162162162,0.18613849416342412,0.12658336363636363,0.24607422096601717,0.15813107686702566,0.11345215305172611,363,324,257,33,0.12815601379961225,0.08794314409899151,0.05955513052706049,0.006063551217884544,0.044678923815299545,0.0003117134648978685,3.573242630385317e-06,0.00030814022226748316,-0.0019055529046033812,1.7301586907225794e-05,-0.001922854491510607,-0.009325454269165572,3.3470565513159924e-05,-0.009358924834678732,-0.04873776298462272,7.052105994281349e-05,-0.04880828404456553,2021
2021-09-01,4524.09,0.0008932588571428,946,0.2575027355371901,0.12415766463414635,0.1266856524390244,0.1833238987854251,0.12087725806451613,0.24734649043505402,0.13408763527691192,0.12974818061444604,363,328,247,31,0.13334507090304376,0.1132588551581421,0.06244664072090897,-0.0025279878048780624,0.00433945466246588,0.0028385281677768184,3.5446780045349203e-06,0.0028349834897722836,-0.006833504645790159,1.6971275608793255e-05,-0.006850475921398952,-0.011189468857098794,3.315350645765357e-05,-0.011222622363556447,-0.03762352423316091,7.021013023759802e-05,-0.03769373436339851,2021
2021-09-02,4536.95,0.0008880317142857,1090,0.2573069325301205,0.12661843882978724,0.12314533776595744,0.18178539726027398,0.12204336111111111,0.24392378141334045,0.15168471300314965,0.11295550581052465,415,376,292,36,0.13068849370033325,0.0922390684101908,0.059742036149162875,0.003473101063829795,0.038729207192625,-0.0003350829692366939,3.523935374149603e-06,-0.0003386069046108435,-0.01742465043669761,1.6590091393078176e-05,-0.017441240528090686,-0.02318068017130953,3.293892162082024e-05,-0.023213619092930352,-0.05353298640087522,6.979890461401548e-05,-0.05360278530548924,2021
2021-09-03,4535.43,0.0008727991428571,1208,0.26238710173160174,0.1261327136038186,0.12110483290488432,0.1803778512658228,0.12086107894736842,0.24833064538820185,0.1546438922338072,0.10849225536644366,462,419,316,38,0.13625438812778312,0.09368675315439465,0.05951677231845437,0.005027880698934298,0.04615163686736354,-0.003401266163481994,3.463488662131349e-06,-0.003404729652144125,-0.014815645228047581,1.6249906881592462e-05,-0.014831895134929173,-0.03996861757584227,3.261510529428968e-05,-0.040001232681136555,-0.042728444454376645,6.989433715369803e-05,-0.04279833879153034,2021
2021-09-07,4520.03,0.0008054530434782,933,0.26868276470588237,0.1361493241590214,0.131347213836478,0.19812644609665428,0.13209542857142856,0.25587100753459924,0.16447834780446996,0.11897082013214869,340,327,269,35,0.13253344054686098,0.09139265973012928,0.06603101752522572,0.004802110322543407,0.045507527672321274,-0.0013194454045593487,3.1962422360246032e-06,-0.0013226416467953734,-0.01717755344236727,1.6077170462386904e-05,-0.017193630612829656,-0.03738003109601948,3.2612586019913096e-05,-0.03741264368203939,-0.03523268474325931,7.004727706299524e-05,-0.0353027320203223,2021
2021-09-08,4514.07,0.0008172186956521,935,0.2681898427299703,0.13533541666666668,0.13326054938271603,0.19898557251908397,0.1316068125,0.2550113006102948,0.16336550248441345,0.12338177598534687,337,324,262,32,0.13285442606330364,0.09164579812588136,0.06737876001908397,0.002074867283950649,0.03998372649906658,-0.0046162382762889205,3.242931331952778e-06,-0.0046194812076208736,-0.007419901364562189,1.6168978605934126e-05,-0.007436070343168123,-0.026586045027368835,3.280457507640516e-05,-0.02661884960244524,-0.025649191603683386,7.055949287685714e-05,-0.025719751096560245,2021
2021-09-09,4493.28,0.0007972004347826,1079,0.27304539784946236,0.14730364285714284,0.14125082825484764,0.20726004792332267,0.1455550930232558,0.26105824772918557,0.17506461133958265,0.1268475138073263,372,378,313,43,0.12574175499231952,0.08599363638960292,0.06170495490006686,0.006052814602295203,0.04821709753225634,-0.007752617623130543,3.1634937888198413e-06,-0.007755781116919363,-0.004355964211308636,1.6182230848860317e-05,-0.004372146442157496,-0.009908090887829806,3.296607118209405e-05,-0.0099410569590119,-0.022948527618373474,7.099531012767064e-05,-0.023019522928501145,2021
2021-09-10,4458.58,0.0008023052173913,1061,0.29095485955056183,0.1605084,0.154510648199446,0.2288380586419753,0.16037229787234042,0.2811037877774685,0.1816300601871671,0.15093140561268567,356,375,324,47,0.13044645955056183,0.09947372759030138,0.06846576076963487,0.005997751800554008,0.030698654574481427,0.002273922239413449,3.183750862663889e-06,0.002270738488550785,-0.00575602973461195,1.6348830227742064e-05,-0.005772378564839691,-0.0006955304597394375,3.3307271270825e-05,-0.0007288377310102625,-0.02208537378571116,7.15165428127734e-05,-0.022156890328523936,2021
2021-09-13,4468.73,0.0008292695652173,941,0.27815479104477614,0.15146906875,0.1472687125,0.2197873693379791,0.1502433947368421,0.26623842933227143,0.16730373884945388,0.15182059653672828,335,320,287,38,0.12668572229477615,0.09893469048281756,0.06954397460113701,0.004200356249999981,0.0154831423127256,-0.005763174377801672,3.290752242925794e-06,-0.005766465130044598,-0.025152972347794688,1.6365198412697222e-05,-0.025169337546207385,-0.00574967023202885,3.35696258503377e-05,-0.005783239857879188,-0.026778992700587246,7.167481575963334e-05,-0.02685066751634688,2021
2021-09-14,4443.05,0.0008285886956521,939,0.2776864357366771,0.15771663125,0.14976933012820512,0.22065218411552345,0.15754453846153846,0.26638475744815276,0.17110050347613368,0.16601442876890685,319,320,277,39,0.11996980448667713,0.09528425397201909,0.063107645653985,0.00794730112179487,0.005086074707226829,0.008438206673245678,3.288050379571825e-06,0.008434918622866105,-0.020202477653652153,1.653541555752619e-05,-0.02021901306920968,-0.020560817441701695,3.3684366804690474e-05,-0.020594501808506385,-0.01799784014147522,7.176713560665437e-05,-0.018069607277081876,2021
2021-09-15,4480.7,0.0008205582608695,946,0.26768954970760234,0.14285095297805642,0.13748912539184954,0.20358415413533834,0.13999702857142857,0.25523383488979295,0.15381603775126862,0.14369593836974656,342,319,266,35,0.12483859672954592,0.10141779713852433,0.06358712556390977,0.005361827586206874,0.010120099381522057,-0.0015523011230354105,3.2561835748789684e-06,-0.0015555573066102894,-0.019166143662806737,1.663559647047103e-05,-0.019182779259277208,-0.027431087741642365,3.373843093759008e-05,-0.027464826172579955,-0.009516876478587916,7.187376776676467e-05,-0.009588750246354681,2021
2021-09-16,4473.75,0.0008391834782608,942,0.2711617088235294,0.14499477672955974,0.138812284789644,0.20653239772727272,0.14221358333333334,0.25789691537072895,0.17189850123198358,0.12812694475768274,340,318,264,36,0.12616693209396967,0.08599841413874537,0.06431881439393938,0.006182491939915741,0.04377155647430084,-0.009152683146433816,3.330093167701587e-06,-0.009156013239601518,-0.005552126676521154,1.6783840333233732e-05,-0.005568910516854388,-0.037860007592421696,3.37943108547746e-05,-0.03789380190327647,-0.0005321337346309985,7.188040661252063e-05,-0.0006040141412435191,2021
2021-09-17,4432.99,0.00080643,950,0.2882562679127726,0.16269696845425868,0.15283712333333332,0.22615873357664232,0.1616935128205128,0.27711414823848396,0.1900475372453163,0.13999931207012994,321,317,274,39,0.1255592994585139,0.08706661099316765,0.06446522075612951,0.009859845120925359,0.05004822517518637,-0.01712302037376946,3.2001190476190475e-06,-0.017126220492817076,0.005060499274872533,1.6958441043082937e-05,0.00504354083382945,-0.017281372229628233,3.372653061224286e-05,-0.017315098760240476,0.011989672128769897,7.169202310090359e-05,0.011917980105668994,2021
2021-09-20,4357.73,0.0008721642857142,719,0.3153382718894009,0.19938948471615722,0.18894278602620088,0.26838182325581394,0.1999953611111111,0.3047540030624551,0.2220051754523869,0.17494661531552919,217,229,215,36,0.11594878717324367,0.08274882761006819,0.06838646214470284,0.010446698689956346,0.04705856013685772,-0.0008126796836591719,3.4609693877547623e-06,-0.0008161406530469267,0.01940330211576582,1.7204427437640475e-05,0.01938609768832818,-0.013229285855796321,3.365986394557619e-05,-0.013262945719741898,0.03647885250858276,7.182005031178771e-05,0.03640703245827097,2021
2021-09-21,4354.19,0.0008538342857142,743,0.30459031623931626,0.1977650663716814,0.18051785777777776,0.2575851588785047,0.1986356388888889,0.2977321689944817,0.2105977431061258,0.18304752076219938,234,226,214,36,0.10682524986763486,0.08713442588835588,0.058949519989615784,0.017247208593903635,0.027550222343926428,0.009474540664091249,3.3882312925166664e-06,0.009471152432798733,-0.00035833978804946726,1.7148951247164286e-05,-0.00037548873929663156,-0.0019471471948751375,3.381826247165357e-05,-0.001980965457346791,0.0409488527791942,7.16809717970488e-05,0.04087717180739715,2021
2021-09-22,4395.64,0.0008579157142857,741,0.2884356852589641,0.16524094298245612,0.16764494298245614,0.23497348514851485,0.16588524137931035,0.2772248295725331,0.172281427810886,0.1804552017547453,251,228,202,29,0.123194742276508,0.10494340176164707,0.0690882437692045,-0.0024040000000000172,-0.008173773943859292,0.012061715863250257,3.4044274376416667e-06,0.012058311435812616,-0.00826494407883572,1.7102834467119048e-05,-0.008282046913302839,-0.007327194311331092,3.404645975056548e-05,-0.0073612407710816575,0.03446573958720152,7.156500032073928e-05,0.03439417458688078,2021
2021-09-23,4448.98,0.0008831828571428,1255,0.270524119873817,0.1488069964157706,0.14786341218637994,0.21109363900414937,0.14690767647058825,0.25531782048359947,0.1725161718893237,0.1370395916847798,317,279,241,34,0.12171712345804642,0.08280164859427577,0.06418596253356113,0.0009435842293906704,0.03547658020454389,0.001459942804959862,3.504693877550794e-06,0.0014564381110823113,-0.032307880915900575,1.7010470521540873e-05,-0.03232489138642212,-0.011124862439564656,3.435049036281032e-05,-0.011159212929927467,0.021330868765592658,7.149681626934088e-05,0.021259371949323317,2021
2021-09-24,4455.48,0.0008684185714285,1256,0.264800028125,0.14542370967741935,0.13781388888888887,0.20068844155844154,0.142171303030303,0.2500511080290607,0.17202410570641072,0.12513415921237722,320,279,231,33,0.11937631844758062,0.07802700232265,0.05851713852813853,0.00760982078853048,0.046889946494033496,-0.0027802175328761427,3.4461054421765873e-06,-0.0027836636383183192,-0.022341871504500736,1.6768089569159923e-05,-0.022358639594069897,-0.014500379535503528,3.452454506802579e-05,-0.014534904080571554,0.024607868191580753,7.13160416261504e-05,0.024536552149954604,2021
2021-09-27,4443.11,0.0008581842857142,1330,0.2729499617647059,0.14790468437499998,0.14449115625,0.20997285214007783,0.14582567647058822,0.25837528189285325,0.17348383276738408,0.13461364782545746,340,320,257,34,0.1250452773897059,0.08489144912546917,0.0641471756694896,0.0034135281249999816,0.03887018494192662,-0.020574321587474437,3.4054931972785714e-06,-0.020577727080671716,-0.032632587971562155,1.6455436507935714e-05,-0.03264904340807009,-0.0186096257930957,3.476316609977182e-05,-0.018644388959195474,0.02920621434096679,7.17675297213885e-05,0.029134446811245402,2021
2021-09-28,4352.63,0.0008422128571428,1329,0.3063057966101695,0.191546582278481,0.18654297151898733,0.25598260299625464,0.19336045454545456,0.29417878010730236,0.21686831095718773,0.17431974910047646,295,316,267,44,0.11475921433168848,0.07731046915011464,0.06262214845080008,0.005003610759493682,0.04254856185671127,0.001567936373304978,3.3421145124714287e-06,0.0015645942587925066,-0.0015888074068256368,1.6669311224489288e-05,-0.001605476718050126,-0.00045500088108379577,3.4699696712017066e-05,-0.0004897005777958129,0.044716135476997425,7.232389168284009e-05,0.04464381158531459,2021
2021-09-29,4359.46,0.00083464,1335,0.3053568443708609,0.1865427412140575,0.1867698594249201,0.25486826335877866,0.18879828571428572,0.29861467174965145,0.18615126767041523,0.20090929709053373,302,313,262,42,0.11881410315680341,0.11246340407923622,0.06606997764449293,-0.00022711821086260353,-0.014758029420118501,-0.011981220973814677,3.312063492063492e-06,-0.011984533037306741,0.0009377497675047385,1.694362528344643e-05,0.0009208061422212921,0.0009950409269215827,3.474065428949246e-05,0.0009603002726320902,0.052929543143782114,7.2922403587602e-05,0.05285662074019451,2021
2021-09-30,4307.54,0.0008221028571428,1472,0.30223912084592147,0.2046850361111111,0.18538610000000003,0.25364296666666664,0.20617515789473684,0.30748541607163304,0.21551070706841388,0.17197639115714317,331,360,300,57,0.09755408473481036,0.09197470900321916,0.0474678087719298,0.01929893611111108,0.043534315911270716,0.011425952216359555,3.2623129251698414e-06,0.011422689903434384,0.021183018476335747,1.7340019841269446e-05,0.021165678456494478,0.029895432236869104,3.482327333711111e-05,0.029860608963531994,0.06685820979817365,7.357118760120714e-05,0.06678463861057245,2021
2021-10-01,4357.04,0.00078963,1501,0.2895749734042553,0.17409090136986302,0.17912196712328768,0.23973937086092717,0.1739043958333333,0.27730533610483854,0.17756575957089393,0.18740701709453603,376,365,302,48,0.11548407203439229,0.09973957653394461,0.06583497502759386,-0.005031065753424657,-0.009841257523642094,-0.013070933999937525,3.133452380952381e-06,-0.013074067452318478,0.007841491968997224,1.7756455498865874e-05,0.007823735513498358,0.02590192164143113,3.4823782832576196e-05,0.025867097858598552,0.057230708015307226,7.43341439504135e-05,0.05715637387135681,2021
2021-10-04,4300.46,0.0009120807142857,1340,0.29660094276094273,0.19654864077669904,0.18994483818770225,0.2511863953488372,0.19675731914893616,0.2827724548228219,0.21622608795450143,0.17719913131476028,297,309,258,47,0.1000523019842437,0.06654636686832044,0.05442907619990103,0.006603802588996788,0.03902695663974115,0.010469458977261837,3.619367913832143e-06,0.010465839609348004,0.014022962178466547,1.830772959183611e-05,0.014004654448874712,0.042341978358335516,3.483204010770833e-05,0.04230714631822781,0.07397525329136109,7.525902773726151e-05,0.07389999426362383,2021
2021-10-05,4345.72,0.00091134,1344,0.287374358662614,0.18145844728434507,0.1751512428115016,0.23846152452830188,0.1809097727272727,0.2744483259750423,0.19955456904503738,0.16764781142975563,329,313,265,44,0.10591591137826895,0.07489375693000494,0.05755175180102917,0.0063072044728434695,0.03190675761528175,0.004094493547635241,3.6164285714285714e-06,0.004090877119063812,0.0011338065257417821,1.803038548752778e-05,0.0011157761402542544,0.039238679387117045,3.454081845237936e-05,0.03920413856866466,0.06994630555457292,7.569241634270356e-05,0.06987061313823022,2021
2021-10-06,4363.55,0.0009345314285714,1341,0.28580283870967743,0.17714668152866242,0.17262952547770702,0.2337551698841699,0.17743953658536585,0.27175531246721313,0.19884908770369794,0.16299094848888754,341,314,259,41,0.10865615718101501,0.07290622476351519,0.05631563329880404,0.004517156050955401,0.0358581392148104,0.00826404773501655,3.708458049886508e-06,0.008260339276966663,5.7291159416824086e-05,1.779702900604603e-05,3.9494130410778054e-05,0.03880150642643402,3.424628075396667e-05,0.038767260145680056,0.07002498411319766,7.602525789599127e-05,0.06994895885530167,2021
2021-10-07,4399.76,0.0009270446428571,1476,0.27710174630541873,0.16187270473537604,0.16675572144846798,0.22276674917491748,0.15976010638297872,0.25973921477059586,0.17923103780307295,0.16160362419913982,406,359,303,47,0.11522904157004268,0.08050817696752291,0.06300664279193877,-0.004883016713091937,0.017627413603933134,-0.0019155742909790841,3.67874858276627e-06,-0.0019192530395618504,0.008712413760533265,1.7483253495841667e-05,0.008694930507037424,0.03352888616351606,3.3810082520287305e-05,0.03349507608099578,0.06548684467880951,7.627523522025436e-05,0.06541056944358925,2021
2021-10-08,4391.34,0.0009285510714285,1571,0.2681062239467849,0.16017214074074074,0.15512952319587628,0.21138171612903228,0.16027834,0.25134665533819617,0.18325201598047022,0.14473030853665897,451,405,310,50,0.10793408320604417,0.06809463935772594,0.05110337612903229,0.005042617544864458,0.038521707443811254,-0.006889463790468167,3.684726473922619e-06,-0.00689314851694209,0.01806042967243386,1.7067327333710316e-05,0.01804336234510015,0.03437130549613652,3.3467577323764285e-05,0.03433783791881275,0.06828972575419354,7.647717824746507e-05,0.06821324857594607,2021
2021-10-11,4361.19,0.00084219,1242,0.2716422848101266,0.16816126198083067,0.16551933865814697,0.22272104743083004,0.1681670243902439,0.25766193464005366,0.18715520380825246,0.15764862724187167,316,313,253,41,0.10348102282929592,0.0705067308318012,0.05455402304058615,0.0026419233226837036,0.029506576566380782,-0.0024196966754627294,3.3420238095238096e-06,-0.002423038699272253,0.028319016179869236,1.6524310515872224e-05,0.028302491869353363,0.045997711517552345,3.3106770084201984e-05,0.04596460474746814,0.07167432015908644,7.629369573489485e-05,0.07159802646335155,2021
2021-10-12,4350.65,0.0008525341666666,1250,0.269046582278481,0.1673978141025641,0.15922149511400652,0.21626532793522266,0.1667697380952381,0.2553747278497344,0.17332978794656756,0.16589013943283348,316,312,247,42,0.10164876817591689,0.08204493990316686,0.04949558983998456,0.008176318988557585,0.007439648513734076,0.0030179781813102643,3.3830720899468254e-06,0.0030145951092203174,0.03810487286137514,1.6510432964851586e-05,0.038088362428410294,0.05023553680952514,3.3662339812092856e-05,0.05020187446971305,0.06583418307717363,7.636136136636467e-05,0.06575782171580727,2021
2021-10-13,4363.8,0.0008554599999999,1255,0.2630815871559633,0.1548745,0.1571071847133758,0.2088488625,0.1538682162162162,0.24665146200811705,0.16389903147713777,0.16168751164114242,327,314,240,37,0.1082070871559633,0.08275243053097928,0.054980646283783796,-0.0022326847133758154,0.0022115198359953514,0.016919170336133042,3.394682539682143e-06,0.01691577565359336,0.03874421526701726,1.6449251747920634e-05,0.03872776601526934,0.04215315817677103,3.424112288087619e-05,0.042118917053890155,0.06336698062143845,7.63884238519869e-05,0.06329059219758645,2021
2021-10-14,4438.26,0.00082223125,1245,0.25717771468144046,0.13684887138263666,0.14078883279742765,0.18892132894736843,0.13175134375,0.239315136886819,0.13932396444399192,0.1457958431096092,361,311,228,32,0.1203288432988038,0.09999117244282707,0.057169985197368434,-0.003939961414790999,-0.00647187866561727,0.007432441620921371,3.2628224206349206e-06,0.007429178798500737,0.024816472402982653,1.6326829024445632e-05,0.024800145573958206,0.03501533188072746,3.478706675842738e-05,0.03498054481396903,0.05364449119634389,7.637598423846072e-05,0.05356811521210543,2021
2021-10-15,4471.37,0.0007917108333333,1276,0.25501775066313,0.13535887261146495,0.13056724834437086,0.1796428318181818,0.12807067741935482,0.23861241948389492,0.15954814733262584,0.11772387293990827,377,314,220,31,0.11965887805166503,0.07906427215126907,0.05157215439882698,0.004791624267094091,0.041824274392717575,0.00336912271696709,3.141709656084524e-06,0.003365981007311005,0.016310875823702588,1.640024999005397e-05,0.016294475573712535,0.029530335940383106,3.5485091843461117e-05,0.029494850848539644,0.0462013722599128,7.649239749760478e-05,0.046124879862415195,2021
2021-10-18,4486.46,0.0008386928571428,1008,0.2497755593869732,0.13439263755458516,0.13325812227074235,0.18278732934131736,0.12847195652173912,0.2357987376105203,0.1562717740361625,0.12263649447956218,261,229,167,23,0.11538292183238805,0.07952696357435782,0.05431537281957824,0.001134515283842813,0.03363527955660031,0.007366160006043284,3.3281462585031747e-06,0.007362831859784781,0.01767869533768328,1.6582459568329763e-05,0.01766211287811495,0.0279596636569091,3.6368651461752776e-05,0.027923295005447345,0.04669000766553279,7.686942366918452e-05,0.046613138241863604,2021
2021-10-19,4519.63,0.0008371165,1013,0.2502026642335767,0.1272892334801762,0.1315101321585903,0.17645427950310558,0.12034585714285714,0.23628846983183904,0.14785837505262858,0.12200298840841721,274,227,161,21,0.12291343075340047,0.08843009477921046,0.05610842236024843,-0.004220898678414103,0.025855386644211373,0.0036573205869523144,3.321890873015873e-06,0.0036539986960792987,0.012130663948150013,1.715190684724127e-05,0.012113512041302772,0.024267114926982067,3.7098841371049996e-05,0.02423001608561102,0.03671882806515374,7.695045598210991e-05,0.036641877609171626,2021
2021-10-20,4536.19,0.0008246094736842,1025,0.251483273381295,0.12493806465517242,0.13071900431034483,0.1745694779874214,0.11877154999999999,0.23293526132818615,0.12994284219946603,0.1321831888695842,278,232,159,20,0.12654520872612257,0.10299241912872012,0.055797927987421406,-0.005780939655172415,-0.0022403466701181596,0.0029914274720985803,3.2722598162071427e-06,0.0029881552122823733,0.0034089429097537123,1.7791871132955555e-05,0.003391151038620757,0.027050305580503625,3.782970701730833e-05,0.027012475873486316,0.03644054725271572,7.702470963708056e-05,0.03636352254307864,2021
2021-10-21,4549.78,0.0008407333333333,1171,0.24590943373493976,0.12570449128919858,0.12277545652173913,0.170391635,0.12037007407407406,0.22727884393552983,0.14800931424866584,0.11375453593807044,332,287,200,27,0.12020494244574118,0.07926952968686399,0.050021560925925954,0.002929034767459454,0.034254778310595396,-0.0010731549583585973,3.336243386243254e-06,-0.0010764912017448406,0.010198859477744918,1.8460237733981744e-05,0.010180399240010936,0.028232050214665117,3.850671732581746e-05,0.0281935434973393,0.0320494917935579,7.723860061452422e-05,0.031972253192943376,2021
2021-10-22,4544.9,0.0008376276470588,1330,0.2518112118863049,0.1275087012195122,0.12577674683544304,0.17620387772925764,0.12363033333333333,0.23432274226632077,0.15038051567350677,0.11821954173945667,387,328,229,30,0.12430251066679271,0.083942226592814,0.05257354439592431,0.0017319543840691454,0.0321609739340501,0.0047369422309476855,3.3239192343603174e-06,0.0047336183117133255,0.013219460116680357,1.9084841853407144e-05,0.01320037527482695,0.03303111347365218,3.912890931372381e-05,0.03299198456433846,0.029920392632348407,7.74092759957877e-05,0.029842983356352618,2021
2021-10-25,4566.48,0.0009821935714285,1057,0.2462611227436823,0.12441491025641024,0.1308003076923077,0.17748847093023254,0.12045095652173914,0.23106763081869625,0.14476462731225057,0.12193556617418695,277,234,172,23,0.12184621248727207,0.08630300350644568,0.0570375144084934,-0.006385397435897444,0.022829061138063614,0.001818128616510003,3.897593537414682e-06,0.0018142310229725884,0.01028096831922597,1.9786191893423016e-05,0.010261182127332546,0.029181478027109395,3.968568168934048e-05,0.029141792345420053,0.026839157634183382,7.85656984721857e-05,0.026760591935711196,2021
2021-10-26,4574.79,0.0009983875,1069,0.25400595035460993,0.12997450210970465,0.12858281012658226,0.1824058757062147,0.1264543043478261,0.24171483674171276,0.13780062839114662,0.13269302442129197,282,237,177,23,0.12403144824490528,0.10391420835056614,0.0559515713583886,0.0013916919831223895,0.005107603969854657,-0.005064400451443849,3.961855158730159e-06,-0.005068362306602579,0.012136450978832163,1.9946934523808732e-05,0.012116504044308354,0.023858480025024102,3.928933211327818e-05,0.023819190692910823,0.027312302741170833,7.918839153089088e-05,0.02723311434963994,2021
2021-10-27,4551.68,0.0009930378571428,1074,0.265245393382353,0.14046601687763716,0.1389348818565401,0.19685355913978494,0.13726226923076923,0.25461477925160214,0.16465697300906867,0.12624891705579913,272,237,186,26,0.12477937650471582,0.08995780624253347,0.059591289909015716,0.0015311350210970576,0.03840805595326954,0.00978134404008955,3.9406264172333335e-06,0.009777403413672317,0.02364136267074973,2.0037835884352777e-05,0.023621324834865377,0.02066304671909232,3.8737166395541665e-05,0.02062430955269678,0.009389658219330797,7.965491159261905e-05,0.009310003307738178,2021
2021-10-28,4596.42,0.0009981335714285,1227,0.2557046137724551,0.1299653436426117,0.137062676975945,0.1877138274336283,0.12684546666666666,0.23776468846613114,0.13003109101560031,0.1441369184629664,334,291,226,30,0.12573927012984343,0.10773359745053082,0.06086836076696164,-0.007097333333333317,-0.014105827447366076,0.00194744568057697,3.9608475056686505e-06,0.0019434848330713013,0.018033190736920352,2.0046479591835714e-05,0.018013144257328518,0.01143247840457789,3.820667455387738e-05,0.011394271730024013,0.01272217157192512,8.001449681559722e-05,0.012642157075109522,2021
2021-10-29,4605.38,0.0010143678571428,1220,0.2549317741935484,0.1335434195804196,0.13050833691756272,0.18496674887892378,0.1301408064516129,0.23969035948409223,0.15699384992579257,0.12138261062601163,341,286,223,31,0.1213883546131288,0.08269650955829966,0.05482594242731087,0.003035082662856875,0.03561123929978094,0.0017984504334932693,4.025269274376191e-06,0.0017944251642188931,0.019811653356971704,2.004406746031667e-05,0.01979160928951139,0.016681713635039383,3.762806997436469e-05,0.01664408556506502,-0.0083686511009886,8.043628599423174e-05,-0.008449087386982832,2021
2021-11-01,4613.67,0.0010227007142857,1230,0.25812542116182574,0.13164634210526316,0.13910579473684212,0.19224799352750807,0.12972765,0.24317436671693027,0.15206291683625459,0.12990951678658966,482,380,309,40,0.12647907905656258,0.09111144988067568,0.06252034352750807,-0.007459452631578961,0.02215340004966493,0.003673611276116367,4.058336167800396e-06,0.0036695529399485664,0.01890050970788355,1.989948979591746e-05,0.018880610218087634,0.014872585886036674,3.698203637976746e-05,0.014835603849656907,-0.022052651647911516,8.067537077629286e-05,-0.02213332701868781,2021
2021-11-02,4630.65,0.0010212946428571,1228,0.2558567186858316,0.13084074540682414,0.13381566141732285,0.18540845637583891,0.128029725,0.24019981392465034,0.1528049405740497,0.12473274777444354,487,381,298,40,0.12501597327900746,0.08739487335060064,0.057378731375838904,-0.002974916010498707,0.028072192799606155,0.0064405112404735685,4.0527565192742065e-06,0.006436458483954294,0.01172202904619173,1.9342397589469444e-05,0.01170268664860226,0.015056732732507145,3.644243603963135e-05,0.015020290296467514,-0.011631637208330891,8.089900991713414e-05,-0.011712536218248025,2021
2021-11-03,4660.57,0.0009952160714285,1235,0.249953572,0.12575781481481482,0.12721605291005292,0.17501083812949642,0.1228066052631579,0.23090934788307024,0.14661878095195133,0.11934002887462618,500,378,278,38,0.12419575718518519,0.08429056693111892,0.05220423286633852,-0.0014582380952380958,0.02727875207732515,0.004173172106260179,3.94927012471627e-06,0.004169222836135462,-0.002978315951657328,1.8699330511188888e-05,-0.002997015282168517,0.006011201897697886,3.5798858091785716e-05,0.0059754030396061,-0.026556620986438788,8.109067359186311e-05,-0.02663771166003065,2021
2021-11-04,4680.06,0.0009975257142857,1240,0.2558421532416503,0.12143145967741935,0.13216365860215054,0.17580940287769783,0.11838167567567567,0.23847598807433903,0.13865743239756725,0.12388038166926203,509,372,278,37,0.13441069356423097,0.09981855567677178,0.05742772720202216,-0.010732198924731193,0.014777050728305222,0.0037259083006282606,3.958435374149603e-06,0.003721949865254111,-0.006600712332342415,1.8160194962041668e-05,-0.006618872527304457,0.005217069565952059,3.5245732495055956e-05,0.005181823833457003,-0.019067138036775816,8.219356616555952e-05,-0.019149331602941376,2021
2021-11-05,4697.53,0.0009779342857142,1373,0.26167547977941175,0.1304637476635514,0.13130605841121495,0.18053859105431308,0.1259087906976744,0.24122496159299694,0.14952877674252676,0.12493615480195788,544,428,313,43,0.13121173211586035,0.09169618485047018,0.05462980035663867,-0.000842310747663555,0.02459262194056888,0.0008873067844048929,3.880691609976984e-06,0.0008834260927949158,-0.0031299397219323897,1.7584002514048014e-05,-0.003147523724446438,9.153327826440716e-05,3.477344791455714e-05,5.675983034985001e-05,-0.002297460165658572,8.212025975966389e-05,-0.002379580425418236,2021
2021-11-08,4701.7,0.0008823134782608,1093,0.263785412470024,0.1345479762611276,0.1359744658753709,0.18918606818181818,0.13008074285714286,0.24607227604163054,0.1542518178225058,0.12711259827564603,417,337,264,35,0.1292374362088964,0.09182045821912474,0.05910532532467533,-0.0014264896142432981,0.027139219546859772,-0.003504869385575243,3.501243961352381e-06,-0.0035083706295365954,-0.004027923821846896,1.708254658385e-05,-0.004045006368430746,-0.003998027625708595,3.43996750720869e-05,-0.0040324273007806815,-0.00010422305444658569,8.20602212581524e-05,-0.0001862832757047381,2021
2021-11-09,4685.25,0.0008592417391304,1094,0.2699048140096618,0.13847914071856288,0.14098215868263472,0.1965460112781955,0.13509325714285714,0.25464420545397193,0.1602355211588655,0.13069214425651157,414,334,266,35,0.13142567329109894,0.09440868429510643,0.06145275413533835,-0.0025030179640718464,0.029543376902353924,-0.008259833757375561,3.4096894409936505e-06,-0.008263243446816554,0.003334703686315393,1.7100038450161904e-05,0.003317603647865231,0.0011625489926492376,3.5378772821492855e-05,0.0011271702198277448,-0.003806392056079834,9.897051896346667e-05,-0.0039053625750433006,2021
2021-11-10,4646.71,0.0008593539130434,1087,0.2750058136020151,0.15053469253731344,0.14236823197492163,0.20254960299625469,0.14766776315789473,0.2618014786385806,0.15995885986013902,0.1473306907918431,397,335,267,38,0.12447112106470165,0.10184261877844158,0.05488183983835995,0.008166460562391814,0.012628169068295919,0.0005507757255752215,3.4101345755690477e-06,0.0005473655909996525,0.008989517849355227,1.7099527580596825e-05,0.00897241832177463,0.011713656473522368,3.6489369976619046e-05,0.011677167103545749,0.013957248520174673,0.00011623856761771111,0.013841009952556962,2021
2021-11-11,4649.27,0.0008523252173913,1239,0.26607263999999997,0.1422220330788804,0.14124154707379136,0.19569285284280938,0.14109054545454544,0.2490420548044741,0.14822767650818688,0.14809400972508102,450,393,299,44,0.12385060692111957,0.10081437829628723,0.05460230738826394,0.000980486005089043,0.00013366678310586244,0.007196680911038463,3.3822429261559524e-06,0.007193298668112307,0.01181778189829444,1.7085537533014285e-05,0.011800696360761425,-0.011824164225336612,3.750761062150833e-05,-0.011861671835958121,0.004228272581556693,0.0001337086175659512,0.004094563963990742,2021
2021-11-12,4682.85,0.0008515673913043,1314,0.2555788036072144,0.13359714485981308,0.13229652336448597,0.18209682958199358,0.13079762222222222,0.24101411593388,0.13806615397471658,0.1349870003188149,499,428,311,45,0.12198165874740133,0.10294796195916342,0.051299207359771365,0.0013006214953271145,0.003079153655901695,-1.0677315509449458e-05,3.379235679778968e-06,-1.4056551189228427e-05,0.003221473000196812,1.7189445400509126e-05,0.003204283554796303,-0.0059069877436911675,3.842557933556389e-05,-0.005945413323026731,-0.010467051451356155,0.00015133436075090635,-0.010618385812107061,2021
2021-11-15,4682.8,0.0008867214285714,1018,0.2530216991869919,0.135075724852071,0.1387106449704142,0.18963977011494254,0.1330732857142857,0.24092222129595992,0.15472902231102542,0.1302486669359765,369,338,261,35,0.1179459743349209,0.0861931989849345,0.05656648440065684,-0.0036349201183431823,0.024480355375048918,0.0038577581225869607,3.5187358276642855e-06,0.0038542393867592967,2.9896196138152374e-05,1.7317128488236906e-05,1.2579067649915468e-05,-0.025039687420518476,3.942898034008809e-05,-0.025079116400858564,0.005759838764057357,0.00016916765284890516,0.005590671111208452,2021
2021-11-16,4700.9,0.000859113,1012,0.25067354641909817,0.1361089375,0.13274656845238095,0.18475251361867703,0.13284116666666668,0.23652645138861875,0.15332887466550085,0.12472456148807888,377,336,257,36,0.11456460891909817,0.0831975767231179,0.05191134695201036,0.0033623690476190515,0.028604313177421972,-0.002605019594335725,3.4091785714285713e-06,-0.0026084287729071535,-0.0021721546936660564,1.827873437133095e-05,-0.0021904334280373875,-0.040782995656535224,4.0174598568861115e-05,-0.04082317025510408,-0.006879745201282892,0.00018710020273552658,-0.007066845404018418,2021
2021-11-17,4688.67,0.0008558284210526,1015,0.25622664769647696,0.1417231449704142,0.13385009939759035,0.1893752,0.13768838888888887,0.24255443253099626,0.15437442905712417,0.1330011211821225,369,338,255,36,0.11450350272606277,0.08818000347387209,0.05168681111111112,0.007873045572823839,0.021373307875001663,0.003379039774514253,3.3961445279865078e-06,0.0033756436299862665,0.002724138624167061,1.938984239602222e-05,0.002704748781771039,-0.0240833503465025,4.1047395306074206e-05,-0.024124397741808575,-0.014615736513592527,0.00020535005591012972,-0.014821086569502656,2021
2021-11-18,4704.54,0.00087851,1020,0.26240389124668434,0.13991094690265488,0.13706260766961653,0.1915302471042471,0.1357353243243243,0.24647764219662902,0.15877100058341503,0.130077732453242,377,339,259,37,0.12249294434402946,0.08770664161321398,0.05579492277992279,0.002848339233038344,0.028693268130173033,-0.0013996279870592404,3.4861507936507935e-06,-0.0014031141378528912,-0.023641946123631043,2.0422073088494047e-05,-0.023662368196719536,-0.035946862658650956,4.1895670972090874e-05,-0.03598875832962305,-0.02944814929830861,0.00022364195900119086,-0.0296717912573098,2021
2021-11-19,4697.96,0.0008837435294117,1021,0.2679783573333333,0.14200071386430677,0.13752850737463126,0.1957661269230769,0.1386875,0.25472638393397123,0.16495287261533476,0.12701724781857773,375,339,260,36,0.12597764346902654,0.08977351131863648,0.057078626923076914,0.004472206489675501,0.03793562479675702,-0.0032022541195681504,3.506918767506746e-06,-0.0032057610383356572,-0.009128460743888117,2.123613393505476e-05,-0.009149696877823172,-0.022884579615668605,4.346168287685277e-05,-0.02292804129854546,-0.010426757449440511,0.00024213691931865118,-0.010668894368759162,2021
2021-11-22,4682.94,0.0011290461111111,789,0.27601740143369174,0.15775765163934424,0.1452880655737705,0.21016891262135923,0.15444129999999998,0.26556305290468524,0.17789816473792064,0.13383419533209076,279,244,206,30,0.1182597497943475,0.0876648881667646,0.05572761262135925,0.012469586065573746,0.04406396940582988,0.001655707232782677,4.480341710758333e-06,0.0016512268910719187,-0.025069583616656697,2.211185185185119e-05,-0.02509169546850855,0.0008132606756451954,4.38398930776e-05,0.0007694207825675954,0.0029042080224044365,0.00026080672277336626,0.00264340129963107,2021
2021-11-23,4690.7,0.0011391122222222,788,0.273727024911032,0.1504995755102041,0.14569651020408164,0.20577739800995026,0.14726864285714286,0.26030922038696425,0.169798446001332,0.1369183521278135,281,245,201,28,0.12322744940082792,0.09051077438563224,0.0585087551528074,0.004803065306122456,0.03288009387351851,0.0022912737234973743,4.520286596119841e-06,0.0022867534369012546,-0.03861084096286914,2.189586419753016e-05,-0.038632736827066666,0.0022380973384793536,4.318020447530714e-05,0.0021949171340040464,0.007452917684945969,0.0002789050735229254,0.007174012611423044,2021
2021-11-24,4701.46,0.0011159505555555,936,0.2673513093093093,0.15024447491638798,0.14103138461538461,0.20026078861788618,0.14661694736842104,0.2552651304212151,0.17052954954701605,0.13020004278871733,333,299,246,38,0.1171068343929213,0.08473558087419908,0.05364384124946514,0.009213090301003368,0.04032950675829872,-0.022987044973283768,4.428375220458333e-06,-0.022991473348504227,-0.026807488970669466,2.1657552910051985e-05,-0.026829146523579518,-0.007260214772226572,5.907145954585397e-05,-0.007319286231772425,0.01890571603034568,0.0002965808266093452,0.018609135203736336,2021
2021-11-26,4594.62,0.0010836533333333,1032,0.3309158996865204,0.21741792749244712,0.19173197872340425,0.2762849142857143,0.2161796,0.32795426327273447,0.243526872122481,0.17786875314112235,319,331,315,55,0.11349797219407329,0.08442739115025347,0.06010531428571428,0.02568594876904287,0.06565811898135865,0.013113857392683798,4.300211640211507e-06,0.013109557181043587,-0.012304916535019951,2.1473597883596824e-05,-0.012326390132903547,0.02523063701993625,7.532082242063373e-05,0.025155316197515615,0.04088206297219182,0.0003143982979497334,0.04056766467424208,2021
2021-11-29,4655.27,0.0011044244444444,1029,0.3030346,0.1769918,0.16607427462686566,0.23787775432525954,0.17544062222222223,0.29004500905228886,0.20033286368307435,0.15407754876834787,350,335,289,45,0.12604279999999998,0.08971214536921451,0.06243713210303731,0.01091752537313434,0.04625531491472648,-0.019143376992336782,4.382636684303175e-06,-0.019147759629021086,-0.013756118871780609,2.2225548941798018e-05,-0.013778344420722406,0.002938579414209379,9.190079530423135e-05,0.0028466786189051472,0.02916912715973267,0.00033211052810846347,0.028837016631624208,2021
2021-11-30,4567.0,0.0010746172222222,1046,0.34176145714285716,0.21858894561933534,0.19835633836858005,0.2820681026490066,0.21882428301886794,0.33411944417659223,0.22376344866938694,0.21653535212830183,315,331,302,53,0.12317251152352182,0.11035599550720529,0.06324381963013867,0.02023260725075529,0.007228096541085111,-0.011885550113429818,4.2643540564373015e-06,-0.011889814467486255,0.02588284429230186,2.172804122574881e-05,0.02586111625107611,0.014583313284671781,0.00010852614473103928,0.014474787139940742,0.045318286621992304,0.00034928757396384286,0.04496899904802846,2021
2021-12-01,4513.04,0.0010790577777777,1043,0.37760581911262797,0.24993216049382716,0.23400984567901237,0.3225812277227723,0.2492257931034483,0.36451897951924883,0.26642825283322114,0.24167134116407907,293,324,303,58,0.1276736586188008,0.0980907266860277,0.073355434619324,0.015922314814814792,0.024756911669142068,0.014094625715697029,4.281975308641666e-06,0.014090343740388388,0.04084893830134853,2.1284340277776986e-05,0.040827653961070756,0.042685076298005636,0.00012547431845237977,0.042559601979553253,0.054574161393876254,0.0003664690056216913,0.05420769238825456,2021
2021-12-02,4577.1,0.0010695938888888,1242,0.35300793417721515,0.2090667487046632,0.22034989119170986,0.2997573139841689,0.20854322033898307,0.34347382978725166,0.2202390631367604,0.22435778275675589,395,386,379,59,0.14394118547255194,0.12323476665049127,0.09121409364518582,-0.011283142487046649,-0.004118719619995492,-0.008484472537634197,4.244420194003174e-06,-0.0084887169578282,0.01954727419844289,3.7413906635801986e-05,0.01950986029180709,0.01980862473955525,0.0001426436288580238,0.019665981110697228,,0.0003832423319003511,,2021
2021-12-03,4538.43,0.001273145,1056,0.3634355572289157,0.2334831651376147,0.2205530275229358,0.31378414825581397,0.23309022033898305,0.360039137730834,0.2467952874805399,0.22009570690823652,332,327,344,59,0.129952392091301,0.11324385025029413,0.08069392791683092,0.0129301376146789,0.026699580572303372,0.011662655055923081,5.052162698412699e-06,0.011657602893224669,0.03753555355495608,5.384722453703691e-05,0.03748170633041904,0.017952086370544188,0.00016005824041005236,0.017792028130134134,,,,2021
2021-12-06,4591.67,0.0009790525,1072,0.3434931720430108,0.20772749393939394,0.19926769090909088,0.2850921691394659,0.20689946153846156,0.32896613479371883,0.2225074099171389,0.19925301919478564,372,330,337,52,0.13576567810361684,0.10645872487657992,0.07819270760100433,0.008459803030303054,0.023254390722353274,0.020495586171745628,3.885128968253968e-06,0.020491701042777373,0.01669469828599003,6.967524636243333e-05,0.0166250230396276,-0.00516394169558074,0.0001766941253306873,-0.005340635820911427,,,,2021
2021-12-07,4686.75,0.0009628045833333,1060,0.30625370217917675,0.1740629230769231,0.1674548,0.23722088778877887,0.17040618181818182,0.2941437216837678,0.1860210321277348,0.16576461245221324,413,325,303,44,0.13219077910225366,0.10812268955603299,0.06681470597059705,0.0066081230769231,0.020256419675521553,0.003080543895616996,3.820653108465476e-06,0.0030767232425085306,-0.011299531007629978,8.679810350529047e-05,-0.011386329111135268,-0.008037764005517522,0.00019479010747354444,-0.008232554112991066,,,,2021
2021-12-08,4701.21,0.0051437085,1072,0.28666870743405276,0.1596458168168168,0.15383196096096094,0.2120060708955224,0.15581665,0.26834804858481687,0.16887026388486442,0.1549785969402473,417,333,268,40,0.12702289061723596,0.09947778469995244,0.056189420895522396,0.005813855855855865,0.013891666944617131,-0.007207038387208448,2.0411541666666668e-05,-0.007227449928875115,0.0018361379966571514,0.00010418997817460279,0.0017319480184825487,-0.00098959654885765,0.0002131461765873008,-0.0012027427254449508,,,,2021
2021-12-09,4667.45,0.00521079,1239,0.2983306897321429,0.1731791954314721,0.1610926330749354,0.22779787462686565,0.17053868000000003,0.28389457232995763,0.18469165869842677,0.1621930161849696,448,394,335,50,0.1251514943006708,0.09920291363153086,0.05725919462686563,0.012086562356536684,0.02249864251345718,0.009503806818878939,2.0677738095238095e-05,0.0094831290807837,0.0002613505411122598,0.00010522972222222182,0.00015612081889003796,0.012421858733675255,0.0002153133273809516,0.012206545406294303,,,,2021
2021-12-10,4712.02,0.0052618064999999,1327,0.28140160000000003,0.15040119953051642,0.14652961267605635,0.20671384548104957,0.14693433333333333,0.2619313595463945,0.17172058146222968,0.1404425692769665,520,426,343,48,0.1310004004694836,0.09021077808416483,0.059779512147716235,0.0038715868544600684,0.03127801218526319,-0.009178200213042893,2.0880184523809125e-05,-0.009199080397566702,-0.019583467184411976,0.00010621101587301547,-0.019689678200284992,0.01666212398369337,0.00021683162896825317,0.016445292354725118,,,,2021
2021-12-13,4668.97,0.0052940125,958,0.2816687485875706,0.1707011343283582,0.15975214759036144,0.22269419713261648,0.16855683720930234,0.2671770545382344,0.1912870857371077,0.15140003241454558,354,335,279,43,0.11096761425921242,0.07588996880112672,0.05413735992331414,0.010948986737996769,0.03988705332256212,-0.007498643121874399,2.100798611111111e-05,-0.00751965110798551,-0.021858639981570845,0.00010701887896825396,-0.021965658860539097,0.02482962616529853,0.00021819729100529047,0.02461142887429324,,,,2021
2021-12-14,4634.09,0.005345557,956,0.29506243452380954,0.17786424550898203,0.17942366467065868,0.24043977464788732,0.17705427659574466,0.28455533374054826,0.18653459869811634,0.18205689206005587,336,334,284,47,0.11719818901482751,0.09802073504243192,0.06338549805214266,-0.0015594191616766506,0.0044777066380604635,0.016216212899904034,2.1212527777777776e-05,0.016195000372126254,0.003261767002112421,0.00010799200396825397,0.003153774998144167,0.03372919086739746,0.00021920174669312105,0.03350998912070434,,,,2021
2021-12-15,4709.85,0.005405724,961,0.27951437142857144,0.15473991150442476,0.1562086725663717,0.2132672518248175,0.15129502564102565,0.26510001151462154,0.17387696473676445,0.1483973131950176,385,339,274,39,0.12477445992414668,0.09122304677785709,0.06197222618379186,-0.0014687610619469327,0.02547965154174686,-0.008781825842753357,2.1451285714285715e-05,-0.008803277128467643,-0.0028257345455148008,0.00010895619841269802,-0.002934690743927499,0.01451876043741647,0.0002195489014550258,0.014299211535961445,,,,2021
2021-12-16,4668.67,0.005458076,955,0.29176281147540983,0.17333753432835822,0.16248869161676646,0.22683657194244605,0.1711612380952381,0.2779147150273391,0.1958758904571198,0.1534778701136296,366,335,278,42,0.11842527714705162,0.0820388245702193,0.055675333847207964,0.010848842711591755,0.04239802034349022,-0.010341010906645293,2.1659031746031748e-05,-0.010362669938391324,0.012160508192562935,0.00011008360515872976,0.012050424587404206,0.02067091093862414,0.0002195434014550258,0.020451367537169116,,,,2021
2021-12-17,4620.64,0.005465388,944,0.2993903108504399,0.1862583641791045,0.1736263282674772,0.23664632352941178,0.1851039777777778,0.28526368911315947,0.2103500753586173,0.1610254848696225,341,335,272,45,0.11313194667133539,0.07491361375454217,0.051542345751633994,0.012632035911627287,0.04932459048899479,-0.011453373010201799,2.1688047619047617e-05,-0.011475061057820847,0.0362455911681053,0.00011062061309523769,0.03613497055501006,,0.00021893967129629565,,,,,2021
2021-12-20,4568.02,0.00553924,661,0.29952257788944725,0.20211196234309622,0.18930348117154813,0.2526943216080402,0.2009205142857143,0.2896834505908132,0.21302567513759266,0.189257552904996,199,239,199,35,0.09741061554635103,0.07665777545322053,0.051773807322325865,0.012808481171548092,0.023768122232596667,0.01762176386180875,2.198111111111111e-05,0.01759978275069764,0.0466882661468694,0.0001111784120370365,0.04657708773483236,,,,,,,2021
2021-12-21,4649.23,0.0055885339999999,675,0.29052409960159364,0.17575623868312756,0.17499030452674896,0.23669201904761902,0.17388215625,0.27758686684247574,0.17991899857420068,0.182655048035619,251,243,210,32,0.11476786091846608,0.09766786826827506,0.06280986279761902,0.0007659341563786004,-0.0027360494614183106,0.010128711352276767,2.2176722222221825e-05,0.010106534630054545,0.030467423865285077,0.00011120974272486705,0.030356214122560208,,,,,,,2021
2021-12-22,4696.56,0.0056898305,674,0.27394494423791826,0.15560592653061225,0.1535106530612245,0.2104842617801047,0.15244639285714287,0.2624426496760006,0.177615778205455,0.14642435025929892,269,245,191,28,0.11833901770730601,0.08482687147054563,0.05803786892296184,0.0020952734693877595,0.031191427946156064,0.006204416895324275,2.257869246031746e-05,0.006181838202863958,0.017344494982931356,0.00011059270304232778,0.017233902279889027,,,,,,,2021
2021-12-23,4725.79,0.005593402,940,0.2682511129032258,0.1543029970149254,0.14367936842105264,0.20137101115241635,0.14842620512820512,0.2545396777295947,0.1761901841587745,0.13347626887258915,372,335,269,39,0.1139481158883004,0.07834949357082019,0.05294480602421123,0.010623628593872753,0.042713915286185344,0.013744072068897223,2.2196039682539683e-05,0.013721876029214684,0.008510402746061253,0.00010945979629629604,0.008400942949764957,,,,,,,2021
2021-12-27,4791.19,0.0056059533333333,666,0.25856541666666666,0.14540247435897435,0.14434431623931623,0.1961699798994975,0.13829411111111112,0.24612691409855186,0.16113332624786963,0.1382096150052429,276,234,199,27,0.1131629423076923,0.08499358785068223,0.05787586878838638,0.0010581581196581202,0.022923711242626738,-0.0010106980314378653,2.2245846560846426e-05,-0.0010329438779987116,,0.00010831905820105794,,,,,,,,2021
2021-12-28,4786.35,0.0055471353333333,696,0.26185558974358975,0.1420578514056225,0.14350068674698796,0.19680403535353536,0.13680577777777778,0.24971330843684694,0.159530924755227,0.13604581558681897,273,249,198,27,0.11979773833796725,0.09018238368161993,0.05999825757575758,-0.001442835341365467,0.02348510916840804,0.001400921580224578,2.2012441798941667e-05,0.0013789091384256364,,,,,,,,,,2021
2021-12-29,4793.06,0.00543304,699,0.2528747862318841,0.14120389156626506,0.13036381893004115,0.1820355769230769,0.13499688,0.23943012545293357,0.16245386245206545,0.12313033285514494,276,249,182,25,0.11167089466561902,0.07697626300086813,0.047038696923076884,0.010840072636223913,0.03932352959692051,-0.002994217530076943,2.155968253968254e-05,-0.0030157772126166256,,,,,,,,,,2021
2021-12-30,4778.73,0.005404338,701,0.26048813284132843,0.14185648192771083,0.13762941365461845,0.19030035675675674,0.13561,0.2510921950176997,0.14842137723797466,0.13972434475895482,271,249,185,25,0.1186316509136176,0.10267081777972503,0.054690356756756736,0.0042270682730923825,0.008697032479019845,-0.0026296753415458013,2.1445785714285713e-05,-0.0026511211272600872,,,,,,,,,,2021
2021-12-31,4766.18,0.005305936,697,0.2576153759398496,0.14221473279352229,0.1328190289256198,0.18642457865168538,0.13609503846153845,0.24339517581061168,0.14664313682398208,0.13814796801171422,266,247,178,26,0.11540064314632734,0.0967520389866296,0.05032954019014693,0.009395703867902477,0.008495168812267861,,2.1055301587301588e-05,,,,,,,,,,,2021
