Date,vs_ew,excess_1d,log_ret_1d,rf_1d,forecast_excess,invested,strategy_log_ret_gross,switch,strategy_log_ret_net,buy_hold_log_ret,cash_log_ret,strategy_log_ret_gross_growth,strategy_log_ret_net_growth,buy_hold_log_ret_growth,cash_log_ret_growth
2019-07-05,0.12001607998680357,-0.004942202927616394,-0.004847185993376031,9.50169342403627e-05,0.00014008923552955455,1,-0.004847185993376031,0.0,-0.004847185993376031,-0.004847185993376031,9.50169342403627e-05,99.51645426546861,99.51645426546861,99.51645426546861,100.00950214484922
2019-07-08,0.10227229874450722,0.0011412450824673215,0.0012358159804265049,9.457089795918333e-05,0.0006517317687365007,1,0.0012358159804265049,0.0,0.0012358159804265049,0.0012358159804265049,9.457089795918333e-05,99.63951431409072,99.63951431409072,99.63951431409072,100.01896058051084
2019-07-09,0.1008817458158163,0.004405572575707764,0.004500484767317741,9.491219160997698e-05,0.0006940007630871301,1,0.004500484767317741,0.0,0.004500484767317741,0.004500484767317741,9.491219160997698e-05,100.0889510134062,100.0889510134062,100.0889510134062,100.02845404977796
2019-07-10,0.10674633706940874,0.002187222245020127,0.0022826717159195975,9.544947089947064e-05,0.0005287824361437346,1,0.0022826717159195975,0.0,0.0022826717159195975,0.0022826717159195975,9.544947089947064e-05,100.3176821907364,100.3176821907364,100.3176821907364,100.03800216846608
2019-07-11,0.11285842810490695,0.0045152713113402135,0.0046094985236418,9.42272123015869e-05,0.0003484453594447632,1,0.0046094985236418,0.0,0.0046094985236418,0.0046094985236418,9.42272123015869e-05,100.7811637869055,100.7811637869055,100.7811637869055,100.04742891465568
2019-07-12,0.11060489505033556,8.124916565068941e-05,0.00017584401022740885,9.459484457671944e-05,0.0004225787730273759,1,0.00017584401022740885,0.0,0.00017584401022740885,0.00017584401022740885,9.459484457671944e-05,100.79888710912553,100.79888710912553,100.79888710912553,100.05689333327969
2019-07-15,0.1096104775372614,-0.003503222083711773,-0.003409581359505424,9.36407242063488e-05,0.0004518264448323487,1,-0.003409581359505424,0.0,-0.003409581359505424,-0.003409581359505424,9.36407242063488e-05,100.45579034313022,100.45579034313022,100.45579034313022,100.06626317192567
2019-07-16,0.10632237705882355,-0.0066460332792025656,-0.006552626285154946,9.340699404761905e-05,0.000543633389104764,1,-0.006552626285154946,0.0,-0.006552626285154946,-0.006552626285154946,9.340699404761905e-05,99.79969301868307,99.79969301868307,99.79969301868307,100.0756104973201
2019-07-17,0.1047846040086824,0.003482182742170375,0.003575535665450798,9.335292328042302e-05,0.0005755455138407432,1,0.003575535665450798,0.0,0.003575535665450798,0.003575535665450798,9.335292328042302e-05,100.15716908383803,100.15716908383803,100.15716908383803,100.08495328419056
2019-07-18,0.11170380175802383,-0.006288808169897641,-0.006195889687754784,9.291848214285714e-05,0.00037612611039620743,1,-0.006195889687754784,0.0,-0.006195889687754784,-0.006195889687754784,9.291848214285714e-05,99.53852481766715,99.53852481766715,99.53852481766715,100.09425345820739
2019-07-19,0.10602668217270195,0.002732000390868369,0.0028247279603128136,9.272756944444445e-05,0.0005341650326027817,1,0.0028247279603128136,0.0,0.0028247279603128136,0.0028247279603128136,9.272756944444445e-05,99.82009155935141,99.82009155935141,99.82009155935141,100.10353538538455
2019-07-22,0.10331346687343469,0.006732891311704957,0.006824164701727632,9.127339002267539e-05,0.0006191725162409132,1,0.006824164701727632,0.0,0.006824164701727632,0.006824164701727632,9.127339002267539e-05,100.5036098728937,100.5036098728937,100.5036098728937,100.11267259139798
2019-07-23,0.10705270148117386,0.004585816954544233,0.00467716366089344,9.134670634920635e-05,0.0005196914928722921,1,0.00467716366089344,0.0,0.00467716366089344,0.00467716366089344,9.134670634920635e-05,100.97478272210168,100.97478272210168,100.97478272210168,100.12181797199686
2019-07-24,0.10749553420195439,-0.00536750466312453,-0.005276251069020221,9.125359410430834e-05,0.0005134145208138068,1,-0.005276251069020221,0.0,-0.005276251069020221,-0.005276251069020221,9.125359410430834e-05,100.44341745780683,100.44341745780683,100.44341745780683,100.13095486461584
2019-07-25,0.11128330033670034,0.007269990968848365,0.007360474259664691,9.04832908163262e-05,0.00038863521245363674,1,0.007360474259664691,0.0,0.007360474259664691,0.007360474259664691,9.04832908163262e-05,101.18545617490582,101.18545617490582,101.18545617490582,100.14001545283433
2019-07-26,0.10989660135816225,-0.0017075951936691186,-0.001617376729950298,9.021846371882064e-05,0.00044133047876855364,1,-0.001617376729950298,0.0,-0.001617376729950298,-0.001617376729950298,9.021846371882064e-05,101.02193344725308,101.02193344725308,101.02193344725308,100.14905033873589
2019-07-29,0.1126714845935971,-0.0026717234885356798,-0.002581972383093503,8.975110544217658e-05,0.00035400349994303,1,-0.002581972383093503,0.0,-0.002581972383093503,-0.002581972383093503,8.975110544217658e-05,100.76143405084923,100.76143405084923,100.76143405084923,100.1580392300882
2019-07-30,0.11633199095490716,-0.011034318916215374,-0.010945190319276599,8.912859693877539e-05,0.00023849700824268199,1,-0.010945190319276599,0.0,-0.010945190319276599,-0.010945190319276599,8.912859693877539e-05,99.66459448704362,99.66459448704362,99.66459448704362,100.16696657343182
2019-07-31,0.10960182790236533,-0.009128292540296786,-0.009039586726804723,8.87058134920631e-05,0.00042588355004033766,1,-0.009039586726804723,0.0,-0.009039586726804723,-0.009039586726804723,8.87058134920631e-05,98.76772750224889,98.76772750224889,98.76772750224889,100.17585235979138
2019-08-01,0.11154931296140735,-0.007398561077244055,-0.007309385354454939,8.917572278911548e-05,0.0003511694865156014,1,-0.007309385354454939,0.0,-0.007309385354454939,-0.007309385354454939,8.917572278911548e-05,98.04842814196051,98.04842814196051,98.04842814196051,100.1847860121581
2019-08-02,0.11350036735143071,-0.030318737899913212,-0.03023016208358668,8.857581632653055e-05,0.00027962785602214874,1,-0.03023016208358668,0.0,-0.03023016208358668,-0.03023016208358668,8.857581632653055e-05,95.12876160794008,95.12876160794008,95.12876160794008,100.19366035438289
2019-08-05,0.09264216978665238,0.01284575555310142,0.012933013700777157,8.72581476757369e-05,0.000879439600545848,1,0.012933013700777157,0.0,0.012933013700777157,0.012933013700777157,8.72581476757369e-05,96.36705334719991,96.36705334719991,96.36705334719991,100.20240344904184
2019-08-06,0.09668888241901777,0.0006795239973647983,0.0007665958837026665,8.707188633786825e-05,0.0008056974881491229,1,0.0007665958837026665,0.0,0.0007665958837026665,0.0007665958837026665,8.707188633786825e-05,96.44095625683438,96.44095625683438,96.44095625683438,100.2111286411797
2019-08-07,0.0868479068965517,0.01850182186451976,0.018588425780336086,8.66039158163262e-05,0.0011325579765155218,1,0.018588425780336086,0.0,0.018588425780336086,0.018588425780336086,8.66039158163262e-05,98.25040713480765,98.25040713480765,98.25040713480765,100.21980769314291
2019-08-08,0.1152330967283205,-0.006725210980300169,-0.006638529760062074,8.668122023809524e-05,0.00020030753787001788,1,-0.006638529760062074,0.0,-0.006638529760062074,-0.006638529760062074,8.668122023809524e-05,97.6003290518692,97.6003290518692,97.6003290518692,100.22849524488413
2019-08-09,0.1102394832375479,-0.012116035368201435,-0.012029650100344293,8.638526785714286e-05,0.00037695641156165836,1,-0.012029650100344293,0.0,-0.012029650100344293,-0.012029650100344293,8.638526785714286e-05,96.43326500379551,96.43326500379551,96.43326500379551,100.23715388427684
2019-08-12,0.09378453875984857,0.01456816289814196,0.014654130432155564,8.596753401360516e-05,0.0009744368214785084,1,0.014654130432155564,0.0,0.014654130432155564,0.014654130432155564,8.596753401360516e-05,97.85681562060056,97.85681562060056,97.85681562060056,100.24577139562061
2019-08-13,0.10352955839218847,-0.029816782237263702,-0.029730363473091367,8.641876417233531e-05,0.0006489272923137371,1,-0.029730363473091367,0.0,-0.029730363473091367,-0.029730363473091367,8.641876417233531e-05,94.99031905324023,94.99031905324023,94.99031905324023,100.25443488563677
2019-08-14,0.07853530960626318,0.002373679388510547,0.002461236782690441,8.755739417989405e-05,0.0015190028079065786,1,0.002461236782690441,0.0,0.002461236782690441,0.002461236782690441,8.755739417989405e-05,95.22440066746704,95.22440066746704,95.22440066746704,100.26321328701171
2019-08-15,0.07797618525641023,0.014236180228268886,0.014323116131046663,8.693590277777778e-05,0.0015502799237303057,1,0.014323116131046663,0.0,0.014323116131046663,0.014323116131046663,8.693590277777778e-05,96.59812534067238,96.59812534067238,96.59812534067238,100.2719301388724
2019-08-16,0.08958749106906724,0.011946782021571454,0.012033185301994735,8.640328042328016e-05,0.001219758805216882,1,0.012033185301994735,0.0,0.012033185301994735,0.012033185301994735,8.640328042328016e-05,97.76753020488835,97.76753020488835,97.76753020488835,100.28059433687295
2019-08-19,0.09230919649716476,-0.008032923143951232,-0.0079462520811493,8.667106280193214e-05,0.0011648405707239164,1,-0.0079462520811493,0.0,-0.0079462520811493,-0.0079462520811493,8.667106280193214e-05,96.99372326871571,96.99372326871571,96.99372326871571,100.28928613922096
2019-08-20,0.08977723842184748,0.008126188886079652,0.008213006299499564,8.68174134199131e-05,0.0012263440166956096,1,0.008213006299499564,0.0,0.008213006299499564,0.008213006299499564,8.68174134199131e-05,97.79361358475931,97.79361358475931,97.79361358475931,100.29799337360163
2019-08-21,0.09174222929100023,-0.0005929622844272562,-0.0005062096294763871,8.675265495086905e-05,0.0011811312774336292,1,-0.0005062096294763871,0.0,-0.0005062096294763871,-0.0005062096294763871,8.675265495086905e-05,97.74412204346565,97.74412204346565,97.74412204346565,100.30669486824647
2019-08-22,0.09240947759834875,-0.026374917095765168,-0.026288935558066755,8.59815376984127e-05,0.0011431616106383916,1,-0.026288935558066755,0.0,-0.026288935558066755,-0.026288935558066755,8.59815376984127e-05,95.20801495447118,95.20801495447118,95.20801495447118,100.3153197628982
2019-08-23,0.09961156862745094,0.010837257026079307,0.01092319117394898,8.593414786967382e-05,0.000732621412944859,1,0.01092319117394898,0.0,0.01092319117394898,0.01092319117394898,8.593414786967382e-05,96.25369096545296,96.25369096545296,96.25369096545296,100.32394064482908
2019-08-26,0.08907236093276583,-0.003293770539982041,-0.003208331880684989,8.543865929705199e-05,0.0011782582161451818,1,-0.003208331880684989,0.0,-0.003208331880684989,-0.003208331880684989,8.543865929705199e-05,95.94537203928564,95.94537203928564,95.94537203928564,100.33251255399416
2019-08-27,0.08023488405637522,0.006439336984703925,0.00652414118680143,8.480420209750556e-05,0.0014931840239185068,1,0.00652414118680143,0.0,0.00652414118680143,0.00652414118680143,8.480420209750556e-05,96.57337957002557,96.57337957002557,96.57337957002557,100.34102153345926
2019-08-28,0.08711182586907765,0.012522750632902079,0.01260743543874108,8.468480583900199e-05,0.0012682828996166294,1,0.01260743543874108,0.0,0.01260743543874108,0.01260743543874108,8.468480583900199e-05,97.79862961934991,97.79862961934991,97.79862961934991,100.34951925319429
2019-08-29,0.09563927190968238,0.0005578998262543885,0.0006426208211523476,8.472099489795913e-05,0.0009816591779726984,1,0.0006426208211523476,0.0,0.0006426208211523476,0.0006426208211523476,8.472099489795913e-05,97.86149725288512,97.86149725288512,97.86149725288512,100.35802132444984
2019-08-30,0.10210005208584522,-0.00700759761539329,-0.006923029401107576,8.456821428571429e-05,0.0007055169402359288,1,-0.006923029401107576,0.0,-0.006923029401107576,-0.006923029401107576,8.456821428571429e-05,97.1863389969938,97.1863389969938,97.1863389969938,100.366508781982
2019-09-03,0.10548206211967545,0.01069933312329032,0.010783722026351545,8.438890306122421e-05,0.0005466118961029668,1,0.010783722026351545,0.0,0.010783722026351545,0.010783722026351545,8.438890306122421e-05,98.24004066332049,98.24004066332049,98.24004066332049,100.37497895895164
2019-09-04,0.10602468793103445,0.012841684244836836,0.012925922894213253,8.423864937641706e-05,0.0005417670438313598,1,0.012925922894213253,0.0,0.012925922894213253,0.012925922894213253,8.423864937641706e-05,99.51812627699887,99.51812627699887,99.51812627699887,100.38343476775829
2019-09-05,0.10943912956813837,0.0008257177788195268,0.0009102039182753089,8.448613945578214e-05,0.00041636310373377103,1,0.0009102039182753089,0.0,0.0009102039182753089,0.0009102039182753089,8.448613945578214e-05,99.60874930193525,99.60874930193525,99.60874930193525,100.39191613490107
2019-09-06,0.10879376535576352,-0.00017881265452726885,-9.400484131865216e-05,8.480781320861667e-05,0.0004447159520982215,1,-9.400484131865216e-05,0.0,-9.400484131865216e-05,-9.400484131865216e-05,8.480781320861667e-05,99.59938603736617,99.59938603736617,99.59938603736617,100.40043051481015
2019-09-09,0.10598429421269095,0.00023706353964547997,0.00032226552944139824,8.520198979591825e-05,0.0005644493665767523,1,0.00032226552944139824,0.0,0.00032226552944139824,0.00032226552944139824,8.520198979591825e-05,99.63148865874584,99.63148865874584,99.63148865874584,100.40898519569912
2019-09-10,0.11774024853107345,0.00711835582517065,0.007203659050794233,8.530322562358254e-05,5.904313436282116e-05,1,0.007203659050794233,0.0,0.007203659050794233,0.007203659050794233,8.530322562358254e-05,100.35179122595235,100.35179122595235,100.35179122595235,100.41755077134833
2019-09-11,0.11789554848117985,0.0027922761937387067,0.002874970784836015,8.269459109730834e-05,6.558435019147872e-05,1,0.002874970784836015,0.0,0.002874970784836015,0.002874970784836015,8.269459109730834e-05,100.64071481836945,100.64071481836945,100.64071481836945,100.42585510300528
2019-09-12,0.10674915492648479,-0.000806664660018107,-0.0007246184436619995,8.204621635610753e-05,0.000542921869750055,1,-0.0007246184436619995,0.0,-0.0007246184436619995,-0.0007246184436619995,8.204621635610753e-05,100.56781511565309,100.56781511565309,100.56781511565309,100.43409500246247
2019-09-13,0.10811918833784351,-0.0032219192446824975,-0.0031405356059661417,8.138363871635595e-05,0.00048272090077735967,1,-0.0031405356059661417,0.0,-0.0031405356059661417,-0.0031405356059661417,8.138363871635595e-05,100.25247374105899,100.25247374105899,100.25247374105899,100.4422690271764
2019-09-16,0.10046440399601825,0.002496698077247275,0.002578428587944307,8.173051069703214e-05,0.0008000339076864524,1,0.002578428587944307,0.0,0.002578428587944307,0.002578428587944307,8.173051069703214e-05,100.51130112593263,100.51130112593263,100.51130112593263,100.45047856059965
2019-09-17,0.09996057083333329,0.0002606880334924906,0.00034262353493549175,8.193550144300118e-05,0.0008256361539234723,1,0.00034262353493549175,0.0,0.00034262353493549175,0.00034262353493549175,8.193550144300118e-05,100.54574456345458,100.54574456345458,100.54574456345458,100.45870935812337
2019-09-18,0.10299281451342282,-6.138686065773682e-05,1.995503465594414e-05,8.134189531368096e-05,0.0006958597463335601,1,1.995503465594414e-05,0.0,1.995503465594414e-05,1.995503465594414e-05,8.134189531368096e-05,100.5477509772908,100.5477509772908,100.5477509772908,100.46688119229505
2019-09-19,0.10450649465883671,-0.004988417690459648,-0.004907608960300919,8.080873015872976e-05,0.0006303282411600115,1,-0.004907608960300919,0.0,-0.004907608960300919,-0.004907608960300919,8.080873015872976e-05,100.05551078280244,100.05551078280244,100.05551078280244,100.47500012142297
2019-09-20,0.09772080373563219,-0.00017738083828771516,-9.692756343391435e-05,8.04532748538008e-05,0.0009043443330270396,1,-9.692756343391435e-05,0.0,-9.692756343391435e-05,-9.692756343391435e-05,8.04532748538008e-05,100.04581311592733,100.04581311592733,100.04581311592733,100.48308398940615
2019-09-23,0.09750849004192871,-0.008532546783549136,-0.008452012089671584,8.053469387755079e-05,0.0009098900068080559,1,-0.008452012089671584,0.0,-0.008452012089671584,-0.008452012089671584,8.053469387755079e-05,99.20378810932286,99.20378810932286,99.20378810932286,100.4911766896823
2019-09-24,0.09624097834738801,0.006058702258313776,0.006139678900037132,8.097664172335595e-05,0.0009319655010001414,1,0.006139678900037132,0.0,0.006139678900037132,0.006139678900037132,8.097664172335595e-05,99.81474112245485,99.81474112245485,99.81474112245485,100.49931445717355
2019-09-25,0.09835432361367713,-0.0025132823206253756,-0.0024318711052058748,8.14112154195008e-05,0.0008622152997238546,1,-0.0024318711052058748,0.0,-0.0024318711052058748,-0.0024318711052058748,8.14112154195008e-05,99.57229945057708,99.57229945057708,99.57229945057708,100.50749656156535
2019-09-26,0.0947386054991034,-0.005411233440192255,-0.005330508411847584,8.072502834467102e-05,0.0010004554334428753,1,-0.005330508411847584,0.0,-0.005330508411847584,-0.005330508411847584,8.072502834467102e-05,99.04294060011844,99.04294060011844,99.04294060011844,100.51561035956303
2019-09-27,0.09528165120083762,0.004954946572462638,0.005034926684707536,7.998011224489762e-05,0.0009542216199261381,1,0.005034926684707536,0.0,0.005034926684707536,0.005034926684707536,7.998011224489762e-05,99.54287204764572,99.54287204764572,99.54287204764572,100.52364993086056
2019-09-30,0.09586653199554071,-0.012413344500433443,-0.012334130226057026,7.921427437641706e-05,0.0009451113350260011,1,-0.012334130226057026,0.0,-0.012334130226057026,-0.012334130226057026,7.921427437641706e-05,98.32263803291195,98.32263803291195,98.32263803291195,100.53161315424381
2019-10-01,0.09218209282184792,-0.01814384551105584,-0.01806544138860686,7.840412244897937e-05,0.0010414815757060127,1,-0.01806544138860686,0.0,-0.01806544138860686,-0.01806544138860686,7.840412244897937e-05,96.56234429392633,96.56234429392633,96.56234429392633,100.53949555615391
2019-10-02,0.07807489794833769,0.00786244691473725,0.007940382236732714,7.793532199546468e-05,0.0014559475300602734,1,0.007940382236732714,0.0,0.007940382236732714,0.007940382236732714,7.793532199546468e-05,97.33213840242651,97.33213840242651,97.33213840242651,100.54733143945542
2019-10-03,0.0866289961596125,0.014039386766734769,0.0141167416692291,7.735490249433095e-05,0.0012054911722027485,1,0.0141167416692291,0.0,0.0141167416692291,0.0141167416692291,7.735490249433095e-05,98.71589514481302,98.71589514481302,98.71589514481302,100.55510956930935
2019-10-04,0.0915092159394158,-0.004565580796138114,-0.004488362257589361,7.721853854875279e-05,0.0010938871712753663,1,-0.004488362257589361,0.0,-0.004488362257589361,-0.004488362257589361,7.721853854875279e-05,98.27381529623037,98.27381529623037,98.27381529623037,100.56287458771173
2019-10-07,0.08308581542060936,-0.015760760057501832,-0.015683166513284146,7.75935442176869e-05,0.0013974675656364768,1,-0.015683166513284146,0.0,-0.015683166513284146,-0.015683166513284146,7.75935442176869e-05,96.74459355071721,96.74459355071721,96.74459355071721,100.57067792030792
2019-10-08,0.08009605238772369,0.008986517197308488,0.009063350218850439,7.683302154195e-05,0.0013638981233861079,1,0.009063350218850439,0.0,0.009063350218850439,0.009063350218850439,7.683302154195e-05,97.6254092248221,97.6254092248221,97.6254092248221,100.57840536622875
2019-10-09,0.08537588916017222,0.006318382999490195,0.006395208846051041,7.682584656084643e-05,0.001240372019383163,1,0.006395208846051041,0.0,0.006395208846051041,0.006395208846051041,7.682584656084643e-05,98.25174474403184,98.25174474403184,98.25174474403184,100.58613268419182
2019-10-10,0.0881820142768015,0.010803158118898645,0.010879533213144676,7.637509424603175e-05,0.0011682924291118268,1,0.010879533213144676,0.0,0.010879533213144676,0.010879533213144676,7.637509424603175e-05,99.32651375563896,99.32651375563896,99.32651375563896,100.59381525293017
2019-10-11,0.08733304959375121,-0.0014641862216859059,-0.0013880421740668583,7.614404761904762e-05,0.0012574909426965983,1,-0.0013880421740668583,0.0,-0.0013880421740668583,-0.0013880421740668583,7.614404761904762e-05,99.18874000555117,99.18874000555117,99.18874000555117,100.60147516481359
2019-10-14,0.08723642244694488,0.009830662157156576,0.009906435272235942,7.577311507936507e-05,0.0012449095839212093,1,0.009906435272235942,0.0,0.009906435272235942,0.009906435272235942,7.577311507936507e-05,100.17623001528226,100.17623001528226,100.17623001528226,100.60909834078066
2019-10-15,0.08908819958453179,-0.0020770843264873505,-0.0020015477739079852,7.553655257936508e-05,0.0012204040264499868,1,-0.0020015477739079852,0.0,-0.0020015477739079852,-0.0020015477739079852,7.553655257936508e-05,99.97592303396534,99.97592303396534,99.97592303396534,100.61669829226089
2019-10-16,0.09286328821738535,0.002683878711252678,0.002759018658342625,7.513994708994682e-05,0.0010497323787884427,1,0.002759018658342625,0.0,0.002759018658342625,0.002759018658342625,7.513994708994682e-05,100.25213933875298,100.25213933875298,100.25213933875298,100.62425890969557
2019-10-17,0.0964156345300238,-0.004001384728054892,-0.003927045645713622,7.433908234126984e-05,0.0009113273404064712,1,-0.003927045645713622,0.0,-0.003927045645713622,-0.003927045645713622,7.433908234126984e-05,99.85921662915797,99.85921662915797,99.85921662915797,100.63173950281097
2019-10-18,0.09181232306306306,0.006773770113615901,0.0068481074978751595,7.433738425925913e-05,0.00108139779062496,1,0.0068481074978751595,0.0,0.0068481074978751595,0.0068481074978751595,7.433738425925913e-05,100.54541016114857,100.54541016114857,100.54541016114857,100.63922048115381
2019-10-21,0.09582523676727293,-0.003648476074243127,-0.0035750557426104746,7.342033163265279e-05,0.0009410149844096211,1,-0.0035750557426104746,0.0,-0.0035750557426104746,-0.0035750557426104746,7.342033163265279e-05,100.18659648676949,100.18659648676949,100.18659648676949,100.64660971735356
2019-10-22,0.09410308324915825,0.002769679702423226,0.0028430935856431803,7.341388321995436e-05,0.0009961564880470192,1,0.0028430935856431803,0.0,0.0028430935856431803,0.0028430935856431803,7.341388321995436e-05,100.47184165382015,100.47184165382015,100.47184165382015,100.65399884703486
2019-10-23,0.10053236872895625,0.0018451367237187547,0.0019185981834693214,7.346145975056667e-05,0.000740233287069493,1,0.0019185981834693214,0.0,0.0019185981834693214,0.0019185981834693214,7.346145975056667e-05,100.66479178440426,100.66479178440426,100.66479178440426,100.66139330832054
2019-10-24,0.09888292526278528,0.003991673248467644,0.0040644263323678705,7.275308390022658e-05,0.0008101639959786138,1,0.0040644263323678705,0.0,0.0040644263323678705,0.0040644263323678705,7.275308390022658e-05,101.07476901160723,101.07476901160723,101.07476901160723,100.6687170015208
2019-10-25,0.09949271767416644,0.005493282418072015,0.005565861774647979,7.25793565759635e-05,0.000793057255225306,1,0.005565861774647979,0.0,0.005565861774647979,0.005565861774647979,7.25793565759635e-05,101.63890570189385,101.63890570189385,101.63890570189385,100.67602373738399
2019-10-28,0.10310206324773104,-0.000904668631605237,-0.0008327422880678223,7.192634353741468e-05,0.000654091010855366,1,-0.0008327422880678223,0.0,-0.0008327422880678223,-0.0008327422880678223,7.192634353741468e-05,101.55430191846615,101.55430191846615,101.55430191846615,100.68326525607816
2019-10-29,0.1046798839175258,0.0031771364219044386,0.0032480476180495634,7.09111961451246e-05,0.0005856680264349941,1,0.0032480476180495634,0.0,0.0032480476180495634,0.0032480476180495634,7.09111961451246e-05,101.88469139683201,101.88469139683201,101.88469139683201,100.69040507999301
2019-10-30,0.1105076904222556,-0.0030976296912416114,-0.00302745151380397,7.017817743764166e-05,0.000347249362884057,1,-0.00302745151380397,0.0,-0.00302745151380397,-0.00302745151380397,7.017817743764166e-05,101.57670687297073,101.57670687297073,101.57670687297073,100.69747159706172
2019-10-31,0.11819254354166665,0.009546165227624255,0.009615978507102713,6.981327947845793e-05,2.2265281399995798e-05,1,0.009615978507102713,0.0,0.009615978507102713,0.009615978507102713,6.981327947845793e-05,102.55817764119315,102.55817764119315,102.55817764119315,100.7045018631892
2019-11-01,0.11666734040849674,0.003628293302720748,0.003697210802720748,6.89175e-05,0.0001029225019789767,1,0.003697210802720748,0.0,0.003697210802720748,0.003697210802720748,6.89175e-05,102.93805866085266,102.93805866085266,102.93805866085266,100.71144240485602
2019-11-04,0.1082268939734934,-0.0012558537997179825,-0.001186434481407325,6.941931831065754e-05,0.0004539691045329199,1,-0.001186434481407325,0.0,-0.001186434481407325,-0.001186434481407325,6.941931831065754e-05,102.81600181914867,102.81600181914867,102.81600181914867,100.71843396720577
2019-11-05,0.10914765489078027,0.0006332225663472465,0.0007022791848279718,6.90566184807254e-05,0.000413901210261294,1,0.0007022791848279718,0.0,0.0007022791848279718,0.0007022791848279718,6.90566184807254e-05,102.88823271725296,102.88823271725296,102.88823271725296,100.72538948183363
2019-11-06,0.1111335182879053,0.002657820201606673,0.0027264069235454487,6.858672193877539e-05,0.00033309811055916294,1,0.0027264069235454487,0.0,0.0027264069235454487,0.0027264069235454487,6.858672193877539e-05,103.16913065432512,103.16913065432512,103.16913065432512,100.73229814303268
2019-11-07,0.10778611783923983,0.0024887917601118252,0.002557355729783027,6.856396967120158e-05,0.00047303053895052845,1,0.002557355729783027,0.0,0.002557355729783027,0.002557355729783027,6.856396967120158e-05,103.43330847609538,103.43330847609538,103.43330847609538,100.73920498604505
2019-11-08,0.10743620735418849,-0.0020327895050241246,-0.001964373318799635,6.841618622448969e-05,0.0004902593815135003,1,-0.001964373318799635,0.0,-0.001964373318799635,-0.001964373318799635,6.841618622448969e-05,103.23032627633013,103.23032627633013,103.23032627633013,100.74609741402763
2019-11-11,0.10129840361503038,0.0014934230891004683,0.00156339803808006,6.997494897959166e-05,0.0007370687698928643,1,0.00156339803808006,0.0,0.00156339803808006,0.00156339803808006,6.997494897959166e-05,103.39184259014662,103.39184259014662,103.39184259014662,100.75314736371112
2019-11-12,0.09883366948051948,0.0006414056369835571,0.0007112973716774344,6.989173469387739e-05,0.0008393736625306181,1,0.0007112973716774344,0.0,0.0007112973716774344,0.0007112973716774344,6.989173469387739e-05,103.46541109747503,103.46541109747503,103.46541109747503,100.7601894220442
2019-11-13,0.10282239207108684,0.0007677965492790162,0.0008367430830954413,6.894653381642501e-05,0.0006759344076865742,1,0.0008367430830954413,0.0,0.0008367430830954413,0.0008367430830954413,6.894653381642501e-05,103.55202129473895,103.55202129473895,103.55202129473895,100.7671367273451
2019-11-14,0.10542984610389611,0.007597670567851959,0.007666003452600061,6.833288474810198e-05,0.0005695709538082209,1,0.007666003452600061,0.0,0.007666003452600061,0.007666003452600061,6.833288474810198e-05,104.34890199002822,104.34890199002822,104.34890199002822,100.77402267175104
2019-11-15,0.10767968045851257,0.0004357302264329436,0.0005030044207048551,6.727419427191151e-05,0.00048815146257756223,1,0.0005030044207048551,0.0,0.0005030044207048551,0.0005030044207048551,6.727419427191151e-05,104.40140315207624,104.40140315207624,104.40140315207624,100.78080239097733
2019-11-18,0.10789919865251123,-0.0006608856496319761,-0.0005927388069818729,6.814684265010317e-05,0.00047904420464638196,1,-0.0005927388069818729,0.0,-0.0005927388069818729,-0.0005927388069818729,6.814684265010317e-05,104.33953872545916,104.33953872545916,104.33953872545916,100.78767051847797
2019-11-19,0.10677352136752138,-0.003831088840421811,-0.003763265763221234,6.782307720057699e-05,0.0005237009914851615,1,-0.003763265763221234,0.0,-0.003763265763221234,-0.003763265763221234,6.782307720057699e-05,103.94761922278227,103.94761922278227,103.94761922278227,100.79450648025177
2019-11-20,0.10986444130824373,-0.0016514174315008883,-0.0015840312391350534,6.738619236583493e-05,0.00039053611927571206,1,-0.0015840312391350534,0.0,-0.0015840312391350534,-0.0015840312391350534,6.738619236583493e-05,103.78309328821143,103.78309328821143,103.78309328821143,100.80129886710884
2019-11-21,0.1065669675016022,0.0021056253982627256,0.002172573969691297,6.694857142857144e-05,0.0005228584377858425,1,0.002172573969691297,0.0,0.002172573969691297,0.002172573969691297,6.694857142857144e-05,104.00881484478728,104.00881484478728,104.00881484478728,100.80804759597248
2019-11-22,0.10616177431693989,0.007412603269414499,0.007479298726807982,6.669545739348334e-05,0.0005418476502420597,1,0.007479298726807982,0.0,0.007479298726807982,0.007479298726807982,6.669545739348334e-05,104.78964422938672,104.78964422938672,104.78964422938672,100.81477125903224
2019-11-25,0.09793592166775245,0.0021242367042777046,0.002193123145604235,6.888644132653055e-05,0.0008917474886060142,1,0.002193123145604235,0.0,0.002193123145604235,0.002193123145604235,6.888644132653055e-05,105.01971301594106,105.01971301594106,105.01971301594106,100.8217162690632
2019-11-26,0.09866677707443362,0.004097070035718978,0.004165779003972946,6.870896825396825e-05,0.0008647410037964298,1,0.004165779003972946,0.0,0.004165779003972946,0.004165779003972946,6.870896825396825e-05,105.45811443915728,105.45811443915728,105.45811443915728,100.82864386315684
2019-11-27,0.09984803917231268,-0.00408760499305822,-0.004019317171346202,6.828782171201787e-05,0.0008235073348944535,1,-0.004019317171346202,0.0,-0.004019317171346202,-0.004019317171346202,6.828782171201787e-05,105.03509552201884,105.03509552201884,105.03509552201884,100.8355294667112
2019-11-29,0.10433249541531822,-0.008736673935091857,-0.008668527546202967,6.814638888888889e-05,0.0006272579933887489,1,-0.008668527546202967,0.0,-0.008668527546202967,-0.008668527546202967,6.814638888888889e-05,104.128530870349,104.128530870349,104.128530870349,100.84240127805795
2019-12-02,0.09752737977332171,-0.006727556132591386,-0.006660171838373699,6.73842942176869e-05,0.0008895466570080883,1,-0.006660171838373699,0.0,-0.006660171838373699,-0.006660171838373699,6.73842942176869e-05,103.43732130376783,103.43732130376783,103.43732130376783,100.8491967010451
2019-12-03,0.09226333148315013,0.006236341431028753,0.006303638685847347,6.729725481859404e-05,0.0010797415169255808,1,0.006303638685847347,0.0,0.006303638685847347,0.006303638685847347,6.729725481859404e-05,104.09141221437876,104.09141221437876,104.09141221437876,100.85598380350787
2019-12-04,0.09342351394943332,0.0014316101581367709,0.0014991519920369975,6.754183390022659e-05,0.0010530577283092445,1,0.0014991519920369975,0.0,0.0014991519920369975,0.0014991519920369975,6.754183390022659e-05,104.24757809129864,104.24757809129864,104.24757809129864,100.86279603166636
2019-12-05,0.09641550060215054,0.00902716303101459,0.00909425204036833,6.708900935374127e-05,0.000932257732640553,1,0.00909425204036833,0.0,0.00909425204036833,0.00909425204036833,6.708900935374127e-05,105.19995585889572,105.19995585889572,105.19995585889572,100.86956304372632
2019-12-06,0.10477073866472797,-0.0032351467895216416,-0.0031678491662223223,6.729762329931944e-05,0.0006069977912580501,1,-0.0031678491662223223,0.0,-0.0031678491662223223,-0.0031678491662223223,6.729762329931944e-05,104.86722556438761,104.86722556438761,104.86722556438761,100.87635155400514
2019-12-09,0.1027839047951177,-0.001166721232175648,-0.0010975548602935618,6.91663718820861e-05,0.0006834627598842659,1,-0.0010975548602935618,0.0,-0.0010975548602935618,-0.0010975548602935618,6.91663718820861e-05,104.75219117111043,104.75219117111043,104.75219117111043,100.88332904655198
2019-12-10,0.10471699109697932,0.00283466273817955,0.0029039810658439487,6.93183276643988e-05,0.0005999785867451188,1,0.0029039810658439487,0.0,0.0029039810658439487,0.0029039810658439487,6.93183276643988e-05,105.05683167191134,105.05683167191134,105.05683167191134,100.89032235259003
2019-12-11,0.10194393839018398,0.008470820999854608,0.008538608499854607,6.77875e-05,0.0007188000261018424,1,0.008538608499854607,0.0,0.008538608499854607,0.008538608499854607,6.77875e-05,105.95771148437854,105.95771148437854,105.95771148437854,100.8971616871246
2019-12-12,0.10473011433218521,5.18050884380211e-06,7.258531539142115e-05,6.740480654761904e-05,0.0006163007717012448,1,7.258531539142115e-05,0.0,7.258531539142115e-05,7.258531539142115e-05,6.740480654761904e-05,105.9654027374174,105.9654027374174,105.9654027374174,100.90396287000294
2019-12-13,0.10801260519517797,0.0070554482054704095,0.007122391651237605,6.694344576719563e-05,0.00047728980210020363,1,0.007122391651237605,0.0,0.007122391651237605,0.007122391651237605,6.694344576719563e-05,106.72282396059416,106.72282396059416,106.72282396059416,100.91071795507082
2019-12-16,0.10196201641516496,0.0002668603770226524,0.0003352146109771036,6.835423395445119e-05,0.0007415477416404716,1,0.0003352146109771036,0.0,0.0003352146109771036,0.0003352146109771036,6.835423395445119e-05,106.75860500734026,106.75860500734026,106.75860500734026,100.91761586564245
2019-12-17,0.10489299936884236,-0.0005010770690415057,-0.00043235386016704703,6.872320887445873e-05,0.0006171445756304652,1,-0.00043235386016704703,0.0,-0.00043235386016704703,-0.00043235386016704703,6.872320887445873e-05,106.71245748910698,106.71245748910698,106.71245748910698,100.92455148635304
2019-12-18,0.10082410757389162,0.004380797781367087,0.004449308599583262,6.851081821617501e-05,0.0007866515238775431,1,0.004449308599583262,0.0,0.004449308599583262,0.004449308599583262,6.851081821617501e-05,107.18831197059949,107.18831197059949,107.18831197059949,100.93146614681527
2019-12-19,0.11162877853413472,0.004864023790386954,0.004932641459037748,6.861766865079326e-05,0.00033630254989655984,1,0.004932641459037748,0.0,0.004932641459037748,0.004932641459037748,6.861766865079326e-05,107.71833962567017,107.71833962567017,107.71833962567017,100.93839206633328
2019-12-20,0.11265020188092417,0.0007975971667465828,0.00086575659030548,6.815942355889722e-05,0.0002992272508450496,1,0.00086575659030548,0.0,0.00086575659030548,0.00086575659030548,6.815942355889722e-05,107.81163786905488,107.81163786905488,107.81163786905488,100.94527220342191
2019-12-23,0.1130264379844961,-0.0002658218522057213,-0.00019542791796535865,7.03939342403627e-05,0.00028400417840099973,1,-0.00019542791796535865,0.0,-0.00019542791796535865,-0.00019542791796535865,7.03939342403627e-05,107.79057052377445,107.79057052377445,107.79057052377445,100.95237838838851
2019-12-24,0.11066858116319442,0.005044514798851657,0.005115053182071611,7.053838321995437e-05,0.00038299650267240287,1,0.005115053182071611,0.0,0.005115053182071611,0.005115053182071611,7.053838321995437e-05,108.34333753565575,108.34333753565575,108.34333753565575,100.95949965710066
2019-12-26,0.11558971264923056,-3.6381920720202624e-05,3.395098404170214e-05,7.033290476190476e-05,0.00018109565850819506,1,3.395098404170214e-05,0.0,3.395098404170214e-05,3.395098404170214e-05,7.033290476190476e-05,108.34701596102218,108.34701596102218,108.34701596102218,100.96660068168978
2019-12-27,0.1100044172220954,-0.005867291519980217,-0.0057976021775765895,6.968934240362778e-05,0.0004170219956397365,1,-0.0057976021775765895,0.0,-0.0057976021775765895,-0.0057976021775765895,6.968934240362778e-05,107.72068044181245,107.72068044181245,107.72068044181245,100.97363722287913
2019-12-30,0.11337115287020383,0.0028735068396819443,0.0029416937024937355,6.818686281179127e-05,0.00026627579588959366,1,0.0029416937024937355,0.0,0.0029416937024937355,0.0029416937024937355,6.818686281179127e-05,108.0380282302428,108.0380282302428,108.0380282302428,100.98052253316925
2019-12-31,0.11836604454913506,0.00827551051138251,0.008343874454693168,6.836394331065753e-05,5.9039240118330914e-05,1,0.008343874454693168,0.0,0.008343874454693168,0.008343874454693168,6.836394331065753e-05,108.94325527268849,108.94325527268849,108.94325527268849,100.9874261958653
2020-01-02,0.1142981176139244,-0.007151869089421469,-0.007084909578083601,6.695951133786825e-05,0.0002439251643892174,1,-0.007084909578083601,0.0,-0.007084909578083601,-0.007084909578083601,6.695951133786825e-05,108.17412996880039,108.17412996880039,108.17412996880039,100.9941884909721
2020-01-03,0.10995182772867795,0.0034606561236286758,0.003527166358322553,6.651023469387738e-05,0.0004153635374674501,1,0.003527166358322553,0.0,0.003527166358322553,0.003527166358322553,6.651023469387738e-05,108.55635180460217,108.55635180460217,108.55635180460217,101.00090586153583
2020-01-06,0.10575620230769232,-0.0028742911832525474,-0.002807144942889736,6.71462403628115e-05,0.0005953356049740038,1,-0.002807144942889736,0.0,-0.002807144942889736,-0.002807144942889736,6.71462403628115e-05,108.25204570610731,108.25204570610731,108.25204570610731,101.00768792032999
2020-01-07,0.10372083533653845,0.004822920721548638,0.004890437358736847,6.751663718820833e-05,0.0006752997218104698,1,0.004890437358736847,0.0,0.004890437358736847,0.004890437358736847,6.751663718820833e-05,108.78274216579011,108.78274216579011,108.78274216579011,101.0145078499753
2020-01-08,0.10924862635305133,0.0065671756381047745,0.006633244037575673,6.606839947089921e-05,0.00044985575575654316,1,0.006633244037575673,0.0,0.006633244037575673,0.006633244037575673,6.606839947089921e-05,109.50672315836303,109.50672315836303,109.50672315836303,101.02118193730298
2020-01-09,0.11128673307309196,-0.0029251766106018076,-0.002859307305046252,6.586930555555555e-05,0.00037220966678596073,1,-0.002859307305046252,0.0,-0.002859307305046252,-0.002859307305046252,6.586930555555555e-05,109.19405700221722,109.19405700221722,109.19405700221722,101.027836351562
2020-01-10,0.10676792963430011,0.006886516712025178,0.006952059592316183,6.554288029100516e-05,0.0005580906033271433,1,0.006952059592316183,0.0,0.006952059592316183,0.006952059592316183,6.554288029100516e-05,109.95582545537248,109.95582545537248,109.95582545537248,101.03445822395199
2020-01-13,0.10288619191846951,-0.0015819806405029423,-0.0015156867317727837,6.629390873015873e-05,0.0007311086379499917,1,-0.0015156867317727837,0.0,-0.0015156867317727837,-0.0015156867317727837,6.629390873015873e-05,109.78929310696542,109.78929310696542,109.78929310696542,101.04115641512628
2020-01-14,0.10444770022796353,0.0018024730314120986,0.0018684086233433153,6.593559193121666e-05,0.0006612798201236251,1,0.0018684086233433153,0.0,0.0018684086233433153,0.0018684086233433153,6.593559193121666e-05,109.99461612287294,109.99461612287294,109.99461612287294,101.04781884322706
2020-01-15,0.1058132675987842,0.008266103748603457,0.00833174163220134,6.563788359788333e-05,0.0006054585598292955,1,0.00833174163220134,0.0,0.00833174163220134,0.00833174163220134,6.563788359788333e-05,110.91489126909033,110.91489126909033,110.91489126909033,101.05445162587665
2020-01-16,0.10958985606474897,0.0037895541353803602,0.00385470571772163,6.515158234126944e-05,0.0004562927886267009,1,0.00385470571772163,0.0,0.00385470571772163,0.00385470571772163,6.515158234126944e-05,111.3432606231254,111.3432606231254,111.3432606231254,101.06103569778173
2020-01-17,0.11579251108647451,-0.0027203537327773466,-0.002655476937142426,6.487679563492064e-05,0.00019718903737082037,1,-0.002655476937142426,0.0,-0.002655476937142426,-0.002655476937142426,6.487679563492064e-05,111.04798338689359,111.04798338689359,111.04798338689359,101.06759242662883
2020-01-21,0.10723634586275423,0.00022357181005585943,0.00028904605969510904,6.547424963924961e-05,0.0005572072514882283,1,0.00028904605969510904,0.0,0.00028904605969510904,0.00028904605969510904,6.547424963924961e-05,111.08008600827326,111.08008600827326,111.08008600827326,101.07420996804272
2020-01-22,0.10504534256429844,0.0010750097211441989,0.0011403144471457103,6.530472600151151e-05,0.000650088438534261,1,0.0011403144471457103,0.0,0.0011403144471457103,0.0011403144471457103,6.530472600151151e-05,111.20682448226178,111.20682448226178,111.20682448226178,101.08081080716116
2020-01-23,0.11150330035727876,-0.009148549940730326,-0.009083268789936675,6.528115079365079e-05,0.000375501900561819,1,-0.009083268789936675,0.0,-0.009083268789936675,-0.009083268789936675,6.528115079365079e-05,110.2012767480046,110.2012767480046,110.2012767480046,101.08740969420293
2020-01-24,0.11169075502114165,-0.015920822455476418,-0.015855725118383686,6.509733709273174e-05,0.0003549704174302358,1,-0.015855725118383686,0.0,-0.015855725118383686,-0.015855725118383686,6.509733709273174e-05,108.46773519350204,108.46773519350204,108.46773519350204,101.09399042957948
2020-01-27,0.0985990645909646,0.009937484611376246,0.010003350352589398,6.586574121315159e-05,0.0008954443952879304,1,0.010003350352589398,0.0,0.010003350352589398,0.010003350352589398,6.586574121315159e-05,109.55822111349293,109.55822111349293,109.55822111349293,101.10064927948395
2020-01-28,0.09669549553694043,-0.0009330485560710819,-0.0008672232910484065,6.58252650226754e-05,0.0010001693831697455,1,-0.0008672232910484065,0.0,-0.0008672232910484065,-0.0008672232910484065,6.58252650226754e-05,109.46325085857806,109.46325085857806,109.46325085857806,101.10730447555436
2020-01-29,0.09872504875886523,0.0030637401838506106,0.0031294538629889324,6.571367913832183e-05,0.0009064716857319129,1,0.0031294538629889324,0.0,0.0031294538629889324,0.0031294538629889324,6.571367913832183e-05,109.80634762457335,109.80634762457335,109.80634762457335,101.1139488268292
2020-01-30,0.09930081148722877,-0.017930342852394296,-0.01786447639264373,6.586645975056667e-05,0.0008863175198814705,1,-0.01786447639264373,0.0,-0.01786447639264373,-0.01786447639264373,6.586645975056667e-05,107.86213261726667,107.86213261726667,107.86213261726667,101.12060906401052
2020-01-31,0.09574278794871793,0.007162521733091949,0.007228455862910543,6.593412981859405e-05,0.0009942893244994418,1,0.007228455862910543,0.0,0.007228455862910543,0.007228455862910543,6.593412981859405e-05,108.64463401339633,108.64463401339633,108.64463401339633,101.12727658318201
2020-02-03,0.10423872802005008,0.01480353834164902,0.014869265218066252,6.572687641723333e-05,0.0006485218341390382,1,0.014869265218066252,0.0,0.014869265218066252,0.014869265218066252,6.572687641723333e-05,110.27217003688472,110.27217003688472,110.27217003688472,101.13392358163324
2020-02-04,0.10731137458110518,0.011122058668081037,0.011187822882933645,6.576421485260754e-05,0.0005369907609086167,1,0.011187822882933645,0.0,0.011187822882933645,0.011187822882933645,6.576421485260754e-05,111.51280259228682,111.51280259228682,111.51280259228682,101.14057479341601
2020-02-05,0.11471923098937863,0.0032545365527913445,0.0033201287296620923,6.559217687074802e-05,0.0002273631442788089,1,0.0033201287296620923,0.0,0.0033201287296620923,0.0033201287296620923,6.559217687074802e-05,111.88365474968329,111.88365474968329,111.88365474968329,101.14720904146168
2020-02-06,0.11548821740776037,-0.005480827606375932,-0.005415470514539197,6.535709183673452e-05,0.0001982392045346412,1,-0.005415470514539197,0.0,-0.005415470514539197,-0.005415470514539197,6.535709183673452e-05,111.27938978267208,111.27938978267208,111.27938978267208,101.15381994492438
2020-02-07,0.11391821671465788,0.007234458487484399,0.0072996521623710205,6.519367488662103e-05,0.0002584780602164216,1,0.0072996521623710205,0.0,0.0072996521623710205,0.0072996521623710205,6.519367488662103e-05,112.09466260479346,112.09466260479346,112.09466260479346,101.16041474914283
2020-02-10,0.11264140646502091,0.0016216396278734323,0.0016870749056512096,6.543527777777738e-05,0.00032396224946066796,1,0.0016870749056512096,0.0,0.0016870749056512096,0.0016870749056512096,6.543527777777738e-05,112.28393431001112,112.28393431001112,112.28393431001112,101.1670344255599
2020-02-11,0.11747307925060434,0.006376230263495602,0.0064418675537450355,6.563729024943294e-05,0.00011495127048002582,1,0.0064418675537450355,0.0,0.0064418675537450355,0.0064418675537450355,6.563729024943294e-05,113.00958731411424,113.00958731411424,113.00958731411424,101.17367497349356
2020-02-12,0.11487523644143365,-0.0016974093582708275,-0.0016317734419649113,6.563591630591627e-05,0.00023802575869638458,1,-0.0016317734419649113,0.0,-0.0016317734419649113,-0.0016317734419649113,6.563591630591627e-05,112.82533164348713,112.82533164348713,112.82533164348713,101.18031581829305
2020-02-13,0.11696254639358275,0.0017761267810909383,0.0018418447338326407,6.571795274170238e-05,0.00014477757948087432,1,0.0018418447338326407,0.0,0.0018418447338326407,0.0018418447338326407,6.571795274170238e-05,113.03332987784296,113.03332987784296,113.03332987784296,101.18696540000245
2020-02-14,0.11833349447695443,-0.002989839908035392,-0.0029242515783095627,6.558832972582936e-05,8.819945928518515e-05,1,-0.0029242515783095627,0.0,-0.0029242515783095627,-0.0029242515783095627,6.558832972582936e-05,112.70327480178315,112.70327480178315,112.70327480178315,101.19360230170233
2020-02-18,0.1185805173459896,0.004629141751959073,0.004694788714441035,6.56469624819623e-05,7.189558432176262e-05,1,0.004694788714441035,0.0,0.004694788714441035,0.004694788714441035,6.56469624819623e-05,113.2336368591599,113.2336368591599,113.2336368591599,101.20024557236893
2020-02-19,0.11620157064076166,-0.0038881390020183994,-0.003822840477830947,6.529852418745238e-05,0.00018288030979602896,1,-0.003822840477830947,0.0,-0.003822840477830947,-0.003822840477830947,6.529852418745238e-05,112.80158907975843,112.80158907975843,112.80158907975843,101.20685401481065
2020-02-20,0.119280393465437,-0.010638710399877538,-0.010573815022893411,6.489537698412697e-05,4.313210418090997e-05,1,-0.010573815022893411,0.0,-0.010573815022893411,-0.010573815022893411,6.489537698412697e-05,111.61512969793452,111.61512969793452,111.61512969793452,101.2134220848717
2020-02-21,0.1215622852049911,-0.03415279800022071,-0.034088046120521465,6.475187969924802e-05,-7.813663442499119e-05,0,6.475187969924802e-05,1.0,-3.5248120300751984e-05,-0.034088046120521465,6.475187969924802e-05,111.6223572213807,111.61119554375173,107.87450550259005,101.21997605639118
2020-02-24,0.09515675949764518,-0.030812665315650287,-0.030747925188099268,6.474012755102024e-05,0.0010895354259745976,1,-0.030747925188099268,1.0,-0.030847925188099267,-0.030747925188099268,6.474012755102024e-05,108.24243048693394,108.22078416554083,104.60806377720793,101.22652926267719
2020-02-25,0.08179081496415766,-0.0038499195017287465,-0.003785675340731014,6.424416099773214e-05,0.0015720741663446504,1,-0.003785675340731014,0.0,-0.003785675340731014,-0.003785675340731014,6.424416099773214e-05,107.83343443860099,107.8118699082382,104.21280025147067,101.23303268502161
2020-02-26,0.07564775251065131,-0.04523204562134444,-0.04516817410065283,6.387152069160992e-05,0.0017899624390970278,1,-0.04516817410065283,0.0,-0.04516817410065283,-0.04516817410065283,6.387152069160992e-05,103.0711564240442,103.05054425404512,99.61042131346551,101.23949879926151
2020-02-27,0.06762770166666665,-0.00833558805486542,-0.00827244991427585,6.313814058956906e-05,0.0015314677893399583,1,-0.00827244991427585,0.0,-0.00827244991427585,-0.00827244991427585,6.313814058956906e-05,102.222022496287,102.2015801360919,98.7897980544475,101.24589107476598
2020-02-28,0.14677413856902577,0.04495034267844681,0.04501086517277787,6.0522494331065476e-05,-0.0006984465157328923,0,6.0522494331065476e-05,1.0,-3.947750566893453e-05,0.04501086517277787,6.0522494331065476e-05,102.22820941528603,102.19754555227087,103.33800381887445,101.25201891406878
2020-03-02,0.13553241561327284,-0.02856813365476244,-0.0285105302619053,5.760339285714286e-05,-1.9713840971590088e-05,0,5.760339285714286e-05,0.0,5.760339285714286e-05,-0.0285105302619053,5.760339285714286e-05,102.23409827660164,102.20343264719305,100.43338538862574,101.25785154187983
2020-03-03,0.12773093125000007,0.04128058438310201,0.04133635094064169,5.576655753968214e-05,-4.754501903165079e-05,0,5.576655753968214e-05,0.0,5.576655753968214e-05,0.04133635094064169,5.576655753968214e-05,102.23979967929802,102.20913233972517,104.67193461766125,101.26349850113847
2020-03-04,0.13716132959579175,-0.03455420257055819,-0.034510725624696516,4.347694586167778e-05,-2.5818711207833446e-05,0,4.347694586167778e-05,0.0,4.347694586167778e-05,-0.034510725624696516,4.347694586167778e-05,102.24424485016411,102.21357617724,101.12125093214655,101.26790122448834
2020-03-05,0.1239803670290735,-0.017243357416354733,-0.01720100245462004,4.2354961734693654e-05,1.1646640200072781e-05,1,-0.01720100245462004,1.0,-0.01730100245462004,-0.01720100245462004,4.2354961734693654e-05,100.50058072094097,100.46038852762716,99.396738239907,101.27219051340536
2020-03-06,0.11201436161554185,-0.07905098503108976,-0.07901039484826664,4.059018282312897e-05,0.00023234278301823138,1,-0.07901039484826664,0.0,-0.07901039484826664,-0.07901039484826664,4.059018282312897e-05,92.8655836873968,92.82844488217809,91.84559976725609,101.27630125356049
2020-03-09,0.08847314774320147,0.04817825170360066,0.04821508053580021,3.6828832199546424e-05,0.0006823630871539417,1,0.04821508053580021,0.0,0.04821508053580021,0.04821508053580021,3.6828832199546424e-05,97.45280324162796,97.41382991551617,96.38243585327774,101.28003121014967
2020-03-10,0.12982233427036477,-0.05014063426371459,-0.05010285683741073,3.777742630385476e-05,-0.00037841425478678725,0,3.777742630385476e-05,1.0,-6.222257369614524e-05,-0.05010285683741073,3.777742630385476e-05,97.45648482726051,97.40776876487739,91.67237937272826,101.28385738133578
2020-03-11,0.07634588121003444,-0.09998015164759473,-0.09994485184600743,3.529980158730159e-05,0.0014717955976207703,1,-0.09994485184600743,1.0,-0.10004485184600743,-0.09994485184600743,3.529980158730159e-05,88.18713732568833,88.13424091380338,82.95317364508553,101.28743274450977
2020-03-12,0.09159873816217823,0.08877733322150057,0.0888083564407466,3.102321924603175e-05,0.0002880419083224179,1,0.0888083564407466,0.0,0.0888083564407466,0.0888083564407466,3.102321924603175e-05,96.37718211134529,96.3193731465022,90.65713397159595,101.29057505548471
2020-03-13,0.2205484080784617,-0.12768511563729334,-0.12765214115647325,3.297448082010555e-05,-0.0026205694946367037,0,3.297448082010555e-05,1.0,-6.702551917989446e-05,-0.12765214115647325,3.297448082010555e-05,96.38036015128515,96.3129175068587,79.79273745071755,101.2939151146772
2020-03-16,0.08670791582491577,0.05820137851096254,0.0582262866907417,2.4908179779157936e-05,0.0027922322237370935,1,0.0582262866907417,1.0,0.0581262866907417,0.0582262866907417,2.4908179779157936e-05,102.15882751192468,102.07713313202413,84.5766968409015,101.29643819314794
2020-03-17,0.1912119068181819,-0.05325149359876942,-0.05322233622142454,2.9157377344876986e-05,-0.010259118552858333,0,2.9157377344876986e-05,1.0,-7.084262265512302e-05,-0.05322233622142454,2.9157377344876986e-05,102.1618062388333,102.06990197633998,80.19301701104538,101.29939177467915
2020-03-18,0.2054618905591865,0.004665442966763363,0.004696846277420959,3.140331065759603e-05,-0.014271175310434685,0,3.140331065759603e-05,0.0,3.140331065759603e-05,0.004696846277420959,3.140331065759603e-05,102.16501450814681,102.07310735951009,80.57055721456263,101.3025729608981
2020-03-19,0.13267196364027545,-0.04436220656855532,-0.0443276347431585,3.4571825396825396e-05,-0.003082081797121026,0,3.4571825396825396e-05,0.0,3.4571825396825396e-05,-0.0443276347431585,3.4571825396825396e-05,102.16854660024515,102.07663627415559,77.07705632338049,101.30607523630243
2020-03-20,0.11839084507333197,-0.02976547402282771,-0.029731491257259945,3.398276556776548e-05,-0.0011919509885285652,0,3.398276556776548e-05,0.0,3.398276556776548e-05,-0.029731491257259945,3.398276556776548e-05,102.17201862900689,102.08010517949721,74.81917195300987,101.30951795540402
2020-03-23,0.07454928824833695,0.0896499077571298,0.08968315694821649,3.324919108669087e-05,0.005162672284957958,1,0.08968315694821649,1.0,0.08958315694821649,0.08968315694821649,3.324919108669087e-05,111.75857975834782,111.64687703925757,81.83927956367197,101.3128864709253
2020-03-24,0.12134900578502827,0.011435271675089599,0.011468998674479099,3.3726999389499205e-05,-0.0017659335393867652,0,3.3726999389499205e-05,1.0,-6.627300061050079e-05,0.011468998674479099,3.3726999389499205e-05,111.7623491034631,111.63947811088471,82.78329727361809,101.31630350820835
2020-03-25,0.13729916552410448,0.06050989807095958,0.06054382875166776,3.393068070818055e-05,-0.004347287872730976,0,3.393068070818055e-05,0.0,3.393068070818055e-05,0.06054382875166776,3.393068070818055e-05,111.76614134038196,111.6432661786364,87.95014730421592,101.31974129767616
2020-03-26,0.17796785783150681,-0.03430144796463192,-0.03426780802262948,3.363994200244167e-05,-0.010208538115309262,0,3.363994200244167e-05,0.0,3.363994200244167e-05,-0.03426780802262948,3.363994200244167e-05,111.76990121013503,111.64702191480664,84.98734287271654,101.32314974522679
2020-03-27,0.15662630541573463,0.03293225166101596,0.03296661622145552,3.436456043956032e-05,-0.007411225394958736,0,3.436456043956032e-05,0.0,3.436456043956032e-05,0.03296661622145552,3.436456043956032e-05,111.77374219965708,111.65085868156315,87.83578171555082,101.32663173055822
2020-03-30,0.1568471441660918,-0.016174416756334766,-0.016142381973062482,3.2034783272282936e-05,-0.006901212352141712,0,3.2034783272282936e-05,0.0,3.2034783272282936e-05,-0.016142381973062482,3.2034783272282936e-05,111.77732290461722,111.65443544991338,86.42928561635372,101.32987775923806
2020-03-31,0.16023254704488438,-0.0451758651587762,-0.04514632872715227,2.953643162393135e-05,-0.00754760810147409,0,2.953643162393135e-05,0.0,2.953643162393135e-05,-0.04514632872715227,2.953643162393135e-05,111.78062445663008,111.65773337221574,82.61408970676271,101.33287072644453
2020-04-01,0.14540942693978903,0.02254466430862908,0.022572695703622976,2.803139499389484e-05,-0.005671767746129673,0,2.803139499389484e-05,0.0,2.803139499389484e-05,0.022572695703622976,2.803139499389484e-05,111.78375786738361,111.66086333811248,84.50011871281875,101.33571126798171
2020-04-02,0.14491620221719742,-0.015284230872050223,-0.015252860231953606,3.137064009661825e-05,-0.005369271794484851,0,3.137064009661825e-05,0.0,3.137064009661825e-05,-0.015252860231953606,3.137064009661825e-05,111.78726465042506,111.66436626581337,83.22102989222225,101.33889028397245
2020-04-03,0.13785002559882342,0.06793939349729267,0.06796823056768604,2.8837070393374603e-05,-0.004307040216366888,0,2.8837070393374603e-05,0.0,2.8837070393374603e-05,0.06796823056768604,2.8837070393374603e-05,111.79048831412514,111.667586385433,89.07407345481064,101.3418126428211
2020-04-06,0.1294219388197425,-0.0016358809917997887,-0.0016043316629523077,3.1549328847480956e-05,-0.0026603092265619563,0,3.1549328847480956e-05,0.0,3.1549328847480956e-05,-0.0016043316629523077,3.1549328847480956e-05,111.79401528463949,111.67110947841279,88.93128367013229,101.3450099594305
2020-04-07,0.12002251537849773,0.03346059273951397,0.03348934524468995,2.8752505175983333e-05,-0.0012452554259821183,0,2.8752505175983333e-05,0.0,2.8752505175983333e-05,0.03348934524468995,2.8752505175983333e-05,111.79722968885346,111.67432034872616,91.9599653559212,101.3479239242456
2020-04-08,0.14378850561454165,0.014357235266549292,0.01438343869822631,2.620343167701825e-05,-0.004715120980008869,0,2.620343167701825e-05,0.0,2.620343167701825e-05,0.01438343869822631,2.620343167701825e-05,111.80015919830473,111.67724663748872,93.2922241431778,101.35057962243981
2020-04-09,0.12539574580165125,-0.010180615209212629,-0.010155992507349275,2.4622701863353968e-05,-0.0019116137344902008,0,2.4622701863353968e-05,0.0,2.4622701863353968e-05,-0.010155992507349275,2.4622701863353968e-05,111.80291205418418,111.67999646689157,92.34954404245582,101.35307517826908
2020-04-13,0.11923388834820642,0.030086830189172756,0.0301144965504564,2.766636128364365e-05,-0.0010335566480697486,0,2.766636128364365e-05,0.0,2.766636128364365e-05,0.0301144965504564,2.766636128364365e-05,111.80600527673053,111.68308628876385,95.1729027123372,101.35587928785374
2020-04-14,0.13270159697503486,-0.022302708392953022,-0.022276750679012372,2.5957713940648414e-05,-0.0029268483531580958,0,2.5957713940648414e-05,0.0,2.5957713940648414e-05,-0.022276750679012372,2.5957713940648414e-05,111.80890754270027,111.68598536399625,93.07620025347705,101.35851028892174
2020-04-15,0.12630220903639666,0.005776238821629906,0.0057998589924373595,2.3620170807453177e-05,-0.0020624809129688726,0,2.3620170807453177e-05,0.0,2.3620170807453177e-05,0.0057998589924373595,2.3620170807453177e-05,111.81154851938429,111.68862343720309,93.61759758695307,101.36090442252235
2020-04-16,0.12349556979918702,0.026419175718246896,0.026440929079185473,2.1753360938578172e-05,-0.0016334671249328934,0,2.1753360938578172e-05,0.0,2.1753360938578172e-05,0.026440929079185473,2.1753360938578172e-05,111.81398082281162,111.69105306656766,96.12594928454638,101.36310938684392
2020-04-17,0.14332703805745678,-0.018062106863765522,-0.018042794099790368,1.931276397515516e-05,-0.004431196608222034,0,1.931276397515516e-05,0.0,1.931276397515516e-05,-0.018042794099790368,1.931276397515516e-05,111.81614028068485,111.69321015034323,94.4071214315095,101.36506700755477
2020-04-20,0.12355786592818946,-0.031180537326280722,-0.031155167779795462,2.5369546485260717e-05,-0.001630976708590491,0,2.5369546485260717e-05,0.0,2.5369546485260717e-05,-0.031155167779795462,2.5369546485260717e-05,111.81897704143702,111.69604379237418,91.51119746121779,101.36763862595446
2020-04-21,0.10484572145899568,0.02264829791017376,0.022671301062101197,2.3003151927437302e-05,0.0010848439129058519,1,0.022671301062101197,1.0,0.022571301062101198,0.022671301062101197,2.3003151927437302e-05,114.38301393788737,114.2458366439995,93.60957193160814,101.36997042796561
2020-04-22,0.12911317170529613,-0.0005597978318205027,-0.0005395641810268519,2.0233650793650795e-05,-0.002503045326899135,0,2.0233650793650795e-05,1.0,-7.976634920634922e-05,-0.0005395641810268519,2.0233650793650795e-05,114.38532834726252,114.23672403414302,93.55907718339637,101.3720215332988
2020-04-23,0.12134674354780078,0.013804957788250216,0.013822111461719605,1.71536734693877e-05,-0.0013407532802347487,0,1.71536734693877e-05,0.0,1.71536734693877e-05,0.013822111461719605,1.71536734693877e-05,114.38729049266361,114.23868363041241,94.86123976310951,101.3737604507695
2020-04-24,0.13685157824707977,0.01459162944961924,0.014606871524449172,1.5242074829931745e-05,-0.0036098002688676536,0,1.5242074829931745e-05,0.0,1.5242074829931745e-05,0.014606871524449172,1.5242074829931745e-05,114.38903400559224,114.24042487824686,96.2570349885134,101.37530560898776
2020-04-27,0.13214326536212867,-0.005270009686877207,-0.005256139460119837,1.3870226757369444e-05,-0.0028377167219590417,0,1.3870226757369444e-05,0.0,1.3870226757369444e-05,-0.005256139460119837,1.3870226757369444e-05,114.39062061843576,114.2420094298338,95.75242190870159,101.37671171721563
2020-04-28,0.1349841078779977,0.026224637175503208,0.02623666320724924,1.2026031746031745e-05,-0.003260664680228016,0,1.2026031746031745e-05,0.0,1.2026031746031745e-05,0.02623666320724924,1.2026031746031745e-05,114.3919962919427,114.24338331612711,98.29789226226517,101.37793088409992
2020-04-29,0.15230394856583823,-0.009266179433428924,-0.00925511652526566,1.106290816326508e-05,-0.005596280471119361,0,1.106290816326508e-05,0.0,1.106290816326508e-05,-0.00925511652526566,1.106290816326508e-05,114.39326180709241,114.24464718717604,97.39233081751343,101.37905242504281
2020-04-30,0.13057201302952498,-0.02846996417889231,-0.028460220686828817,9.743492063492064e-06,-0.002528858245304428,0,9.743492063492064e-06,0.0,9.743492063492064e-06,-0.028460220686828817,9.743492063492064e-06,114.39437640236096,114.24576033441215,94.65959517256842,101.38004021584777
2020-05-01,0.14395379618644072,0.004232199323437408,0.0042408122145938705,8.612891156462302e-06,-0.004558535390372372,0,8.612891156462302e-06,0.0,8.612891156462302e-06,0.0042408122145938705,8.612891156462302e-06,114.39536167291683,114.24674432494851,95.06188114673249,101.38091339485989
2020-05-04,0.13466202487360968,0.0089915089568283,0.00899995218953805,8.443232709750396e-06,-0.0031605143308955815,0,8.443232709750396e-06,0.0,8.443232709750396e-06,0.00899995218953805,8.443232709750396e-06,114.3963275436539,114.2477089408694,95.92129507325093,101.38176938111765
2020-05-05,0.12910798972360027,-0.007012246838226194,-0.007003873398600344,8.37343962585e-06,-0.002319673259812239,0,8.37343962585e-06,0.0,8.37343962585e-06,-0.007003873398600344,8.37343962585e-06,114.39728543840644,114.24866559116784,95.25182165656226,101.38261829879688
2020-05-06,0.12521241157083463,0.0114311479469334,0.011438948664053582,7.800717120181349e-06,-0.0017761496336348784,0,7.800717120181349e-06,0.0,7.800717120181349e-06,0.011438948664053582,7.800717120181349e-06,114.39817782275006,114.24955681616555,96.34765801344976,101.38340915900778
2020-05-07,0.1323259951523002,0.016723139424511972,0.016730758062550522,7.618638038548413e-06,-0.0027572320882272294,0,7.618638038548413e-06,0.0,7.618638038548413e-06,0.016730758062550522,7.618638038548413e-06,114.39904938437921,114.25042724550075,97.97318762310196,101.38418156544762
2020-05-08,0.1364047924748491,0.0001700864804336736,0.00017747076898242637,7.384288548752778e-06,-0.0032598445621398117,0,7.384288548752778e-06,0.0,7.384288548752778e-06,0.00017747076898242637,7.384288548752778e-06,114.39989414308853,114.25127090673726,97.99057654301595,101.3849302182627
2020-05-11,0.11620919233954449,-0.020764511278862592,-0.020757791338386403,6.719940476190476e-06,-0.0004290714949217976,0,6.719940476190476e-06,0.0,6.719940476190476e-06,-0.020757791338386403,6.719940476190476e-06,114.40066290615067,114.25203867105674,95.97747466066537,101.3856115212481
2020-05-12,0.11289446112050228,-0.017623372146619763,-0.017616955794106534,6.416352513227381e-06,8.197009664787785e-06,1,-0.017616955794106534,1.0,-0.017716955794106534,-0.017616955794106534,6.416352513227381e-06,112.40292022471007,112.24566623986969,94.30145030280138,101.38626204915839
2020-05-13,0.11430093153910853,0.0114526416135953,0.01145891780407149,6.27619047619008e-06,-0.0002098575617970888,0,6.27619047619008e-06,1.0,-9.372380952380992e-05,0.01145891780407149,6.27619047619008e-06,112.4036256890613,112.23514664140328,95.38825779742587,101.38689837064754
2020-05-14,0.14002709322508405,0.003912515309990883,0.003918692254435327,6.176944444444048e-06,-0.0037942044117213643,0,6.176944444444048e-06,0.0,6.176944444444048e-06,0.003918692254435327,6.176944444444048e-06,112.40432000215692,112.23583991380994,95.76278838018875,101.38752463382035
2020-05-15,0.12219544429662477,0.031009526856954756,0.031015221473356874,5.69461640211627e-06,-0.0012784905432850942,0,5.69461640211627e-06,0.0,5.69461640211627e-06,0.031015221473356874,5.69461640211627e-06,112.40496010346384,112.23647905568465,98.77943158296029,101.38810199852503
2020-05-18,0.12611320832692005,-0.010545915310582257,-0.010539757419425795,6.157891156462301e-06,-0.0017576337123271033,0,6.157891156462301e-06,0.0,6.157891156462301e-06,-0.010539757419425795,6.157891156462301e-06,112.40565228310477,112.23717019783446,97.74378764115966,101.38872633734401
2020-05-19,0.11347134721436081,0.0165079735706393,0.01651393441786152,5.960847222221826e-06,-3.8105676367852434e-05,0,5.960847222221826e-06,0.0,5.960847222221826e-06,0.01651393441786152,5.960847222221826e-06,112.40632231802192,112.23783922845266,99.37132366464809,101.38933070185301
2020-05-20,0.11612373473509141,-0.007809839403283116,-0.007803935472623133,5.903930659982936e-06,-0.0003828395907394602,0,5.903930659982936e-06,0.0,5.903930659982936e-06,-0.007803935472623133,5.903930659982936e-06,112.4069859591137,112.238501874829,98.59885433769962,101.38992929919819
2020-05-21,0.11097618237809223,0.002345324329774672,0.002350965520250863,5.641190476190476e-06,0.00031599388877104166,1,0.002350965520250863,1.0,0.002250965520250863,0.002350965520250863,5.641190476190476e-06,112.67156178980655,112.49143143365559,98.83092953809019,101.390501260715
2020-05-22,0.11449972317286106,0.012208642137483123,0.012214261971750162,5.619834267040079e-06,-0.00016653747889393278,0,5.619834267040079e-06,1.0,-9.438016573295992e-05,0.012214261971750162,5.619834267040079e-06,112.67219498708965,112.48081497471279,100.0454787136213,101.3910710601294
2020-05-26,0.12064244058786738,0.014711300547135691,0.014718492616296689,7.192069160997619e-06,-0.0009956362416007405,0,7.192069160997619e-06,0.0,7.192069160997619e-06,0.014718492616296689,7.192069160997619e-06,112.67300533622256,112.48162394742248,101.52888734320722,101.39180027434706
2020-05-27,0.11667165456420275,-0.0021171487620420394,-0.0021101714760443074,6.977285997732143e-06,-0.00042770000051382297,0,6.977285997732143e-06,0.0,6.977285997732143e-06,-0.0021101714760443074,6.977285997732143e-06,112.6737914907476,112.4824087666202,101.31486986734272,101.39250771640343
2020-05-28,0.11798847536732932,0.004793918648203617,0.004800767858804524,6.849210600906746e-06,-0.0006099590705909395,0,6.849210600906746e-06,0.0,6.849210600906746e-06,0.004800767858804524,6.849210600906746e-06,112.6745632199176,112.48317918496511,101.80242842954657,101.39320217742038
2020-05-29,0.10863436986697514,0.0037373312071531098,0.003744242117017055,6.910909863945238e-06,0.0006748260342022885,1,0.003744242117017055,1.0,0.003644242117017055,0.003744242117017055,6.910909863945238e-06,113.097234863729,112.89384294861371,102.18431586304233,101.39390289912275
2020-06-01,0.11349987542809703,0.00817051504130918,0.008177278702023465,6.763660714285714e-06,1.3925625770586092e-05,1,0.008177278702023465,0.0,0.008177278702023465,0.008177278702023465,6.763660714285714e-06,114.02585408817978,113.8207921619214,103.02333124889242,101.3945886953997
2020-06-02,0.12151436332632881,0.013550075435999287,0.013556655475681826,6.580039682539286e-06,-0.001070470848157607,0,6.580039682539286e-06,1.0,-9.341996031746072e-05,0.013556655475681826,6.580039682539286e-06,114.026604385293,113.81015952469234,104.42949294578348,101.39525587801195
2020-06-03,0.11536158117747258,-0.003380936618435818,-0.003374382935045795,6.553683390022619e-06,-0.00021062750549717332,0,6.553683390022619e-06,0.0,6.553683390022619e-06,-0.003374382935045795,6.553683390022619e-06,114.02735168200495,113.81090540288857,104.0777017198312,101.39592039259372
2020-06-04,0.1206580513623915,0.02586740095586136,0.025874065601552972,6.664645691609921e-06,-0.0009339153855684266,0,6.664645691609921e-06,0.0,6.664645691609921e-06,0.025874065601552972,6.664645691609921e-06,114.02811163643547,113.8116639147765,106.80575573249165,101.39659616272961
2020-06-05,0.12064467940529416,0.01196296790847811,0.011969668235859062,6.700327380952381e-06,-0.000889470186039491,0,6.700327380952381e-06,0.0,6.700327380952381e-06,0.011969668235859062,6.700327380952381e-06,114.02887566467368,113.81242649273926,108.09186700151497,101.39727555539528
2020-06-08,0.1122123225352113,-0.007836027004864729,-0.007829755338198062,6.271666666666666e-06,0.00026046009918189936,1,-0.007829755338198062,1.0,-0.007929755338198062,-0.007829755338198062,6.271666666666666e-06,113.1395436362036,112.91349067724114,107.24883878799241,101.39791148730266
2020-06-09,0.10844936246980674,-0.005333781074983543,-0.0053272433765708446,6.537698412698413e-06,0.0007552188015504824,1,-0.0053272433765708446,0.0,-0.0053272433765708446,-0.0053272433765708446,6.537698412698413e-06,112.53842432778909,112.31357240600592,106.67901725850315,101.39857439843458
2020-06-10,0.11186846773991088,-0.06075922162277847,-0.06075275919869289,6.46242408557619e-06,0.0002901132409872387,1,-0.06075275919869289,0.0,-0.06075275919869289,-0.06075275919869289,6.46242408557619e-06,105.90494576239777,105.69334753962846,100.3909162957589,101.39922968114136
2020-06-11,0.10462786854012862,0.012970122606661675,0.012976299868566436,6.1772619047619044e-06,0.0011896182839767882,1,0.012976299868566436,0.0,0.012976299868566436,0.012976299868566436,6.1772619047619044e-06,107.28815515693613,107.0737932799532,101.70210773773508,101.39985605267469
2020-06-12,0.10253095348409641,0.008270297717426163,0.008277851423430304,7.5537060041404766e-06,0.001487962384218675,1,0.008277851423430304,0.0,0.008277851423430304,0.008277851423430304,7.5537060041404766e-06,108.17995657223656,107.96381287483739,102.54747676739993,101.40062200026905
2020-06-15,0.1186115796596191,0.018777809561970043,0.01878488465267299,7.0750907029476196e-06,-0.0006677367104939505,0,7.0750907029476196e-06,1.0,-9.292490929705239e-05,0.01878488465267299,7.0750907029476196e-06,108.18072195794912,107.95378081344002,104.49202617701263,101.40133942140493
2020-06-16,0.1241390476664978,-0.003613738239194012,-0.003606796221336869,6.942017857142857e-06,-0.0013810394196638702,0,6.942017857142857e-06,0.0,6.942017857142857e-06,-0.003606796221336869,6.942017857142857e-06,108.18147295305947,107.95453023311543,104.11582358271954,101.40204335375729
2020-06-17,0.10756443803813037,0.0005872054364102845,0.0005940120550401924,6.806618629907936e-06,0.0008381077811307844,1,0.0005940120550401924,1.0,0.0004940120550401924,0.0005940120550401924,6.806618629907936e-06,108.245753141839,108.00787424765504,104.17768800933665,101.40273356114369
2020-06-18,0.11725461960751427,-0.0056720416321817055,-0.005665482200964775,6.559431216930952e-06,-0.0004621223536396841,0,6.559431216930952e-06,1.0,-9.344056878306905e-05,-0.005665482200964775,6.559431216930952e-06,108.24646317473996,107.99778240195353,103.58913995070922,101.40339870758118
2020-06-19,0.10146991415216106,0.006467628610607194,0.006474055690439126,6.42707983193254e-06,0.0016509315977229037,1,0.006474055690439126,1.0,0.006374055690439126,0.006474055690439126,6.42707983193254e-06,108.94953019749714,108.68836484880093,104.26195739045826,101.40405043741426
2020-06-22,0.11444155133185346,0.004290809253078977,0.0042981911703125365,7.381917233559921e-06,-8.637870732511495e-05,0,7.381917233559921e-06,1.0,-9.261808276644009e-05,0.0042981911703125365,7.381917233559921e-06,108.95033445688016,108.67829880698557,104.71105968746772,101.40479899648463
2020-06-23,0.10941537690293507,-0.026202587152255624,-0.02619527873275449,7.30841950113373e-06,0.0005947754212183038,1,-0.02619527873275449,1.0,-0.02629527873275449,-0.02619527873275449,7.30841950113373e-06,106.13340626510328,105.85781782902906,102.00373861778162,101.4055401080033
2020-06-24,0.1029573671907757,0.010892820409236953,0.010899850173409288,7.0297641723353175e-06,0.001430103123337332,1,0.010899850173409288,0.0,0.010899850173409288,0.010899850173409288,7.0297641723353175e-06,107.29657214271076,107.01796340345034,103.12164552686767,101.40625296754165
2020-06-25,0.1128752136360604,-0.024532274830594315,-0.024525217335129464,7.057495464852381e-06,0.00010945976281021876,1,-0.024525217335129464,0.0,-0.024525217335129464,-0.024525217335129464,7.057495464852381e-06,104.69710691040281,104.42524800216366,100.6233258984555,101.40696864423751
2020-06-26,0.09769394125000003,0.01457207966718777,0.014578907539069857,6.827871882086111e-06,0.0021272391820320747,1,0.014578907539069857,0.0,0.014578907539069857,0.014578907539069857,6.827871882086111e-06,106.23465701903201,105.9588056729287,102.10104968883876,101.40766104039113
2020-06-29,0.12032376360121516,0.015285924800946767,0.01529233363768146,6.4088367346936505e-06,-0.0009164220082759494,0,6.4088367346936505e-06,1.0,-9.359116326530635e-05,0.01529233363768146,6.4088367346936505e-06,106.23533786178612,105.94888932909588,103.67441253874897,101.40831094761697
2020-06-30,0.10997344098383502,0.005003479251591569,0.005009542099664131,6.062848072562302e-06,0.0005050767729863695,1,0.005009542099664131,1.0,0.0049095420996641305,0.005009542099664131,6.062848072562302e-06,106.76886350309968,106.47032882887754,104.19507692925063,101.40892577266334
2020-07-01,0.11307470831619362,0.004524799712471874,0.00453100183265328,6.202120181405555e-06,9.167567283979543e-05,1,0.00453100183265328,0.0,0.00453100183265328,0.00453100183265328,6.202120181405555e-06,107.25373105766532,106.95384065319848,104.66825619229483,101.40955472495887
2020-07-02,0.11804890576211749,0.015750800876710668,0.015756943165826313,6.142289115646031e-06,-0.0005744191356684969,0,6.142289115646031e-06,1.0,-9.385771088435398e-05,0.015756943165826313,6.142289115646031e-06,107.25438984311342,106.94380268162236,106.33057005561122,101.41017761367605
2020-07-06,0.11777686583565689,-0.010883653043177738,-0.010877508816987262,6.1442261904757936e-06,-0.00051577017761654,0,6.1442261904757936e-06,0.0,6.1442261904757936e-06,-0.010877508816987262,6.1442261904757936e-06,107.25504884036906,106.94445977055436,105.18022612283946,101.41080070265953
2020-07-07,0.11528173801795241,0.0077905115705775,0.007797026481291786,6.514910714285714e-06,-0.00019345426795112225,0,6.514910714285714e-06,0.0,6.514910714285714e-06,0.007797026481291786,6.514910714285714e-06,107.25574759971208,106.94515650643072,106.00352460030575,101.41146138712371
2020-07-08,0.11793565338164252,-0.005666166350758814,-0.005659625451287915,6.540899470899206e-06,-0.0005409670835178331,0,6.540899470899206e-06,0.0,6.540899470899206e-06,-0.005659625451287915,6.540899470899206e-06,107.2564491510692,106.94585602623607,105.40527887480324,101.41212471146721
2020-07-09,0.11460131128841244,0.010405680788684889,0.010411813000986475,6.132212301587301e-06,-9.85876754281273e-05,0,6.132212301587301e-06,0.0,6.132212301587301e-06,0.010411813000986475,6.132212301587301e-06,107.25710687240273,106.94651184294082,106.5084720824236,101.41274659405266
2020-07-10,0.11039578041464379,-0.0094124892716422,-0.00940662366648347,5.865605158730159e-06,0.00047971868495232453,1,-0.00940662366648347,1.0,-0.00950662366648347,-0.00940662366648347,5.865605158730159e-06,106.25291008776736,105.93462901781976,105.51128440581738,101.41334144292682
2020-07-13,0.10808904546948356,0.013310892153731851,0.013317285189446137,6.393035714285317e-06,0.0007787654581067911,1,0.013317285189446137,0.0,0.013317285189446137,0.013317285189446137,6.393035714285317e-06,107.67737433961433,107.354826280595,106.9258061603594,101.413989784113
2020-07-14,0.10920983900634246,0.009034694279625477,0.009041044884784208,6.350605158730159e-06,0.0006426588287861343,1,0.009041044884784208,0.0,0.009041044884784208,0.009041044884784208,6.350605158730159e-06,108.65530440754895,108.32982695461378,107.89691045709462,101.4146338263647
2020-07-15,0.10939366218688432,-0.003418358789352292,-0.003411918313161816,6.440476190476191e-06,0.0006275601296557506,1,-0.003411918313161816,0.0,-0.003411918313161816,-0.003411918313161816,6.440476190476191e-06,108.28521310429132,107.9608442615192,107.52940232275854,101.41528698700257
2020-07-16,0.11360194048723504,0.0028382100321270734,0.0028445899031588197,6.379871031746031e-06,5.567797006512422e-05,1,0.0028445899031588197,0.0,0.0028445899031588197,0.0028445899031588197,6.379871031746031e-06,108.59367864913571,108.26838579643696,107.8357148350896,101.41593400551814
2020-07-17,0.1074700917540182,0.008365631703533565,0.008371764170464781,6.1324669312166665e-06,0.0008851974741287752,1,0.008371764170464781,0.0,0.008371764170464781,0.008371764170464781,6.1324669312166665e-06,109.50661543087499,109.17858787194139,108.74227948675946,101.41655593728672
2020-07-20,0.10125577212041884,0.001671208021819253,0.0016776413721593887,6.433350340135714e-06,0.0017326529754877178,1,0.0016776413721593887,0.0,0.0016776413721593887,0.0016776413721593887,6.433350340135714e-06,109.69048244778006,109.36190411437055,108.92486314585636,101.41720838762005
2020-07-21,0.11547540994155889,0.005724311190418044,0.005730639622957727,6.32843253968254e-06,-0.000185882055380766,0,6.32843253968254e-06,1.0,-9.367156746031747e-05,0.005730639622957727,6.32843253968254e-06,109.69117661879497,109.35166049316723,109.55086426276006,101.41785020161254
2020-07-22,0.11347315372549019,-0.012402750496097036,-0.012396345287241563,6.405208855471826e-06,9.110030181043276e-05,1,-0.012396345287241563,1.0,-0.012496345287241563,-0.012396345287241563,6.405208855471826e-06,108.33980028765701,107.99366703530725,108.20121655558947,101.41849980620519
2020-07-23,0.11722768015734264,-0.006215687033987572,-0.006209630744305032,6.056289682539682e-06,-0.0004296703089200788,0,6.056289682539682e-06,1.0,-9.394371031746032e-05,-0.006209630744305032,6.056289682539682e-06,108.3404564268586,107.98352218606504,107.53140873659474,101.41911402787913
2020-07-24,0.11212881585631354,0.007362011650589638,0.007367919510066761,5.907859477123809e-06,0.0002516994397940616,1,0.007367919510066761,1.0,0.007267919510066761,0.007367919510066761,5.907859477123809e-06,109.14164812298989,108.7711966437546,108.32661742035383,101.41971319952302
2020-07-27,0.11068288399018203,-0.0065010932491648,-0.006494444344686342,6.648904478457937e-06,0.0004549440778423043,1,-0.006494444344686342,0.0,-0.006494444344686342,-0.006494444344686342,6.648904478457937e-06,108.43513046664535,108.06707706839383,107.62537578459153,101.4203875317501
2020-07-28,0.11047374638106414,0.012345079522811452,0.012351783128253628,6.7036054421765874e-06,0.00047540354257364324,1,0.012351783128253628,0.0,0.012351783128253628,0.012351783128253628,6.7036054421765874e-06,109.78280363086957,109.41017592458991,108.96298500874472,101.42106741629074
2020-07-29,0.1168609327614831,-0.003763724881680872,-0.0037573107206831397,6.4141609977321425e-06,-0.0003742227689638826,0,6.4141609977321425e-06,1.0,-9.358583900226787e-05,-0.0037573107206831397,6.4141609977321425e-06,109.78350779770516,109.39993716058976,108.55434539076592,101.421717949432
2020-07-30,0.10758936018826137,0.00763500859475262,0.007641191392371668,6.182797619047619e-06,0.0008749705927466721,1,0.007641191392371668,1.0,0.007541191392371667,0.007641191392371668,6.182797619047619e-06,110.62559778056611,110.22806162297869,109.38700713280132,101.42234502132679
2020-07-31,0.11898957557812553,0.007149274109529189,0.007155365883905606,6.091774376417063e-06,-0.0006597729514831851,0,6.091774376417063e-06,1.0,-9.390822562358294e-05,0.007155365883905606,6.091774376417063e-06,110.6262716888007,110.21771078731967,110.17251814968527,101.42296286525128
2020-08-03,0.1103289850088183,0.003599331999162975,0.00360545267801785,6.1206788548750006e-06,0.0005205718403287277,1,0.00360545267801785,1.0,0.0035054526780178502,0.00360545267801785,6.1206788548750006e-06,111.02584937268338,110.60475173729512,110.57045689387085,101.42358364453527
2020-08-04,0.1210375605557725,0.006403239910674237,0.0064091575198012216,5.917609126984127e-06,-0.0009222069121784266,0,5.917609126984127e-06,1.0,-9.408239087301588e-05,0.0064091575198012216,5.917609126984127e-06,111.02650638220692,110.59434626730318,111.28139619650827,101.42418383143537
2020-08-05,0.11574883611597844,0.006401228211788455,0.006407158132423376,5.929920634920635e-06,-0.00019835211181891063,0,5.929920634920635e-06,0.0,5.929920634920635e-06,0.006407158132423376,5.929920634920635e-06,111.0271647625302,110.59500208494369,111.9966827291242,101.42478527057919
2020-08-06,0.12726655720300611,0.0006268152972778013,0.0006327942853730394,5.9789880952380946e-06,-0.0017402238630962463,0,5.9789880952380946e-06,0.0,5.9789880952380946e-06,0.0006327942853730394,5.9789880952380946e-06,111.0278285946111,110.59566333312134,112.06757601800432,101.42539168997577
2020-08-07,0.12377364781818179,0.0027323607408455443,0.0027384827334759297,6.1219926303853176e-06,-0.0012653039680881762,0,6.1219926303853176e-06,0.0,6.1219926303853176e-06,0.0027384827334759297,6.1219926303853176e-06,111.02850830824012,110.59634040102972,112.3748917372535,101.4260126173769
2020-08-10,0.11409880609966508,-0.008007211959887956,-0.008001046543221289,6.165416666666666e-06,3.968623784808903e-05,1,-0.008001046543221289,1.0,-0.008101046543221288,-0.008001046543221289,6.165416666666666e-06,110.14370842831418,109.70401357057607,111.47936236168294,101.42663795293323
2020-08-11,0.12108017381568473,0.013893473149407786,0.013899455827979215,5.982678571428571e-06,-0.0009064686026328296,0,5.982678571428571e-06,1.0,-9.401732142857143e-05,0.013899455827979215,5.982678571428571e-06,110.14436738468953,109.69369997790596,113.03968352165765,101.42724475772185
2020-08-12,0.11712614608879493,-0.002055030295197291,-0.0020492235227105187,5.806772486772222e-06,-0.00035551556133494797,0,5.806772486772222e-06,0.0,5.806772486772222e-06,-0.0020492235227105187,5.806772486772222e-06,110.14500696982861,109.69433694611435,112.80827712587916,101.4278337243661
2020-08-13,0.12252655062893075,-0.00017778039868693342,-0.0001719466139647112,5.833784722222222e-06,-0.0010788683761292113,0,5.833784722222222e-06,0.0,5.833784722222222e-06,-0.0001719466139647112,5.833784722222222e-06,110.14564953396177,109.69497688112794,112.78888179212893,101.42842543423885
2020-08-14,0.12632613270440257,0.0027008161177707528,0.0027062093485908582,5.393230820105555e-06,-0.0015845717033997585,0,5.393230820105555e-06,0.0,5.393230820105555e-06,0.0027062093485908582,5.393230820105555e-06,110.14624357647544,109.69556849305341,113.09452549984793,101.42897246262406
2020-08-17,0.11221049457762558,0.0022946990312954856,0.002300728889572129,6.029858276643651e-06,0.00030473619929847,1,0.002300728889572129,1.0,0.0022007288895721294,0.002300728889572129,6.029858276643651e-06,110.39995196634675,109.93724453387601,113.3550248962518,101.42958406679709
2020-08-18,0.11695845013448086,-0.0044200734345809616,-0.004414143638946041,5.929795634920635e-06,-0.00032537344460777107,0,5.929795634920635e-06,1.0,-9.407020436507937e-05,-0.004414143638946041,5.929795634920635e-06,110.40060661744097,109.92690320122864,112.85576225333662,101.43018552528522
2020-08-19,0.114809530377907,0.0031475570817682446,0.0031536808202811935,6.123738512948809e-06,-4.403217424505876e-05,0,6.123738512948809e-06,0.0,6.123738512948809e-06,0.0031536808202811935,6.123738512948809e-06,110.40128268395762,109.92757636690051,113.21223511157345,101.43080665912052
2020-08-20,0.11732314664082688,0.003428925564699872,0.0034352287393030465,6.303174603174206e-06,-0.0003752714816973139,0,6.303174603174206e-06,0.0,6.303174603174206e-06,0.0034352287393030465,6.303174603174206e-06,110.4019785647119,109.92826926179178,113.60181379810808,101.43144599721995
2020-08-21,0.12080467383090965,0.009987683489946112,0.009993580954932106,5.897464985994048e-06,-0.0008339586622023599,0,5.897464985994048e-06,0.0,5.897464985994048e-06,0.009993580954932106,5.897464985994048e-06,110.40262965843478,109.92891756182239,114.74279446631077,101.43204418738512
2020-08-24,0.1265889492240216,0.003583397410990922,0.00358987425339455,6.476842403627778e-06,-0.0015846365632001414,0,6.476842403627778e-06,0.0,6.476842403627778e-06,0.00358987425339455,6.476842403627778e-06,110.4033447211837,109.92962955640277,115.15544691196202,101.4327011488775
2020-08-25,0.11912829215229218,0.010137582906874382,0.010144040989640822,6.4580827664396825e-06,-0.0005866685827660562,0,6.4580827664396825e-06,0.0,6.4580827664396825e-06,0.010144040989640822,6.4580827664396825e-06,110.40405771742388,109.93033949334135,116.32953340846251,101.43335621177197
2020-08-26,0.1165968208172043,0.0016654165032224816,0.0016716264045830256,6.209901360544048e-06,-0.00023827411323252418,0,6.209901360544048e-06,0.0,6.209901360544048e-06,0.0016716264045830256,6.209901360544048e-06,110.40474331786085,109.93102215202575,116.52415555057681,101.43398610486449
2020-08-27,0.11490787290433924,0.006703779691890375,0.00671001407851169,6.234386621315079e-06,-1.3415389588995741e-05,0,6.234386621315079e-06,0.0,6.234386621315079e-06,0.00671001407851169,6.234386621315079e-06,110.40543162586111,109.93170750665591,117.30866336054264,101.43461848552167
2020-08-28,0.1178621027597403,-0.002203421314963005,-0.0021973891312895358,6.032183673469048e-06,-0.00039472306974768986,0,6.032183673469048e-06,0.0,6.032183673469048e-06,-0.0021973891312895358,6.032183673469048e-06,110.40609761371192,109.93237063690717,117.05117358489316,101.43523035961668
2020-08-31,0.10775161027177699,0.007491079317220408,0.007496875851234013,5.796534013605159e-06,0.0009347040520474408,1,0.007496875851234013,1.0,0.007396875851234013,0.007496875851234013,5.796534013605159e-06,111.23690877362209,110.74854157076328,117.93198925899806,101.43581833408375
2020-09-01,0.13102442857922156,0.015243148393496518,0.015248997908235747,5.849514739228969e-06,-0.0021261999305946695,0,5.849514739228969e-06,1.0,-9.415048526077103e-05,0.015248997908235747,5.849514739228969e-06,111.23755945746261,110.73811503267198,119.74411535541962,101.4364116861336
2020-09-02,0.11399102374277947,-0.03576334660846763,-0.035757586556313434,5.760052154194841e-06,0.00014233595862941928,1,-0.035757586556313434,1.0,-0.03585758655631344,-0.035757586556313434,5.760052154194841e-06,107.33024714287728,106.83766182085253,115.53800315006984,101.43699596683797
2020-09-03,0.11820632498453215,-0.008171949625890844,-0.0081662523968659,5.697229024943254e-06,-0.00044779871166330046,0,5.697229024943254e-06,1.0,-9.430277097505675e-05,-0.0081662523968659,5.697229024943254e-06,107.33085862961846,106.82758720833773,114.5983326701022,101.43757387828185
2020-09-04,0.11672439191085729,-0.028154733010316783,-0.02814886686405828,5.866146258503174e-06,-0.00026393468090898237,0,5.866146258503174e-06,0.0,5.866146258503174e-06,-0.02814886686405828,5.866146258503174e-06,107.33148824997996,106.8282138764268,111.41749793506588,101.43816892767165
2020-09-08,0.09156121960527325,0.019939033171352486,0.019944798533671326,5.765362318840476e-06,0.0030118568639981823,1,0.019944798533671326,1.0,0.019844798533671326,0.019944798533671326,5.765362318840476e-06,109.49368376097046,108.96937343038667,113.66200621319496,101.43875375715434
2020-09-09,0.10228170312994495,-0.017746850434769174,-0.01774123987058698,5.610564182194444e-06,0.0016365206148006278,1,-0.01774123987058698,0.0,-0.01774123987058698,-0.01774123987058698,5.610564182194444e-06,107.56826025542958,107.05316981224047,111.66328363000402,101.43932288738944
2020-09-10,0.08850128190896056,0.0005274412193100884,0.000532921379765575,5.480160455486508e-06,0.003430353953704576,1,0.000532921379765575,0.0,0.000532921379765575,0.000532921379765575,5.480160455486508e-06,107.62560095879019,107.1102359397342,111.72280724047883,101.43987879267857
2020-09-11,0.08827347295108093,0.01265595762871839,0.012661314711189059,5.357082470669048e-06,0.0034494043972343146,1,0.012661314711189059,0.0,0.012661314711189059,0.012661314711189059,5.357082470669048e-06,108.9969457577006,108.47501405625559,113.1463578572839,101.44042221593065
2020-09-14,0.08652860711300955,0.0052000871782980716,0.005205811831507181,5.7246532091095235e-06,0.00371688716037275,1,0.005205811831507181,0.0,0.005205811831507181,0.005205811831507181,5.7246532091095235e-06,109.56584284834558,109.04118698408662,113.73691232974754,101.44100292883142
2020-09-15,0.0972275753918023,-0.004635246188106933,-0.004629658363745304,5.587824361628572e-06,0.002297484505782668,1,-0.004629658363745304,0.0,-0.004629658363745304,-0.004629658363745304,5.587824361628572e-06,109.0597628203709,108.53753031952118,113.21156630696136,101.44156976492256
2020-09-16,0.09570573713001704,-0.008453410052978855,-0.008447955322129995,5.454730848861111e-06,0.0024848649737681406,1,-0.008447955322129995,0.0,-0.008447955322129995,-0.008447955322129995,5.454730848861111e-06,108.1423115666014,107.62447227962153,112.2591885393643,101.44212310289164
2020-09-17,0.10402503973097116,-0.011251113242710706,-0.011245565213035068,5.548029675638096e-06,0.001362107821955812,1,-0.011245565213035068,0.0,-0.011245565213035068,-0.011245565213035068,5.548029675638096e-06,106.93300257550209,106.42095406270317,111.00384228249649,101.44268590836222
2020-09-18,0.08827848704198604,-0.011643983069766555,-0.011638590711243436,5.392358523119047e-06,0.0034141326749582875,1,-0.011638590711243436,0.0,-0.011638590711243436,-0.011638590711243436,5.392358523119047e-06,105.69566751028836,105.18954397448172,109.71940302500336,101.44323292516904
2020-09-21,0.090218243905856,0.010456826388301973,0.010463013638868866,6.1872505668932535e-06,0.003105693404979874,1,0.010463013638868866,0.0,0.010463013638868866,0.010463013638868866,6.1872505668932535e-06,106.80736845016145,106.29592153617197,110.87342538314154,101.44386058181121
2020-09-22,0.08781586627257801,-0.02401333985270183,-0.024007294161091854,6.045691609976984e-06,0.0034435778356608337,1,-0.024007294161091854,0.0,-0.024007294161091854,-0.024007294161091854,6.045691609976984e-06,104.27374692245877,103.77443225112597,108.24335124615028,101.44447388196191
2020-09-23,0.08606354026632845,0.0029770621761555007,0.0029829543473573147,5.892171201813889e-06,0.003560401502604199,1,0.0029829543473573147,0.0,0.0029829543473573147,0.0029829543473573147,5.892171201813889e-06,104.58525512554695,104.084448797679,108.56671827608932,101.44507161193046
2020-09-24,0.082988426917253,0.01584472728816934,0.015850478138509476,5.750850340135714e-06,0.00394881994245634,1,0.015850478138509476,0.0,0.015850478138509476,0.015850478138509476,5.750850340135714e-06,106.2561889925773,105.74738140054403,110.30126303751,101.44565500903255
2020-09-25,0.08019774833038298,0.01597647224021688,0.015982150874003728,5.678633786848015e-06,0.004368550229177181,1,0.015982150874003728,0.0,0.015982150874003728,0.015982150874003728,5.678633786848015e-06,107.96803448503911,107.45102972358718,112.07827689179753,101.44623108339228
2020-09-28,0.08904988198476621,-0.004829789290611745,-0.004824244783809024,5.544506802721032e-06,0.0032806821579166,1,-0.004824244783809024,0.0,-0.004824244783809024,-0.004824244783809024,5.544506802721032e-06,107.44842462818158,106.93390801770298,111.53888597215773,101.44679355426993
2020-09-29,0.07791659409479407,0.008214341449346426,0.008219833784947334,5.4923356009067465e-06,0.004696024285759437,1,0.008219833784947334,0.0,0.008219833784947334,0.008219833784947334,5.4923356009067465e-06,108.33527269757326,107.81650941652454,112.4594955206812,101.4473507356359
2020-09-30,0.07223374057649667,0.0052736446453322625,0.005278935121522738,5.2904761904757935e-06,0.00545921226581597,1,0.005278935121522738,0.0,0.005278935121522738,0.005278935121522738,5.2904761904757935e-06,108.90867973117922,108.38717069146186,113.05473162542938,101.44788744184925
2020-10-01,0.08692284875783973,-0.009622821825721928,-0.009617802143182246,5.019682539682143e-06,0.003544747202285521,1,-0.009617802143182246,0.0,-0.009617802143182246,-0.009617802143182246,5.019682539682143e-06,107.86623862963492,107.34972131747472,111.97260576308945,101.44839667931664
2020-10-02,0.07859329342395927,0.017810986004125656,0.01781588530117781,4.899297052153968e-06,0.004564835231422626,1,0.01781588530117781,0.0,0.01781588530117781,0.01781588530117781,4.899297052153968e-06,109.80519196405862,109.27938997693967,113.985373243134,101.44889370636498
2020-10-05,0.08305240122651758,-0.014092286858187126,-0.014086778930182592,5.5079280045349205e-06,0.004063713455133863,1,-0.014086778930182592,0.0,-0.014086778930182592,-0.014086778930182592,5.5079280045349205e-06,108.26923424707371,107.7507871910402,112.39094304794335,101.4494524811065
2020-10-06,0.0789231514514897,0.01725047790619695,0.01725604732087949,5.569414682539683e-06,0.004505330754103162,1,0.01725604732087949,0.0,0.01725604732087949,0.01725604732087949,5.569414682539683e-06,110.15374612718314,109.6262750890083,114.34719653826744,101.45001749675009
2020-10-07,0.0882115911117303,0.007969657203952155,0.007975248642444218,5.5914384920634926e-06,0.003372050961259844,1,0.007975248642444218,0.0,0.007975248642444218,0.007975248642444218,5.5914384920634926e-06,111.03576211483094,110.50406754450172,115.2627900522003,101.45058474986881
2020-10-08,0.0909423755127727,0.008746821287239803,0.008752272809348647,5.451522108843254e-06,0.0030313238112895467,1,0.008752272809348647,0.0,0.008752272809348647,0.008752272809348647,5.451522108843254e-06,112.01184262709276,111.47547409678266,116.2760290394964,101.45113781148206
2020-10-09,0.09758021473654846,0.016279958272385087,0.01628538348497012,5.42521258503373e-06,0.0021767794003132324,1,0.01628538348497012,0.0,0.01628538348497012,0.01628538348497012,5.42521258503373e-06,113.85093293880982,113.30575792746637,118.18513180466903,101.45168820696466
2020-10-12,0.10124510606561893,-0.00633220740811389,-0.006326880453748811,5.326954365079365e-06,0.0017193441758456256,1,-0.006326880453748811,0.0,-0.006326880453748811,-0.006326880453748811,5.326954365079365e-06,113.13288559167067,112.59114894890725,117.43974906450964,101.45222863691743
2020-10-13,0.09526126547029706,-0.006650529935464174,-0.006645169155040894,5.360780423280158e-06,0.002496073604325324,1,-0.006645169155040894,0.0,-0.006645169155040894,-0.006645169155040894,5.360780423280158e-06,112.38359078258786,111.84544213682628,116.66192930066457,101.45277250149638
2020-10-14,0.09436097385152051,-0.0015342197641825647,-0.0015289711398439405,5.2486243386242065e-06,0.00259367379775788,1,-0.0015289711398439405,0.0,-0.0015289711398439405,-0.0015289711398439405,5.2486243386242065e-06,112.211890811289,111.67456435056695,116.48369287154617,101.45330499038477
2020-10-15,0.10251114758925284,0.0001296849557790717,0.00013491886946954788,5.23391369047619e-06,0.001517589409485657,1,0.00013491886946954788,0.0,0.00013491886946954788,0.00013491886946954788,5.23391369047619e-06,112.22703133408645,111.68963237299505,116.49940977992995,101.45383598961631
2020-10-16,0.0959707824806772,-0.016469865469399835,-0.016464623898632638,5.241570767195634e-06,0.002370964893680924,1,-0.016464623898632638,0.0,-0.016464623898632638,-0.016464623898632638,5.241570767195634e-06,110.39438379802789,109.86576046674882,114.59699506087804,101.45436776847092
2020-10-19,0.09270493634437599,0.004710739700449641,0.004716138487297713,5.398786848072222e-06,0.002753680007864844,1,0.004716138487297713,0.0,0.004716138487297713,0.004716138487297713,5.398786848072222e-06,110.91624862636587,110.38512634618614,115.13872679666007,101.45491550045584
2020-10-20,0.08790152310256488,-0.0022034650214653143,-0.0021980970313859494,5.367990079365079e-06,0.0033813613386453403,1,-0.0021980970313859494,0.0,-0.0021980970313859494,-0.0021980970313859494,5.367990079365079e-06,110.67271170647479,110.14275560244873,114.88591865329512,101.45546011089748
2020-10-21,0.0912109273743017,0.005199954128598609,0.005205373886326262,5.419757727652381e-06,0.0029345996301523344,1,0.005205373886326262,0.0,0.005205373886326262,0.005205373886326262,5.419757727652381e-06,111.25030654425876,110.71758462827039,115.48550198802178,101.45600997640149
2020-10-22,0.0964823133528265,0.003434563442187949,0.0034398664911297477,5.30304894179881e-06,0.0022600322885191638,1,0.0034398664911297477,0.0,0.0034398664911297477,0.0034398664911297477,5.30304894179881e-06,111.63365169593915,111.09909413230153,115.88344073220738,101.45654800401445
2020-10-23,0.10250954936496526,-0.018769884729958004,-0.018764495369547173,5.389360410830953e-06,0.001483180317225042,1,-0.018764495369547173,0.0,-0.018764495369547173,-0.018764495369547173,5.389360410830953e-06,109.55843365633831,109.03381327098349,113.72922107670864,101.45709479139109
2020-10-26,0.08944604917711602,-0.0030363833899202707,-0.0030301938037524704,6.189586167800397e-06,0.003133694790597538,1,-0.0030301938037524704,0.0,-0.0030301938037524704,-0.0030301938037524704,6.189586167800397e-06,109.2269528487088,108.70391975867423,113.38512110379521,101.4577227707651
2020-10-27,0.09121164971751411,-0.035931476826915915,-0.03592557122600889,5.905600907029366e-06,0.0028881792153853374,1,-0.03592557122600889,0.0,-0.03592557122600889,-0.03592557122600889,5.905600907029366e-06,105.37256231101489,104.86798596394122,109.38399751204695,101.45832194135396
2020-10-28,0.0837334735294118,0.011870549772887134,0.0118765014438055,5.951670918367063e-06,0.003706846782973519,1,0.0118765014438055,0.0,0.0118765014438055,0.0118765014438055,5.951670918367063e-06,106.63148067468458,106.12087599902826,110.69084172404462,101.45892578969502
2020-10-29,0.08164268849283224,-0.01220964506147473,-0.012203669046735501,5.9760147392289685e-06,0.004005365469552836,1,-0.012203669046735501,0.0,-0.012203669046735501,-0.012203669046735501,5.9760147392289685e-06,105.33809346124194,104.8336821682006,109.34821646530084,101.45953211154266
2020-10-30,0.10398213805374001,0.012237139888050058,0.012242941894852779,5.802006802721032e-06,0.0011737566788222794,1,0.012242941894852779,0.0,0.012242941894852779,0.012242941894852779,5.802006802721032e-06,106.63566847886258,106.12504374991263,110.69518895402311,101.4601207821459
2020-11-02,0.12474533475397137,0.017595682440513502,0.017601206573166564,5.524132653061111e-06,-0.0013762262241453806,0,5.524132653061111e-06,1.0,-9.447586734693889e-05,0.017601206573166564,5.524132653061111e-06,106.63625755006787,106.1150179679618,112.66080570891626,101.46068126286019
2020-11-03,0.10759750164203613,0.02184327933674669,0.021849070831928094,5.791495181405555e-06,0.0007568596026234567,1,0.021849070831928094,1.0,0.021749070831928095,0.021849070831928094,5.791495181405555e-06,108.99180019655739,108.44820132525004,115.14942767045333,101.4612688736084
2020-11-04,0.12625507803979366,0.01926752352177128,0.019273262670013912,5.739148242630159e-06,-0.0015074892047409073,0,5.739148242630159e-06,1.0,-9.426085175736984e-05,0.019273262670013912,5.739148242630159e-06,108.99242571845092,108.43797938719344,117.390257523216,101.4618511765423
2020-11-05,0.11677761685599733,-0.000293414141667934,-0.00028775379869741254,5.660342970521429e-06,-0.00031555781986427646,0,5.660342970521429e-06,0.0,5.660342970521429e-06,-0.00028775379869741254,5.660342970521429e-06,108.99304265470771,108.43859318508495,117.35648289030614,101.46242548704379
2020-11-06,0.11226555668225857,0.01162640085217495,0.011631958050304203,5.557198129251588e-06,0.0002309546986946267,1,0.011631958050304203,1.0,0.011531958050304204,0.011631958050304203,5.557198129251588e-06,110.26824734018523,109.69634069997653,118.7295387588994,101.4629893354116
2020-11-09,0.10471131289043265,-0.0014057639117941749,-0.0014007834839128777,4.980427881297222e-06,0.0011572076560109022,1,-0.0014007834839128777,0.0,-0.0014007834839128777,-0.0014007834839128777,4.980427881297222e-06,110.11389353388171,109.54278745021486,118.56334081279837,101.46349466577098
2020-11-10,0.11304346347769875,0.007617476506432782,0.007622761226929676,5.284720496894048e-06,0.00014615307019889834,1,0.007622761226929676,0.0,0.007622761226929676,0.007622761226929676,5.284720496894048e-06,110.95647276225495,110.3809966385518,119.47057426908027,101.46403087339779
2020-11-11,0.12263067395382393,-0.010033870972437426,-0.010028678908945363,5.192063492063492e-06,-0.001005087507783187,0,5.192063492063492e-06,1.0,-9.480793650793651e-05,-0.010028678908945363,5.192063492063492e-06,110.95704885680195,110.37053214009742,118.27843004805374,101.46455768245586
2020-11-12,0.12286501588455148,0.013513461599404534,0.013518576706374859,5.115106970324206e-06,-0.0010485187935614995,0,5.115106970324206e-06,0.0,5.115106970324206e-06,0.013518576706374859,5.115106970324206e-06,110.95761641542752,110.37109669861958,119.88824274932213,101.46507668584948
2020-11-13,0.11373105967257585,0.011575744922177554,0.011580731916656505,4.986994478950794e-06,7.740736122909854e-05,1,0.011580731916656505,1.0,0.011480731916656505,0.011580731916656505,4.986994478950794e-06,112.25005607946063,111.64553944053137,121.2847067793381,101.46558269288843
2020-11-16,0.11247397833068054,-0.004808875476507318,-0.00480347613410369,5.3993424036277775e-06,0.00024101405901464507,1,-0.00480347613410369,0.0,-0.00480347613410369,-0.00480347613410369,5.3993424036277775e-06,111.71215853729359,111.11053871664342,120.70351557144352,101.46613054179059
2020-11-17,0.10671071919657033,-0.01163672957087116,-0.011631213479601318,5.51609126984127e-06,0.000930105993677004,1,-0.011631213479601318,0.0,-0.011631213479601318,-0.011631213479601318,5.51609126984127e-06,110.42033785777392,109.82567506790448,119.30772034603964,101.46669023977113
2020-11-18,0.09853644547779583,0.003933294064560437,0.003938653922538716,5.359857978278968e-06,0.0018989950524357334,1,0.003938653922538716,0.0,0.003938653922538716,0.003938653922538716,5.359857978278968e-06,110.8561029552257,110.25909337586432,119.77855879294157,101.4672340882778
2020-11-19,0.11295393100233098,-0.006820972964312219,-0.006815715636269892,5.2573280423277775e-06,0.00016743905564004305,1,-0.006815715636269892,0.0,-0.006815715636269892,-0.006815715636269892,5.2573280423277775e-06,110.10310829464318,109.51015392752177,118.96495798235038,101.4677675362152
2020-11-20,0.1040065901430843,0.0056148968242828445,0.0056200945950578216,5.197770774976587e-06,0.0012375205042741717,1,0.0056200945950578216,0.0,0.0056200945950578216,0.0056200945950578216,5.197770774976587e-06,110.72364026935257,110.12734406066062,119.63543460595719,101.46829494378258
2020-11-23,0.1043408582298137,0.01602643259476372,0.016032507557285768,6.074962522045635e-06,0.001202653685330497,1,0.016032507557285768,0.0,0.016032507557285768,0.016032507557285768,6.074962522045635e-06,112.5131244976666,111.90719111792191,121.56894873947066,101.46891136174389
2020-11-24,0.10559333829365078,-0.0015915059485865917,-0.0015856720266289198,5.833921957671826e-06,0.0010691619969245385,1,-0.0015856720266289198,0.0,-0.0015856720266289198,-0.0015856720266289198,5.833921957671826e-06,112.33485695779997,111.72988362830199,121.3763330111926,101.46950332518065
2020-11-25,0.09630062473794546,0.002388216001292026,0.0023940572799516376,5.841278659611905e-06,0.0021899002980298767,1,0.0023940572799516376,0.0,0.0023940572799516376,0.0023940572799516376,5.841278659611905e-06,112.6041152211402,111.99769181574877,121.66726301744592,101.47009603855612
2020-11-27,0.10077203410152602,-0.004611888773153182,-0.004606081438497098,5.8073346560845235e-06,0.001649496883816777,1,-0.004606081438497098,0.0,-0.004606081438497098,-0.004606081438497098,5.8073346560845235e-06,112.08664416791623,111.48300757504643,121.1081423617499,101.47068531107246
2020-11-30,0.10418514836056986,0.011202463882490639,0.011208121636017976,5.6577535273365075e-06,0.0012283840445867205,1,0.011208121636017976,0.0,0.011208121636017976,0.011208121636017976,5.6577535273365075e-06,113.34999155981829,112.73955127752664,122.47317257499822,101.47125940882424
2020-12-01,0.09676025036595898,0.001783891427275988,0.0017895485348597621,5.657107583774206e-06,0.002138687821067171,1,0.0017895485348597621,0.0,0.0017895485348597621,0.0017895485348597621,5.657107583774206e-06,113.55301848022197,112.94148480737158,122.69254048775935,101.47183344427908
2020-12-02,0.10165031898734178,-0.0006299867726177683,-0.0006243414287024246,5.645343915343651e-06,0.0015466056676608966,1,-0.0006243414287024246,0.0,-0.0006243414287024246,-0.0006243414287024246,5.645343915343651e-06,113.4821447534347,112.87099276722752,122.61596235967657,101.47240628929353
2020-12-03,0.11018680447312973,0.008791856269841511,0.008797424045414703,5.567775573192063e-06,0.0005119478582183996,1,0.008797424045414703,0.0,0.008797424045414703,0.008797424045414703,5.567775573192063e-06,114.48489966518451,113.86834739633969,123.69942583124067,101.47297126645145
2020-12-04,0.0905002681807858,-0.001944705002561933,-0.0019374711787083175,7.233823853615476e-06,0.002899896496979717,1,-0.0019374711787083175,0.0,-0.0019374711787083175,-0.0019374711787083175,7.233823853615476e-06,114.26330320937808,113.647944336326,123.45999378011724,101.47370530670645
2020-12-07,0.09065130588058806,0.0027773502028423575,0.0027832605897471193,5.9103869047619046e-06,0.002867642754092412,1,0.0027832605897471193,0.0,0.0027832605897471193,0.0027832605897471193,5.9103869047619046e-06,114.58177074153566,113.96469677871998,123.80409375303067,101.47430505733786
2020-12-08,0.08859136159625816,-0.007986967925782061,-0.007980983560702697,5.984365079364682e-06,0.0031154274456578965,1,-0.007980983560702697,0.0,-0.007980983560702697,-0.007980983560702697,5.984365079364682e-06,113.67093503002958,113.05876632394309,122.81994776635995,101.47491231844252
2020-12-09,0.08049451499840102,-0.0012918204536692473,-0.00128594253865602,5.877915013227381e-06,0.004045149903562023,1,-0.00128594253865602,0.0,-0.00128594253865602,-0.00128594253865602,5.877915013227381e-06,113.52485468486108,112.91347268661562,122.66210987790987,101.4755087811061
2020-12-10,0.08839202276942754,-0.0012717831032776291,-0.0012657607983834493,6.0223048941797625e-06,0.0030812820337124194,1,-0.0012657607983834493,0.0,-0.0012657607983834493,-0.0012657607983834493,6.0223048941797625e-06,113.3812502777463,112.77064165331068,122.50694720790808,101.47611989939942
2020-12-11,0.09897025467887524,-0.0043748801243756255,-0.0043687962305264194,6.083893849205952e-06,0.0018176058484342776,1,-0.0043687962305264194,0.0,-0.0043687962305264194,-0.0043687962305264194,6.083893849205952e-06,112.88699114377579,112.27904432531928,121.9729067251649,101.47673727121914
2020-12-14,0.09012617531450309,0.012832838945891222,0.012838447626446777,5.608680555555159e-06,0.0028492088868686694,1,0.012838447626446777,0.0,0.012838447626446777,0.012838447626446777,5.608680555555159e-06,114.34562814966371,113.7298259200741,123.54894479352343,101.47730642341841
2020-12-15,0.11045708845944474,0.0017657357088354038,0.0017712784469306416,5.542738095237698e-06,0.00046478086319938147,1,0.0017712784469306416,0.0,0.0017712784469306416,0.0017712784469306416,5.542738095237698e-06,114.54834557781066,113.93145162441623,123.76797830397852,101.47786888710932
2020-12-16,0.10676734460061005,0.005735541339165448,0.005741126947631056,5.585608465608333e-06,0.0009041163587527809,1,0.005741126947631056,0.0,0.005741126947631056,0.005741126947631056,5.585608465608333e-06,115.20787357686586,114.58742777090944,124.48058961814614,101.47843570433585
2020-12-17,0.11473534969525159,-0.003522620722285097,-0.003517278505023192,5.342217261904763e-06,-3.730810003674777e-05,0,5.342217261904763e-06,1.0,-9.465778273809524e-05,-0.003517278505023192,5.342217261904763e-06,115.20848904400076,114.57658169240797,124.04352580415407,101.47897782563484
2020-12-18,0.09889944965428141,-0.003918999939094516,-0.003913931036978114,5.068902116401984e-06,0.0018412712312715872,1,-0.003913931036978114,1.0,-0.004013931036978114,-0.003913931036978114,5.068902116401984e-06,114.75845224401166,114.1176009697702,123.55897686270455,101.47949221394401
2020-12-21,0.11321933779104035,-0.0020810833778503396,-0.002075268484142857,5.814893707482937e-06,0.00013415343085502844,1,-0.002075268484142857,0.0,-0.002075268484142857,-0.002075268484142857,5.814893707482937e-06,114.52054459129141,113.88102187646685,123.30282469627925,101.48008230812037
2020-12-22,0.10774176077712608,0.0007398327522505754,0.0007455332737925254,5.70052154195e-06,0.0007814230578891759,1,0.0007455332737925254,0.0,0.0007455332737925254,0.0007455332737925254,5.70052154195e-06,114.60595530212441,113.96595562406272,123.39478533043979,101.48066079916451
2020-12-23,0.09784507290852953,0.0035245554792320034,0.0035303368029281483,5.7813236961448405e-06,0.0019549556828481664,1,0.0035303368029281483,0.0,0.0035303368029281483,0.0035303368029281483,5.7813236961448405e-06,115.01126794807732,114.36900486265394,123.83118033981977,101.48124749340943
2020-12-24,0.11026906101621312,0.008679112782224229,0.008684694603369354,5.581821145124603e-06,0.0004832892087302792,1,0.008684694603369354,0.0,0.008684694603369354,0.008684694603369354,5.581821145124603e-06,116.01445556986118,115.36659033441614,124.91129978832349,101.48181394516342
2020-12-28,0.11285116956027624,-0.0022352101297942934,-0.0022298465500115035,5.363579782790079e-06,0.000184999870686613,1,-0.0022298465500115035,0.0,-0.0022298465500115035,-0.0022298465500115035,5.363579782790079e-06,115.756049346541,115.10962714168977,124.63307706969961,101.48235825242875
2020-12-29,0.11582179719763144,0.0013353255467626318,0.0013406481091209083,5.322562358276587e-06,-0.00017011235528355435,0,5.322562358276587e-06,1.0,-9.467743764172341e-05,0.0013406481091209083,5.322562358276587e-06,115.75666546697165,115.09872937303865,124.80027822271877,101.4828984000463
2020-12-30,0.10937468698052893,0.006413128804188909,0.006418196978792083,5.068174603174603e-06,0.0005966912311014712,1,0.006418196978792083,1.0,0.006318196978792083,0.006418196978792083,5.068174603174603e-06,116.50200385326208,115.8282480116151,125.6038469641288,101.48341273439799
2020-12-31,0.11709736169937146,-0.01486973157717115,-0.014864718123372964,5.013453798185714e-06,-0.00031425383028071095,0,5.013453798185714e-06,1.0,-9.498654620181429e-05,-0.014864718123372964,5.013453798185714e-06,116.50258793213992,115.81724640889426,123.75058938406454,101.4839215180744
2021-01-04,0.11243765840602846,0.007052288248386457,0.0070575761707220575,5.287922335600794e-06,0.00022371629423341248,1,0.0070575761707220575,1.0,0.006957576170722057,0.0070575761707220575,5.287922335600794e-06,117.32772211929661,116.62586346810909,124.62705782819093,101.48445815858855
2021-01-05,0.11754209590128445,0.005688365106580432,0.00569366086621762,5.295759637188096e-06,-0.0003772447387752221,0,5.295759637188096e-06,1.0,-9.470424036281191e-05,0.00569366086621762,5.295759637188096e-06,117.32834346035696,116.61481902728863,125.33866593544043,101.48499559730895
2021-01-06,0.12148496862303118,0.01473285861314815,0.014738221178340893,5.362565192743651e-06,-0.0008387246804776281,0,5.362565192743651e-06,0.0,5.362565192743651e-06,0.014738221178340893,5.362565192743651e-06,117.32897264293473,116.61544438353484,127.19961476854358,101.48553981867312
2021-01-07,0.11456208317523164,0.00547158364551612,0.005476865536105689,5.281890589569048e-06,2.681057580470811e-06,1,0.005476865536105689,1.0,0.005376865536105689,0.005476865536105689,5.281890589569048e-06,117.97333056976846,117.24415868884586,127.89818118585761,101.48607585560652
2021-01-08,0.11546842032048146,-0.006581638957242605,-0.006576373761664375,5.265195578230953e-06,-9.85278149356044e-05,0,5.265195578230953e-06,1.0,-9.473480442176906e-05,-0.006576373761664375,5.265195578230953e-06,117.97395172406218,117.23305211250086,127.05983460461958,101.48661020105108
2021-01-11,0.1127813798680081,0.00040968005936968603,0.00041574571696605784,6.065657596371825e-06,0.00021195704339707112,1,0.00041574571696605784,1.0,0.00031574571696605785,0.00041574571696605784,6.065657596371825e-06,118.0230090861925,117.27007379100287,127.11267016897364,101.48722578594614
2021-01-12,0.10415945703775872,0.0022681990254564965,0.0022730179027713113,4.8188773148146824e-06,0.0012310688318956532,1,0.0022730179027713113,0.0,0.0022730179027713113,0.0022730179027713113,4.8188773148146824e-06,118.29158261937438,117.53693394224294,127.40192816369678,101.48771484161456
2021-01-13,0.1124042628495413,-0.0037652058201541176,-0.0037605002910535887,4.705529100528969e-06,0.0002576935372243655,1,-0.0037605002910535887,0.0,-0.0037605002910535887,-0.0037605002910535887,4.705529100528969e-06,117.84758244313151,117.09576629337208,126.92373286606198,101.48819239613367
2021-01-14,0.11553531775369513,-0.007220713507586202,-0.007215990506594139,4.7230009920634925e-06,-0.00011653230101691878,0,4.7230009920634925e-06,1.0,-9.527699900793652e-05,-0.007215990506594139,4.7230009920634925e-06,117.84813903869471,117.08461029162673,126.01114897288346,101.48867172609897
2021-01-15,0.11909700267878465,0.008098754673626411,0.008103480771510008,4.7260978835976194e-06,-0.0005459443665169813,0,4.7260978835976194e-06,0.0,4.7260978835976194e-06,0.008103480771510008,4.7260978835976194e-06,117.84869600185132,117.08516364626324,127.03642644319689,101.48915137262907
2021-01-19,0.11873994532584242,0.013834521087232269,0.013839368887685784,4.847800453514682e-06,-0.0004925589216312615,0,4.847800453514682e-06,0.0,4.847800453514682e-06,0.013839368887685784,4.847800453514682e-06,117.84926731019804,117.0857312531485,128.8067522513637,101.48964337297566
2021-01-20,0.11645974787175234,0.0003118847173002357,0.0003166807728557909,4.7960555555551585e-06,-0.00020631233729379375,0,4.7960555555551585e-06,0.0,4.7960555555551585e-06,0.0003166807728557909,4.7960555555551585e-06,117.84983252318663,117.08629280416696,128.84754933270037,101.49013012411083
2021-01-21,0.11671792517606591,-0.003019859581895661,-0.003015127294928243,4.732286967418254e-06,-0.00023607275621137513,0,4.732286967418254e-06,0.0,4.732286967418254e-06,-0.003015127294928243,4.732286967418254e-06,117.8503902237328,117.0868468914155,128.45964265769592,101.49061040566735
2021-01-22,0.11549932204204202,0.0036047092986803775,0.003609282023548102,4.572724867724603e-06,-9.59272478940499e-05,0,4.572724867724603e-06,0.0,4.572724867724603e-06,0.003609282023548102,4.572724867724603e-06,117.85092912237498,117.08738229857612,128.92412746078313,101.49107449536648
2021-01-25,0.11250421180183404,-0.0014952618006156624,-0.0014899457394751568,5.316061140505555e-06,0.0002600956618716427,1,-0.0014899457394751568,1.0,-0.0015899457394751568,-0.0014899457394751568,5.316061140505555e-06,117.67546837858906,116.90136762974524,128.73218053711713,101.49161402955782
2021-01-26,0.11306090285809078,-0.026018416276528396,-0.02601328989204868,5.1263844797174605e-06,0.00019291684081672138,1,-0.02601328989204868,0.0,-0.02601328989204868,-0.02601328989204868,5.1263844797174605e-06,114.65381428046418,113.89959078158871,125.42661374192849,101.49213431592639
2021-01-27,0.11057771266149868,0.009708167592208508,0.009713334927599454,5.167335390946429e-06,0.00045923234037994337,1,0.009713334927599454,0.0,0.009713334927599454,0.009713334927599454,5.167335390946429e-06,115.77291146339137,115.01132624351094,126.65086058433475,101.49265876117892
2021-01-28,0.12045742253985303,-0.01950542475607554,-0.019500405967127862,5.018788947677778e-06,-0.0006958189553167501,0,5.018788947677778e-06,1.0,-9.498121105232223e-05,-0.019500405967127862,5.018788947677778e-06,115.77349250465791,115.00040284722652,124.20504211797059,101.49316813269121
2021-01-29,0.11445337872038586,0.01591934697287589,0.015924269140718334,4.922167842445238e-06,-9.766321530896988e-06,0,4.922167842445238e-06,0.0,4.922167842445238e-06,0.015924269140718334,4.922167842445238e-06,115.7740623626222,115.0009688999044,126.19874866657096,101.49366770032908
2021-02-01,0.1265332441595442,0.013797968651422288,0.013802541965649213,4.573314226924999e-06,-0.001423304387295524,0,4.573314226924999e-06,0.0,4.573314226924999e-06,0.013802541965649213,4.573314226924999e-06,115.77459183499943,115.00149483667418,127.95268876174187,101.49413186382492
2021-02-02,0.130477382975703,0.0010036867081230118,0.0010082963259948519,4.60961787184008e-06,-0.0018541797091580648,0,4.60961787184008e-06,0.0,4.60961787184008e-06,0.0010082963259948519,4.60961787184008e-06,115.77512551285709,115.00202495084191,128.08176805187264,101.49459971406733
2021-02-03,0.12222996121212118,0.010789945159884526,0.010794829768938023,4.884609053497619e-06,-0.0008810560634464823,0,4.884609053497619e-06,0.0,4.884609053497619e-06,0.010794829768938023,4.884609053497619e-06,115.7756910304645,115.0025866921461,129.47187843807387,101.49509547671877
2021-02-04,0.13037614442743953,0.0038849807186516804,0.0038898969855535024,4.916266901822222e-06,-0.0018115569163283957,0,4.916266901822222e-06,0.0,4.916266901822222e-06,0.0038898969855535024,4.916266901822222e-06,115.77626021606149,115.00315207694645,129.97649151788565,101.49559445492393
2021-02-05,0.12447605413469737,0.007367442087558325,0.007372105129886368,4.663042328042064e-06,-0.0011121321692664742,0,4.663042328042064e-06,0.0,4.663042328042064e-06,0.007372105129886368,4.663042328042064e-06,115.77680008692217,115.00368834276276,130.93823255005182,101.49606773428044
2021-02-08,0.1293933211568571,-0.0011194114988066289,-0.0011141179817578345,5.293517048794444e-06,-0.001664510468672985,0,5.293517048794444e-06,0.0,5.293517048794444e-06,-0.0011141179817578345,5.293517048794444e-06,115.77741295500941,115.00429711835895,130.7924331446191,101.49660500686741
2021-02-09,0.12282288790964882,-0.00034964790366565605,-0.0003452195438772965,4.428359788359524e-06,-0.0009049526313063948,0,4.428359788359524e-06,0.0,4.428359788359524e-06,-0.0003452195438772965,4.428359788359524e-06,115.77792566018455,115.00480639989144,130.74728883330394,101.49705447134687
2021-02-10,0.12751581466275658,0.0016568513408066494,0.0016610747648429303,4.223424036280952e-06,-0.00144546176705437,0,4.223424036280952e-06,0.0,4.223424036280952e-06,0.0016610747648429303,4.223424036280952e-06,115.77841464049123,115.00529211498076,130.96465033222887,101.49748313735157
2021-02-11,0.1207774659042466,0.004695699584400199,0.004699921149026049,4.2215646258499995e-06,-0.0006628177590196401,0,4.2215646258499995e-06,0.0,4.2215646258499995e-06,0.004699921149026049,4.2215646258499995e-06,115.77890340758262,115.00577761827854,131.58162258686949,101.49791161644042
2021-02-12,0.11947619275095911,-0.0005735408591862632,-0.000569437009979914,4.103849206349207e-06,-0.0005057956234137215,0,4.103849206349207e-06,0.0,4.103849206349207e-06,-0.000569437009979914,4.103849206349207e-06,115.77937854771842,115.00624958561619,131.50671647031692,101.49832814941912
2021-02-16,0.11664733200971691,-0.00032464740830998056,-0.0003204508720288016,4.196536281178968e-06,-0.0001808409185332354,0,4.196536281178968e-06,0.0,4.196536281178968e-06,-0.0003204508720288016,4.196536281178968e-06,115.7798644211006,115.00673221452782,131.46458177975612,101.49875409172944
2021-02-17,0.12118136902164403,-0.004429817945232701,-0.00442558686962702,4.231075605680556e-06,-0.0007019879962037595,0,4.231075605680556e-06,0.0,4.231075605680556e-06,-0.00442558686962702,4.231075605680556e-06,115.78035429549693,115.00721881773642,130.8840593764736,101.49918354154039
2021-02-18,0.12168732414965985,-0.0018607671177633383,-0.0018566165820490526,4.1505357142857144e-06,-0.0007655484321539962,0,4.1505357142857144e-06,0.0,4.1505357142857144e-06,-0.0018566165820490526,4.1505357142857144e-06,115.7808348469897,115.00769616029612,130.64128330228982,101.49960481840093
2021-02-19,0.12533139310176125,-0.007767187612421331,-0.007762902892533376,4.284719887955159e-06,-0.0011867017545565753,0,4.284719887955159e-06,0.0,4.284719887955159e-06,-0.007762902892533376,4.284719887955159e-06,115.78133093649822,115.00818893711484,129.6310539357481,101.500039716708
2021-02-22,0.1071089678767877,0.001250829924892499,0.0012554994192235645,4.6694943310654754e-06,0.0009065039436409791,1,0.0012554994192235645,1.0,0.0011554994192235644,0.0012554994192235645,4.6694943310654754e-06,115.92678562027501,115.14115764047264,129.7939078587887,101.50051367167463
2021-02-23,0.10311412166957995,0.011282977583904613,0.011287715277782164,4.7376938775507934e-06,0.0013684811976949277,1,0.011287715277782164,0.0,0.011287715277782164,0.011287715277782164,4.7376938775507934e-06,117.24274729731927,116.44820113430063,131.2672844191935,101.50099455117596
2021-02-24,0.11000246296835561,-0.02478815657627839,-0.024783434790564104,4.721785714285317e-06,0.0005823360805737345,1,-0.024783434790564104,0.0,-0.024783434790564104,-0.024783434790564104,4.721785714285317e-06,114.37278003569457,113.59768344655816,128.05401266047144,101.50147381825352
2021-02-25,0.11638900472527475,-0.004766158167051867,-0.004761483718072275,4.6744489795916665e-06,-0.00018161142621091544,0,4.6744489795916665e-06,1.0,-9.532555102040834e-05,-0.004761483718072275,4.6744489795916665e-06,114.37331466666907,113.58685520090141,127.44573486578776,101.50194828282315
2021-02-26,0.09960776194529569,0.023507329384718022,0.023512130081996933,4.8006972789115075e-06,0.0017584264700074778,1,0.023512130081996933,1.0,0.023412130081996933,0.023512130081996933,4.8006972789115075e-06,117.09433809550993,116.27753985792965,130.47776057463705,101.50243556411974
2021-03-01,0.1296196541613991,-0.008118129590330713,-0.008113671312552936,4.458277777777777e-06,-0.0017197250604635422,0,4.458277777777777e-06,1.0,-9.554172222222222e-05,-0.008113671312552936,4.458277777777777e-06,117.09486013575908,116.26643103220249,129.42339010369827,101.50288809118133
2021-03-02,0.115227925018272,-0.013156740297520005,-0.013152318131987126,4.422165532879762e-06,-4.430199548604262e-05,0,4.422165532879762e-06,0.0,4.422165532879762e-06,-0.013152318131987126,4.422165532879762e-06,117.09537794975856,116.26694518274326,127.73231764206257,101.503336954747
2021-03-03,0.11081108233915893,-0.013512598997497228,-0.013508037960082262,4.561037414965873e-06,0.00046231059839509266,1,-0.013508037960082262,1.0,-0.013608037960082262,-0.013508037960082262,4.561037414965873e-06,115.52428422563084,114.69549659503593,126.01850582361627,101.50379991632039
2021-03-04,0.11625051779016929,0.019303924601298164,0.019308363815583877,4.439214285714286e-06,-0.00019161472326425545,0,4.439214285714286e-06,1.0,-9.556078571428572e-05,0.019308363815583877,4.439214285714286e-06,115.52479706382202,114.68453672693855,128.47535956607967,101.50425051443919
2021-03-05,0.11962002716957562,-0.005378190617842826,-0.005373684030541239,4.506587301587301e-06,-0.0005658862712752538,0,4.506587301587301e-06,0.0,4.506587301587301e-06,-0.005373684030541239,4.506587301587301e-06,115.5253176875786,114.68505356398005,127.78682521794681,101.50470795323636
2021-03-08,0.09921755147058822,0.01405142170465842,0.014055441418613446,4.019713955026191e-06,0.001825117163072116,1,0.014055441418613446,1.0,0.013955441418613447,0.014055441418613446,4.019713955026191e-06,117.1605420019495,116.29675394868137,129.595607291308,101.5051159739475
2021-03-09,0.10746456505931878,0.0060081183453354345,0.006012173623113212,4.055277777777778e-06,0.0008699854274131502,1,0.006012173623113212,0.0,0.006012173623113212,0.006012173623113212,4.055277777777778e-06,117.86705322818072,116.99805628848814,130.37710548051953,101.50552760622327
2021-03-10,0.11030190495981629,0.010337848843279308,0.010341818218279307,3.9693750000000004e-06,0.0005397461463254403,1,0.010341818218279307,0.0,0.010341818218279307,0.010341818218279307,3.9693750000000004e-06,119.09233778098995,118.21430720129807,131.73243802689277,101.50593052052656
2021-03-11,0.11560020465260695,0.0010109811543952201,0.0010148833501624158,3.902195767195635e-06,-7.738738001098963e-05,0,3.902195767195635e-06,1.0,-9.609780423280437e-05,0.0010148833501624158,3.902195767195635e-06,119.09280250351308,118.20294761177166,131.86619894930809,101.5063266173118
2021-03-12,0.09999044552346872,0.006466816154348869,0.006470976590856805,4.160436507936508e-06,0.0017690555787185144,1,0.006470976590856805,1.0,0.006370976590856805,0.006470976590856805,4.160436507936508e-06,119.86594804614697,118.9584198165006,132.72226885276615,101.50674892881734
2021-03-15,0.10882970434543146,-0.0015750671024009574,-0.0015709218841469892,4.145218253968254e-06,0.0007290573250556005,1,-0.0015709218841469892,0.0,-0.0015709218841469892,-0.0015709218841469892,4.145218253968254e-06,119.67779583010756,118.77169213720668,132.51393621610427,101.507169697318
2021-03-16,0.10725896686746988,0.0028711278165516572,0.002875205304977583,4.077488425925794e-06,0.0009128382755217244,1,0.002875205304977583,0.0,0.002875205304977583,0.002875205304977583,4.077488425925794e-06,120.02238921453929,119.11367653861014,132.89548924729397,101.50758359247143
2021-03-17,0.11061061672987776,-0.01487466787694241,-0.014870520601810135,4.147275132275e-06,0.0005177955900372358,1,-0.014870520601810135,0.0,-0.014870520601810135,-0.014870520601810135,4.147275132275e-06,118.25079868598836,117.35549906391012,130.93388532007327,101.50800457322156
2021-03-18,0.10634407179222563,-0.0006069440489297108,-0.0006029206064693933,4.02344246031746e-06,0.0010085292854398083,1,-0.0006029206064693933,0.0,-0.0006029206064693933,-0.0006029206064693933,4.02344246031746e-06,118.17952433127678,117.28476434109571,130.85496637584825,101.50841298565882
2021-03-19,0.11092976563626639,0.006996653962029742,0.0070005595506540804,3.905588624338493e-06,0.00046391708306236547,1,0.0070005595506540804,0.0,0.0070005595506540804,0.0070005595506540804,3.905588624338493e-06,119.00974975967544,118.10870397252265,131.77423831514753,101.50880943653604
2021-03-22,0.10737277882719251,-0.007664490503826864,-0.007660100809949314,4.3896938775507936e-06,0.000891219948397427,1,-0.007660100809949314,0.0,-0.007660100809949314,-0.007660100809949314,4.3896938775507936e-06,118.10160575705821,117.2074357034427,130.7686905808904,101.50925503011334
2021-03-23,0.11376801859756097,-0.005486710657159447,-0.005482303984823847,4.4066723356007935e-06,0.000126354958222245,1,-0.005482303984823847,0.0,-0.005482303984823847,-0.005482303984823847,4.4066723356007935e-06,117.45590842496787,116.56662707048862,130.05373845058045,101.5097023491249
2021-03-24,0.1060366706738374,0.005222059330665944,0.005226550815926714,4.491485260770635e-06,0.001035749209044862,1,0.005226550815926714,0.0,0.005226550815926714,0.005226550815926714,4.491485260770635e-06,118.07140475929907,117.17746336326711,130.73525035028652,101.5101582794807
2021-03-25,0.10493693901886794,0.016490041212974562,0.016494413826353246,4.372613378684524e-06,0.0011703652514252535,1,0.016494413826353246,0.0,0.016494413826353246,0.016494413826353246,4.372613378684524e-06,120.03507363359813,119.12626492148388,132.90953414414759,101.51060214512731
2021-03-26,0.12060534454906885,-0.0008726969591694605,-0.0008684019308247895,4.295028344671032e-06,-0.0006746820512355499,0,4.295028344671032e-06,1.0,-9.570497165532897e-05,-0.0008684019308247895,4.295028344671032e-06,120.0355891887489,119.1148644912238,132.79416534856438,101.5110381369771
2021-03-29,0.11445190467549518,-0.003167026233196764,-0.0031628196118815713,4.20662131519246e-06,5.631370573454253e-05,1,-0.0031628196118815713,1.0,-0.003262819611881571,-0.0031628196118815713,4.20662131519246e-06,119.6565380243515,118.72684753419915,132.37482485679234,101.51146515637201
2021-03-30,0.12349787995752051,0.003611606571437076,0.003615992965994899,4.386394557823016e-06,-0.0010223467929273613,0,4.386394557823016e-06,1.0,-9.561360544217699e-05,0.003615992965994899,4.386394557823016e-06,119.65706288628981,118.71549617492447,132.85435776365125,101.5119104266869
2021-03-31,0.09741721693762287,0.011751474843464475,0.01175577423688851,4.299393424036111e-06,0.0020792061756441087,1,0.01175577423688851,1.0,0.011655774236888511,0.01175577423688851,4.299393424036111e-06,121.07202499558505,120.10731278957071,134.42537979741923,101.51234686726526
2021-04-01,0.11324228472792347,0.01433083404539761,0.014335038467166317,4.204421768707143e-06,0.00020958064556730188,1,0.014335038467166317,0.0,0.014335038467166317,0.014335038467166317,4.204421768707143e-06,122.82009653290933,121.84145554401469,136.36625078166554,101.51277366888345
2021-04-05,0.11146165416983644,-0.000978440652748508,-0.0009740121110818412,4.428541666666667e-06,0.0004351319888383047,1,-0.0009740121110818412,0.0,-0.0009740121110818412,-0.0009740121110818412,4.428541666666667e-06,122.7005265121792,121.72283826739267,136.23349306616834,101.51322322342678
2021-04-06,0.11707690157103823,0.00146945358522633,0.0014741432833555816,4.689698129251587e-06,-0.00023478649202546796,0,4.689698129251587e-06,1.0,-9.531030187074842e-05,0.0014741432833555816,4.689698129251587e-06,122.70110194195813,121.71123737978367,136.43446885209735,101.51369929091614
2021-04-07,0.11573516969262626,0.004207065136895671,0.0042117580408072355,4.692903911564286e-06,-7.321694992762189e-05,0,4.692903911564286e-06,0.0,4.692903911564286e-06,0.0042117580408072355,4.692903911564286e-06,122.70167776779053,121.7118085602659,137.01030962309534,101.51417568607044
2021-04-08,0.11496452796659115,0.007685656203904893,0.007690316372555687,4.660168650793651e-06,2.286229752088316e-05,1,0.007690316372555687,1.0,0.0075903163725556866,0.007690316372555687,4.660168650793651e-06,123.64893015609644,122.6391546664264,138.0680241170945,101.5146487603519
2021-04-09,0.11534499057401681,-0.00020089577628768394,-0.00019620215667317165,4.693619614512302e-06,-1.4648848605181702e-05,0,4.693619614512302e-06,1.0,-9.53063803854877e-05,-0.00019620215667317165,4.693619614512302e-06,123.64951051850232,122.62746692946843,138.0409375303054,101.51512523261665
2021-04-12,0.10166728562514388,0.0032849421799721413,0.003289166381145364,4.224201173222619e-06,0.0016100630611162216,1,0.003289166381145364,1.0,0.003189166381145364,0.003289166381145364,4.224201173222619e-06,124.05688392373145,123.01917059649368,138.4957246665175,101.51555405383348
2021-04-13,0.10487666993383973,-0.004100451912098657,-0.004096179929697001,4.271982401655952e-06,0.001230764489352703,1,-0.004096179929697001,0.0,-0.004096179929697001,-0.004096179929697001,4.271982401655952e-06,123.5497639420749,122.51629258148044,137.92958156239465,101.51598772742021
2021-04-14,0.11094307739279191,0.011028859606906572,0.011033158016154329,4.2984092477567456e-06,0.000504709875343198,1,0.011033158016154329,0.0,0.011033158016154329,0.011033158016154329,4.2984092477567456e-06,124.92045563496339,123.87551868703304,139.4598065148259,101.51642408561847
2021-04-15,0.1157000729180726,0.0035980621050077477,0.0036022533265398387,4.191221532090873e-06,-5.029331876041897e-05,0,4.191221532090873e-06,1.0,-9.580877846790913e-05,0.0036022533265398387,4.191221532090873e-06,124.92097920536405,123.86365089343406,139.96308198541357,101.5168495643326
2021-04-16,0.1130456246276785,-0.005324803585026381,-0.005320582266875933,4.221318150448413e-06,0.0002684014658565787,1,-0.005320582266875933,1.0,-0.005420582266875933,-0.005320582266875933,4.221318150448413e-06,124.25809189565902,123.19405422534943,139.2203744637025,101.51727810015674
2021-04-19,0.11203700568298078,-0.006829894230481247,-0.006825603130708005,4.291099773242461e-06,0.0003828326153220169,1,-0.006825603130708005,0.0,-0.006825603130708005,-0.006825603130708005,4.291099773242461e-06,123.4128434215101,122.35604372020154,138.273347133002,101.51771372186043
2021-04-20,0.10702570264779451,0.009258932679431009,0.00926302546911355,4.0927896825396825e-06,0.0009711337132858114,1,0.00926302546911355,0.0,0.00926302546911355,0.00926302546911355,4.0927896825396825e-06,124.56133075502879,123.49469641222453,139.56012720663742,101.518129213362
2021-04-21,0.11398563420091323,-0.009257475236074696,-0.009253351856793159,4.123379281536905e-06,0.00015197735360958885,1,-0.009253351856793159,0.0,-0.009253351856793159,-0.009253351856793159,4.123379281536905e-06,123.41403727528714,122.35722735085855,138.27468474222616,101.51854781197571
2021-04-22,0.11161920570957634,0.010865416401224473,0.010869423861541933,4.007460317460317e-06,0.0004245129511406265,1,0.010869423861541933,0.0,0.010869423861541933,0.010869423861541933,4.007460317460317e-06,124.76279357990538,123.69443408559133,139.78584876321327,101.51895464434276
2021-04-23,0.11311019185728854,0.0017765774870506033,0.001780637890878801,4.060403828197619e-06,0.00025678692150406766,1,0.001780637890878801,0.0,0.001780637890878801,0.001780637890878801,4.060403828197619e-06,124.98514884588027,123.91488529545545,140.0349784812118,101.51936685313167
2021-04-26,0.10738934864005653,-0.0002197272106584194,-0.00021494231269923608,4.784897959183333e-06,0.000938764948349026,1,-0.00021494231269923608,0.0,-0.00021494231269923608,-0.00021494231269923608,4.784897959183333e-06,124.95828713589674,123.8882536056732,140.00488227366836,101.51985261410512
2021-04-27,0.10389789655105974,-0.0008506697610842845,-0.0008458882928303167,4.781468253967857e-06,0.00135290822632835,1,-0.0008458882928303167,0.0,-0.0008458882928303167,-0.0008458882928303167,4.781468253967857e-06,124.85263107662814,123.78350229252972,139.88650385733078,101.52033802921802
2021-04-28,0.10860154187795068,0.006735320817517631,0.006740032543708107,4.7117261904761905e-06,0.0007912646387205711,1,0.006740032543708107,0.0,0.006740032543708107,0.006740032543708107,4.7117261904761905e-06,125.69698416044422,124.62062507468484,140.83252798111315,101.52081636638049
2021-04-29,0.11563883053221286,-0.007225291491728506,-0.007220643718202429,4.647773526076984e-06,-4.0093248256305863e-05,0,4.647773526076984e-06,1.0,-9.535222647392302e-05,-0.007220643718202429,4.647773526076984e-06,125.69756837291715,124.60874278712967,139.81928899381708,101.52128821323967
2021-04-30,0.11910902590006106,0.0027397421936396003,0.0027442656970409606,4.523503401360317e-06,-0.00046063403040381284,0,4.523503401360317e-06,0.0,4.523503401360317e-06,0.0027442656970409606,4.523503401360317e-06,125.69813696758125,124.60930645647639,140.2035172434551,101.52174744617086
2021-05-03,0.1269284132369942,-0.0067050214138748435,-0.006700737740405456,4.283673469387698e-06,-0.0013870067855413157,0,4.283673469387698e-06,0.0,4.283673469387698e-06,-0.006700737740405456,4.283673469387698e-06,125.69867541850901,124.60984024319978,139.26719078654784,101.52218233311842
2021-05-04,0.12310520727775215,0.000698795063733433,0.0007032914568740223,4.496393140589286e-06,-0.0009415847500003904,0,4.496393140589286e-06,0.0,4.496393140589286e-06,0.0007032914568740223,4.496393140589286e-06,125.69924061044159,124.61040053929035,139.36517066221708,101.52263881778896
2021-05-05,0.12841037016066875,0.00812787801755591,0.008132234115911918,4.3560983560087304e-06,-0.0015716774370459485,0,4.3560983560087304e-06,0.0,4.3560983560087304e-06,0.008132234115911918,4.3560983560087304e-06,125.69978816988959,124.61094335563357,140.5031417096654,101.52308106135224
2021-05-06,0.13275713321870197,0.0073422027471655655,0.007346296237811824,4.093490646258333e-06,-0.00206501289673946,0,4.093490646258333e-06,0.0,4.093490646258333e-06,0.007346296237811824,4.093490646258333e-06,125.70030272184984,124.61145345040865,141.53912005377208,101.52349664598555
2021-05-07,0.12756499774859287,-0.010494489545001451,-0.010490499399026396,3.9901459750563494e-06,-0.001426241040438982,0,3.9901459750563494e-06,0.0,3.9901459750563494e-06,-0.010490499399026396,3.9901459750563494e-06,125.70080428540746,124.61195066929007,140.0620650680009,101.52390174036525
2021-05-10,0.11429445127080723,-0.008715411851946051,-0.008711731693215893,3.6801587301583333e-06,0.00012413923256339617,1,-0.008711731693215893,1.0,-0.008811731693215892,-0.008711731693215893,3.6801587301583333e-06,124.61048876868908,123.51872726363867,138.84718149016376,101.52427536512604
2021-05-11,0.11555699763055971,-0.02168627620566073,-0.021682768452684537,3.507752976190476e-06,-3.382839679757013e-05,0,3.507752976190476e-06,1.0,-9.649224702380953e-05,-0.021682768452684537,3.507752976190476e-06,124.61092587226854,123.5068092391032,135.8689945525866,101.52463148782971
2021-05-12,0.11120331811676085,0.012096049906486404,0.012099654192200689,3.604285714285317e-06,0.00046180812203862505,1,0.012099654192200689,1.0,0.01199965419220069,0.012099654192200689,3.604285714285317e-06,126.12783350636576,124.99777589195193,137.52294835825205,101.52499741226808
2021-05-13,0.10953810810441708,0.014804181272611454,0.01480775516646066,3.573893849206349e-06,0.0006702713463345479,1,0.01480775516646066,0.0,0.01480775516646066,0.01480775516646066,3.573893849206349e-06,128.0094000925337,126.86248435419421,139.57450650579705,101.52536025248024
2021-05-14,0.11627312402881401,-0.0025366429789263796,-0.00253324416940257,3.3988095238095237e-06,-0.00011757884229078759,0,3.3988095238095237e-06,1.0,-9.660119047619048e-05,-0.00253324416940257,3.3988095238095237e-06,128.00983517284124,126.85022987908681,139.2213776706206,101.525705318428
2021-05-17,0.10808977757874311,-0.00855740281786091,-0.008553781927838235,3.620890022675397e-06,0.0008534649009410682,1,-0.008553781927838235,1.0,-0.008653781927838234,-0.008553781927838235,3.620890022675397e-06,126.91953669369877,125.75723175693845,138.03558709340876,101.52607293250698
2021-05-18,0.10266009171056878,-0.0029514342240718906,-0.0029477755951036366,3.658628968253968e-06,0.0014898392123138381,1,-0.0029477755951036366,0.0,-0.0029477755951036366,-0.0029477755951036366,3.658628968253968e-06,126.54595726556623,125.38707349803566,137.62928829157224,101.52644437941791
2021-05-19,0.11470337405888253,0.010450649622578972,0.010499443868610717,4.8794246031745636e-05,5.512891228651347e-05,1,0.010499443868610717,0.0,0.010499443868610717,0.010499443868610717,4.8794246031745636e-05,127.88161902343276,126.7105035199894,139.0819319090026,101.53139840658673
2021-05-20,0.11878115601276457,-0.0007873921072165623,-0.0007841270013964568,3.2651058201055554e-06,-0.0004181010967714751,0,3.2651058201055554e-06,1.0,-9.673489417989445e-05,-0.0007841270013964568,3.2651058201055554e-06,127.882036571133,126.69824678567643,138.97291675723412,101.53172991788779
2021-05-21,0.12088500078335945,0.009859323338942955,0.009862511119055,3.1877801120444443e-06,-0.0006678954691929882,0,3.1877801120444443e-06,0.0,3.1877801120444443e-06,0.009862511119055,3.1877801120444443e-06,127.88244423159563,126.6986506724715,140.3503198558059,101.53205357923305
2021-05-24,0.10924546502311247,-0.0021312052742204386,-0.002127563955626335,3.6413185941039683e-06,0.0007204261154349651,1,-0.002127563955626335,1.0,-0.0022275639556263347,-0.002127563955626335,3.6413185941039683e-06,127.6106553792956,126.41673543369214,140.05203299881973,101.53242329046077
2021-05-25,0.1085112897497982,0.0018714074724822509,0.0018749737128450623,3.566240362811508e-06,0.0008044760280892741,1,0.0018749737128450623,0.0,0.0018749737128450623,0.0018749737128450623,3.566240362811508e-06,127.85014645318327,126.65398583912577,140.3148732113658,101.53278538013248
2021-05-26,0.1112250883410375,0.00116126207059527,0.0011647198427041133,3.457772108843254e-06,0.00048506907024147526,1,0.0011647198427041133,0.0,0.0011647198427041133,0.0011647198427041133,3.457772108843254e-06,127.99914280831189,126.80158819059785,140.47839593901855,101.53313645797289
2021-05-27,0.10450308857142857,0.0007652036667756822,0.0007685910772065211,3.3874104308388886e-06,0.001279301492290063,1,0.0007685910772065211,0.0,0.0007685910772065211,0.0007685910772065211,3.3874104308388886e-06,128.09755962366265,126.8990842223473,140.5864078838689,101.53348039296093
2021-05-28,0.11190375904761904,-0.0004957474876678971,-0.0004924965749694844,3.2509126984126984e-06,0.00040510264494617206,1,-0.0004924965749694844,0.0,-0.0004924965749694844,-0.0004924965749694844,3.2509126984126984e-06,128.0344875469518,126.83660224534381,140.517186606519,101.53381046997816
2021-06-01,0.11682067071748006,0.0014426708659866043,0.0014458704850342234,3.1996190476190477e-06,-0.0001761640714003261,0,3.1996190476190477e-06,1.0,-9.680038095238096e-05,0.0014458704850342234,3.1996190476190477e-06,128.03489720919228,126.82432500815794,140.72050320859032,101.53413534001186
2021-06-02,0.1157434166988417,-0.0036384984527561615,-0.003635298499241423,3.199953514738889e-06,-4.7341490501236205e-05,0,3.199953514738889e-06,0.0,3.199953514738889e-06,-0.003635298499241423,3.199953514738889e-06,128.03530691556713,126.82473084075183,140.20987088726983,101.53446024504493
2021-06-03,0.11112667747664987,0.008792109411054117,0.0087952943520972,3.18494104308373e-06,0.0004942470222091613,1,0.0087952943520972,1.0,0.008695294352097201,0.0087952943520972,3.18494104308373e-06,129.16638190469212,127.93231762455086,141.4484970288357,101.53478362682964
2021-06-04,0.11388384805194804,-0.0008001514879836401,-0.0007970285684825064,3.12291950113373e-06,0.0001761372968018208,1,-0.0007970285684825064,0.0,-0.0007970285684825064,-0.0007970285684825064,3.12291950113373e-06,129.06347362409406,127.83039253657111,141.3358034517008,101.53510071228058
2021-06-07,0.10864830133519976,0.0001719756391213163,0.00017506961427659565,3.0939751552793647e-06,0.0007935126937019393,1,0.00017506961427659565,0.0,0.00017506961427659565,0.00017506961427659565,3.0939751552793647e-06,129.08607069461112,127.85277371316013,141.36054922234763,101.53541485984556
2021-06-08,0.11182584758264244,-0.0018284573558532903,-0.001825541746812573,2.9156090407174605e-06,0.00041771057466006775,1,-0.001825541746812573,0.0,-0.001825541746812573,-0.001825541746812573,2.9156090407174605e-06,128.85063364908865,127.61958604896904,141.1027250443921,101.53571089785065
2021-06-09,0.11199460022930027,0.004638505280501559,0.004641367023082649,2.8617425810900792e-06,0.0003957612584324314,1,0.004641367023082649,0.0,0.004641367023082649,0.004641367023082649,2.8617425810900792e-06,129.45006674942675,128.21329212524287,141.75915677114529,101.53600146733379
2021-06-10,0.11325796718066519,0.00194387848118271,0.001946594193743096,2.715712560386111e-06,0.00025040422874873444,1,0.001946594193743096,0.0,0.001946594193743096,0.001946594193743096,2.715712560386111e-06,129.70229891492812,128.46311444770956,142.0353730759329,101.53627721030271
2021-06-11,0.11895937081339716,0.0018108419687644774,0.0018135655401930488,2.7235714285714285e-06,-0.0004211587132279416,0,2.7235714285714285e-06,1.0,-9.727642857142857e-05,0.0018135655401930488,2.7235714285714285e-06,129.70265216888473,128.4506186225174,142.29319725388845,101.5365537519829
2021-06-14,0.11698041658433309,-0.0020166003855408413,-0.0020137061101785226,2.8942753623186506e-06,-0.0001850682094654884,0,2.8942753623186506e-06,0.0,2.8942753623186506e-06,-0.0020137061101785226,2.8942753623186506e-06,129.70302756461857,128.45099039451617,142.00694887991966,101.53684762715407
2021-06-15,0.11856943660790717,-0.0054079314951632216,-0.005404786783292966,3.1447118702551587e-06,-0.00037453958365502027,0,3.1447118702551587e-06,0.0,3.1447118702551587e-06,-0.005404786783292966,3.1447118702551587e-06,129.7034354439103,128.45139433650556,141.24150200139798,101.53716693178613
2021-06-16,0.11659271740143368,-0.000438823113751736,-0.0004357319180995622,3.0911956521738095e-06,-0.0001466285241245851,0,3.0911956521738095e-06,0.0,3.0911956521738095e-06,-0.0004357319180995622,3.0911956521738095e-06,129.7038363832257,128.45179140551096,141.17997197708695,101.53748080352021
2021-06-17,0.11804386791030097,-0.013214966126654765,-0.013211434948255869,3.531178398895635e-06,-0.0003184589678414656,0,3.531178398895635e-06,0.0,3.531178398895635e-06,-0.013211434948255869,3.531178398895635e-06,129.70429439141967,128.45224499250293,139.3270487993287,101.53783935111214
2021-06-18,0.11135680538302281,0.013901616647530474,0.013905201143734752,3.5844962042785713e-06,0.0004603721955882961,1,0.013905201143734752,1.0,0.013805201143734753,0.013905201143734752,3.5844962042785713e-06,131.5204564801992,130.2378510384602,141.2779518527562,101.5382033137642
2021-06-21,0.1199437570526786,0.0051074675469178574,0.005111429423335091,3.9618764172333335e-06,-0.0005458871786449843,0,3.9618764172333335e-06,1.0,-9.603812358276666e-05,0.005111429423335091,3.9618764172333335e-06,131.5209775490263,130.22534384022057,142.00193284532907,101.53860559637424
2021-06-22,0.12356324575994784,-0.001087593932789006,-0.0010838474815418405,3.7464512471654763e-06,-0.0009673290930204727,0,3.7464512471654763e-06,0.0,3.7464512471654763e-06,-0.0010838474815418405,3.7464512471654763e-06,131.5214702868797,130.22583172403634,141.84810778455147,101.53898600652242
2021-06-23,0.12195888609642189,0.005790513099701619,0.005794337776572367,3.824676870748016e-06,-0.0007776137864499814,0,3.824676870748016e-06,0.0,3.824676870748016e-06,0.005794337776572367,3.824676870748016e-06,131.52197331496706,130.2263297967154,142.67240946893588,101.53937436107634
2021-06-24,0.12106632228855718,0.0033211461004207317,0.0033250724723028176,3.9263718820861116e-06,-0.0006630389259859194,0,3.9263718820861116e-06,0.0,3.9263718820861116e-06,0.0033250724723028176,3.9263718820861116e-06,131.52248972015875,130.22684111471884,143.1475951458163,101.53977304320345
2021-06-25,0.12181153048103552,0.0023083877459701935,0.00231236635141237,3.978605442176588e-06,-0.0007456348081879734,0,3.978605442176588e-06,0.0,3.978605442176588e-06,0.00231236635141237,3.978605442176588e-06,131.52301299729308,130.22735923696828,143.47898783110026,101.54017703070073
2021-06-28,0.12927009276645424,0.000273150660718107,0.00027731138634168957,4.16072562358254e-06,-0.0016195970359650334,0,4.16072562358254e-06,0.0,4.16072562358254e-06,0.00027731138634168957,4.16072562358254e-06,131.5235602296018,130.22790107840598,143.51878170551882,101.54059951239603
2021-06-29,0.12985857045288712,0.0013232274270828647,0.001327232914611209,4.005487528344444e-06,-0.0016844183192709639,0,4.005487528344444e-06,0.0,4.005487528344444e-06,0.001327232914611209,4.005487528344444e-06,131.52408704663702,130.2284227056843,143.70939101996066,101.54100623281555
2021-06-30,0.1282172896955549,0.005204036208963041,0.005208054995811113,4.018786848072222e-06,-0.0014845904119730156,0,4.018786848072222e-06,0.0,4.018786848072222e-06,0.005208054995811113,4.018786848072222e-06,131.52461561497037,130.22894606700834,144.4597897947106,101.54141430529593
2021-07-01,0.1305498599300372,0.0074680621769423975,0.007472118231364166,4.056054421768651e-06,-0.0017428286441482175,0,4.056054421768651e-06,0.0,4.056054421768651e-06,0.007472118231364166,4.056054421768651e-06,131.525149087051,130.2294742837721,145.54325326627472,101.54182616363367
2021-07-02,0.13022204480490263,-0.002027946813151109,-0.0020239476634912454,3.999149659863889e-06,-0.0016817021232194886,0,3.999149659863889e-06,0.0,3.999149659863889e-06,-0.0020239476634912454,3.999149659863889e-06,131.525675076858,130.22999509197132,145.24897923696102,101.54223224540522
2021-07-06,0.131678704324039,0.0033492509071085964,0.0033533824363036076,4.131529195011111e-06,-0.0018516837636717437,0,4.131529195011111e-06,0.0,4.131529195011111e-06,0.0033533824363036076,4.131529195011111e-06,131.526218480147,130.23053314210958,145.7368722014709,101.5426517709689
2021-07-07,0.13227797830018082,-0.008602022570882268,-0.008597867216573877,4.1553543083896825e-06,-0.0019070231856427033,0,4.1553543083896825e-06,0.0,4.1553543083896825e-06,-0.008597867216573877,4.1553543083896825e-06,131.52676501932118,130.23107429724087,144.48921719764198,101.5430737175411
2021-07-08,0.13556684494154922,0.011210813719591331,0.011214829918570923,4.0161989795916665e-06,-0.0023080310756964147,0,4.0161989795916665e-06,0.0,4.0161989795916665e-06,0.011214829918570923,4.0161989795916665e-06,131.52729325804137,130.2315973321989,146.11875963496666,101.54348153554909
2021-07-09,0.13469755065496097,0.0034411758364676615,0.0034452147239393167,4.038887471655159e-06,-0.002162018630669338,0,4.038887471655159e-06,0.0,4.038887471655159e-06,0.0034452147239393167,4.038887471655159e-06,131.52782448305106,130.23212332402798,146.6230383124724,101.54389165907271
2021-07-12,0.1240682645407436,-0.0035268032632820422,-0.003523028967647122,3.774295634920238e-06,-0.0009291507583370391,0,3.774295634920238e-06,0.0,3.774295634920238e-06,-0.003523028967647122,3.774295634920238e-06,131.5283209088817,130.23261485949016,146.10738995656135,101.54427491646301
2021-07-13,0.1262691382660018,0.0011606070237454799,0.0011642922750682311,3.6852513227511907e-06,-0.0011850896348668243,0,3.6852513227511907e-06,0.0,3.6852513227511907e-06,0.0011642922750682311,3.6852513227511907e-06,131.52880562469346,130.2330948002907,146.27760073033485,101.54464913332602
2021-07-14,0.12008608987102118,-0.0032712469925520924,-0.003267568936996537,3.6780555555555556e-06,-0.0004741955025747077,0,3.6780555555555556e-06,0.0,3.6780555555555556e-06,-0.003267568936996537,3.6780555555555556e-06,131.5292893958374,130.23357380572943,145.8004086396182,101.54502262087375
2021-07-15,0.12381628389735655,-0.007571103214118744,-0.007567500391698108,3.6028224206349207e-06,-0.0009042405921718503,0,3.6028224206349207e-06,0.0,3.6028224206349207e-06,-0.007567500391698108,3.6028224206349207e-06,131.52976327336384,130.23404301501432,144.7012282596703,101.54538847021699
2021-07-16,0.1256512952484743,-0.016000271759841613,-0.015996800327963308,3.471431878306746e-06,-0.001125071237744234,0,3.471431878306746e-06,0.0,3.471431878306746e-06,-0.015996800327963308,3.471431878306746e-06,131.53021987076954,130.2344951144076,142.40488762410527,101.54574097872748
2021-07-19,0.11934851868804433,0.015045374914448956,0.015048847488145101,3.4725736961448412e-06,-0.0004221943382845435,0,3.4725736961448412e-06,0.0,3.4725736961448412e-06,0.015048847488145101,3.4725736961448412e-06,131.53067661994436,130.23494736407488,144.5641233141946,101.54609360440881
2021-07-20,0.12037126397907646,0.008204518724360012,0.008208068658883821,3.549934523809524e-06,-0.0005221776410738576,0,3.549934523809524e-06,0.0,3.549934523809524e-06,0.008208068658883821,3.549934523809524e-06,131.53114354606302,130.23540969043134,145.75559873060905,101.54645408703212
2021-07-21,0.12489261380365557,0.002011124785026414,0.0020146302382427882,3.5054532163742063e-06,-0.0010305046280035188,0,3.5054532163742063e-06,0.0,3.5054532163742063e-06,0.0020146302382427882,3.5054532163742063e-06,131.53160462314136,130.23586622536732,146.04953835761674,101.5468100540001
2021-07-22,0.12163316200054733,0.01009074895434621,0.010094319060166316,3.5701058201055554e-06,-0.0006519154243976519,0,3.5701058201055554e-06,0.0,3.5701058201055554e-06,0.010094319060166316,3.5701058201055554e-06,131.53207420572676,130.2363311820213,147.5312749756725,101.54717258750483
2021-07-23,0.12790326003871033,0.0023759840481886725,0.0023794199422129485,3.4358940242761907e-06,-0.001353394519549838,0,3.4358940242761907e-06,0.0,3.4358940242761907e-06,0.0023794199422129485,3.4358940242761907e-06,131.5325261367709,130.23677866102207,147.88273179931875,101.54752149342772
2021-07-26,0.1158940678480204,-0.004727461490109692,-0.004723618672649374,3.8428174603174604e-06,2.175926212267046e-05,1,-0.004723618672649374,1.0,-0.004823618672649375,-0.004723618672649374,3.8428174603174604e-06,130.9126817470438,129.61007879931844,147.1858373935349,101.54791172276614
2021-07-27,0.11865097284627091,-0.00019022762533616177,-0.0001863191743724431,3.908450963718651e-06,-0.00029698619431195797,0,3.908450963718651e-06,1.0,-9.609154903628135e-05,-0.0001863191743724431,3.908450963718651e-06,130.91319341384082,129.59762496443966,147.15841640443978,101.5483086185752
2021-07-28,0.11438197558599697,0.00419337732171102,0.004197385011620316,4.007689909296825e-06,0.00018964703066297155,1,0.004197385011620316,1.0,0.004097385011620316,0.004197385011620316,4.007689909296825e-06,131.46384132189286,130.12972569685965,147.77739507291665,101.54871559352247
2021-07-29,0.11370689643097645,-0.0054246731163202465,-0.005420682382193263,3.990734126984127e-06,0.00027018056021870657,1,-0.005420682382193263,0.0,-0.005420682382193263,-0.005420682382193263,3.990734126984127e-06,130.7531455615815,129.42624218828948,146.97850796379117,101.54912084825598
2021-07-30,0.11829851107072045,-0.001848483854461759,-0.0018445946098472469,3.889244614512302e-06,-0.00025820171299441134,0,3.889244614512302e-06,1.0,-9.611075538548771e-05,-0.0018445946098472469,3.889244614512302e-06,130.75365409353762,129.41380353213995,146.70764209590013,101.54951579839538
2021-08-02,0.12627384221087445,0.008166119208389784,0.008170019032652822,3.899824263038492e-06,-0.0011692229476556962,0,3.899824263038492e-06,0.0,3.899824263038492e-06,0.008170019032652822,3.899824263038492e-06,130.75416401080463,129.41430822421503,147.91115599533197,101.54991182443321
2021-08-03,0.12821657595403751,-0.004647083406797074,-0.00464320822964288,3.875177154194841e-06,-0.0013727421704691975,0,3.875177154194841e-06,0.0,3.875177154194841e-06,-0.00464320822964288,3.875177154194841e-06,130.75467070733558,129.4148097285574,147.2259656702595,101.55030534909399
2021-08-04,0.1244946498550343,0.005983628962443262,0.00598749943154757,3.870469104308334e-06,-0.0009564531127998922,0,3.870469104308334e-06,0.0,3.870469104308334e-06,0.00598749943154757,3.870469104308334e-06,130.75517679022818,129.41531062554944,148.11012536742479,101.55069839717403
2021-08-05,0.1317244398777004,0.0016698965840997856,0.0016738821949274498,3.985610827664286e-06,-0.0017644063981475788,0,3.985610827664286e-06,0.0,3.985610827664286e-06,0.0016738821949274498,3.985610827664286e-06,130.7556979305151,129.41582642564066,148.3582518785052,101.5511031395437
2021-08-06,0.1327797640946212,-0.0009443304802205448,-0.0009403678951865314,3.962585034013492e-06,-0.0018747039555045211,0,3.962585034013492e-06,0.0,3.962585034013492e-06,-0.0009403678951865314,3.962585034013492e-06,130.7562160621134,129.41633924787362,148.21880611688724,101.55150554522245
2021-08-09,0.12713076144044985,0.0009884296610786361,0.0009922089864754615,3.779325396825397e-06,-0.0012343525858906374,0,3.779325396825397e-06,0.0,3.779325396825397e-06,0.0009922089864754615,3.779325396825397e-06,130.75671023333538,129.41682835525557,148.36594313154404,101.5518893421317
2021-08-10,0.1317888625985886,0.002461220060095148,0.002464982197991973,3.7621378968249997e-06,-0.0017553518718643867,0,3.7621378968249997e-06,0.0,3.7621378968249997e-06,0.002464982197991973,3.7621378968249997e-06,130.75720215903556,129.41731524012587,148.732113656656,101.55227139506175
2021-08-11,0.12841888386957204,0.0029439802234269203,0.0029477387419454388,3.758518518518254e-06,-0.0013656555218968976,0,3.758518518518254e-06,0.0,3.758518518518254e-06,0.0029477387419454388,3.758518518518254e-06,130.75769361332485,129.41780165841593,149.17118388448426,101.55265308187167
2021-08-12,0.12648481248955995,0.0016023274207890897,0.001606033834479566,3.70641369047619e-06,-0.0011399875801415913,0,3.70641369047619e-06,0.0,3.70641369047619e-06,0.001606033834479566,3.70641369047619e-06,130.75817825632873,129.41828133521673,149.4109503379137,101.5530294787129
2021-08-13,0.13848222111791889,0.0026137958032952857,0.0026174309818667143,3.6351785714285714e-06,-0.002477723381514243,0,3.6351785714285714e-06,0.0,3.6351785714285714e-06,0.0026174309818667143,3.6351785714285714e-06,130.75865358652035,129.4187517946349,149.80253543828456,101.55339864278052
2021-08-16,0.12383990166659992,-0.0070893216161650105,-0.007085769790768185,3.551825396825397e-06,-0.0008276221949609641,0,3.551825396825397e-06,0.0,3.551825396825397e-06,-0.007085769790768185,3.551825396825397e-06,130.7591180192518,129.41921146826067,148.74482094428544,101.55375934336152
2021-08-17,0.12410169226243015,-0.010810112565382694,-0.010806639720144598,3.4728452380952383e-06,-0.0008661803096116829,0,3.4728452380952383e-06,0.0,3.4728452380952383e-06,-0.010806639720144598,3.4728452380952383e-06,130.75957212622066,129.4196609219334,147.14604351911632,101.55411202446348
2021-08-18,0.12701069215578212,0.0012524281868108152,0.0012559520255743905,3.523838763575397e-06,-0.0012075742930992839,0,3.523838763575397e-06,0.0,3.523838763575397e-06,0.0012559520255743905,3.523838763575397e-06,130.76003290268147,129.42011697675483,147.33096799435546,101.55446988541055
2021-08-19,0.139247404688101,0.008105079232410635,0.008108577149077301,3.4979166666666667e-06,-0.0025738125405249494,0,3.4979166666666667e-06,0.0,3.4979166666666667e-06,0.008108577149077301,3.4979166666666667e-06,130.76049029117988,129.42056967833076,148.53046906611485,101.5548251151046
2021-08-20,0.1297347890370852,0.008484295632444433,0.008487698356534068,3.4027240896357144e-06,-0.0014767585862056811,0,3.4027240896357144e-06,0.0,3.4027240896357144e-06,0.008487698356534068,3.4027240896357144e-06,130.76093523380717,129.42101006157017,149.79651619677585,101.55517067874239
2021-08-23,0.12614621673326673,0.001490831728348457,0.0014945751943348515,3.7434659863944445e-06,-0.001059752999234954,0,3.7434659863944445e-06,0.0,3.7434659863944445e-06,0.0014945751943348515,3.7434659863944445e-06,130.76142473383678,129.42149454562608,150.0205657418215,101.55555084778113
2021-08-24,0.12963172535211265,0.0022138608706337355,0.0022176660815180892,3.8052108843535716e-06,-0.0014383612544578012,0,3.8052108843535716e-06,0.0,3.8052108843535716e-06,0.0022176660815180892,3.8052108843535716e-06,130.76192230958011,129.42198702264278,150.35363043863566,101.55593728880383
2021-08-25,0.12904316119475476,-0.005845809560149887,-0.005841962859469615,3.8467006802718255e-06,-0.0013658266093555995,0,3.8467006802718255e-06,0.0,3.8467006802718255e-06,-0.005841962859469615,3.8467006802718255e-06,130.76242531252308,129.42248487124584,149.47783079912136,101.55632794484826
2021-08-26,0.1311984024331452,0.00876529135108363,0.008769045552897689,3.7542018140587303e-06,-0.0016122008744276668,0,3.7542018140587303e-06,0.0,3.7542018140587303e-06,0.008769045552897689,3.7542018140587303e-06,130.76291622197886,129.42297075028537,150.79437267799415,101.55670920851452
2021-08-27,0.13362605503432493,0.004293628586970694,0.004297341469056862,3.71288208616746e-06,-0.0018518600334394859,0,3.71288208616746e-06,0.0,3.71288208616746e-06,0.004297341469056862,3.71288208616746e-06,130.76340173016936,129.42345128340708,151.44378195632055,101.5570862773009
2021-08-30,0.12877735971653007,-0.0013536811038444407,-0.0013500571571324227,3.623946712017857e-06,-0.0013081263077786027,0,3.623946712017857e-06,0.0,3.623946712017857e-06,-0.0013500571571324227,3.623946712017857e-06,130.76387561062776,129.42392030794767,151.23946214733115,101.55745431543666
2021-08-31,0.12815601379961225,0.00030814022226748316,0.0003117134648978685,3.573242630385317e-06,-0.0012407740123461866,0,3.573242630385317e-06,0.0,3.573242630385317e-06,0.0003117134648978685,3.573242630385317e-06,130.76434286251742,129.42438277184337,151.28661287248255,101.5578172055102
2021-09-01,0.13334507090304376,0.0028349834897722836,0.0028385281677768184,3.5446780045349203e-06,-0.0018004522054042033,0,3.5446780045349203e-06,0.0,3.5446780045349203e-06,0.0028385281677768184,3.5446780045349203e-06,130.76480638082884,129.42484154041932,151.71665423804782,101.55817719590905
2021-09-02,0.13068849370033325,-0.0003386069046108435,-0.0003350829692366939,3.523935374149603e-06,-0.001500629752753944,0,3.523935374149603e-06,0.0,3.523935374149603e-06,-0.0003350829692366939,3.523935374149603e-06,130.76526718836766,129.42529762600032,151.66582508752998,101.5585350809928
2021-09-03,0.13625438812778312,-0.003404729652144125,-0.003401266163481994,3.463488662131349e-06,-0.0020987226723483132,0,3.463488662131349e-06,0.0,3.463488662131349e-06,-0.003401266163481994,3.463488662131349e-06,130.7657200931723,129.4257458898275,151.150845536231,101.55888682843673
2021-09-07,0.13253344054686098,-0.0013226416467953734,-0.0013194454045593487,3.1962422360246032e-06,-0.0017009036386216626,0,3.1962422360246032e-06,0.0,3.1962422360246032e-06,-0.0013194454045593487,3.1962422360246032e-06,130.76613805275784,129.4261595665241,150.95154176183217,101.55921143575901
2021-09-08,0.13285442606330364,-0.0046194812076208736,-0.0046162382762889205,3.242931331952778e-06,-0.0017345976229771708,0,3.242931331952778e-06,0.0,3.242931331952778e-06,-0.0046162382762889205,3.242931331952778e-06,130.76656211905168,129.42657928735267,150.25631936757853,101.55954078584186
2021-09-09,0.12574175499231952,-0.007755781116919363,-0.007752617623130543,3.1634937888198413e-06,-0.0009720359030333525,0,3.1634937888198413e-06,0.0,3.1634937888198413e-06,-0.007752617623130543,3.1634937888198413e-06,130.76697579891308,129.42698872818,149.09594336562563,101.55986206932653
2021-09-10,0.13044645955056183,0.002270738488550785,0.002273922239413449,3.183750862663889e-06,-0.0014943982827743708,0,3.183750862663889e-06,0.0,3.183750862663889e-06,0.002273922239413449,3.183750862663889e-06,130.76739212904783,129.42740079212297,149.4353617062545,101.56018541113971
2021-09-13,0.12668572229477615,-0.005766465130044598,-0.005763174377801672,3.290752242925794e-06,-0.0010782968701600719,0,3.290752242925794e-06,0.0,3.290752242925794e-06,-0.005763174377801672,3.290752242925794e-06,130.76782245284483,129.4278267063332,148.5766165843482,101.56051962109754
2021-09-14,0.11996980448667713,0.008434918622866105,0.008438206673245678,3.288050379571825e-06,-0.00035663147017272155,0,3.288050379571825e-06,0.0,3.288050379571825e-06,0.008438206673245678,3.288050379571825e-06,130.76825242473998,129.42825227224756,149.83564126658237,101.56085355775164
2021-09-15,0.12483859672954592,-0.0015555573066102894,-0.0015523011230354105,3.2561835748789684e-06,-0.0008745433750325955,0,3.2561835748789684e-06,0.0,3.2561835748789684e-06,-0.0015523011230354105,3.2561835748789684e-06,130.7686782308689,129.42867371508288,149.60323166388577,101.56118425907326
2021-09-16,0.12616693209396967,-0.009156013239601518,-0.009152683146433816,3.330093167701587e-06,-0.0010195957695113538,0,3.330093167701587e-06,0.0,3.330093167701587e-06,-0.009152683146433816,3.330093167701587e-06,130.76911370347588,129.4291047253426,148.24020786447363,101.56152246784218
2021-09-17,0.1255592994585139,-0.017126220492817076,-0.01712302037376946,3.2001190476190475e-06,-0.0009670218203769974,0,3.2001190476190475e-06,0.0,3.2001190476190475e-06,-0.01712302037376946,3.2001190476190475e-06,130.7695321808771,129.42951891454865,145.72349610922936,101.56184747732478
2021-09-20,0.11594878717324367,-0.0008161406530469267,-0.0008126796836591719,3.4609693877547623e-06,6.221761999668056e-05,1,-0.0008126796836591719,1.0,-0.0009126796836591719,-0.0008126796836591719,3.4609693877547623e-06,130.66330161039193,129.31144511214603,145.6051176928918,101.56219898037813
2021-09-21,0.10682524986763486,0.009471152432798733,0.009474540664091249,3.3882312925166664e-06,0.001063163125346725,1,0.009474540664091249,0.0,0.009474540664091249,0.009474540664091249,3.3882312925166664e-06,131.90715956141173,130.5424339757231,146.9912152514206,101.56254309718182
2021-09-22,0.123194742276508,0.012058311435812616,0.012061715863250257,3.4044274376416667e-06,-0.0007290543518434552,0,3.4044274376416667e-06,1.0,-9.659557256235834e-05,0.012061715863250257,3.4044274376416667e-06,131.90760863052938,130.52982476357636,148.7749171518289,101.56288886007874
2021-09-23,0.12171712345804642,0.0014564381110823113,0.001459942804959862,3.504693877550794e-06,-0.0005500803524706305,0,3.504693877550794e-06,0.0,3.504693877550794e-06,0.001459942804959862,3.504693877550794e-06,131.90807092712785,130.5302822314557,148.9922786507538,101.56324480753727
2021-09-24,0.11937631844758062,-0.0027836636383183192,-0.0027802175328761427,3.4461054421765873e-06,-0.00029174849862268794,0,3.4461054421765873e-06,0.0,3.4461054421765873e-06,-0.0027802175328761427,3.4461054421765873e-06,131.90852549703217,130.5307320533467,148.57862299818441,101.56359480579098
2021-09-27,0.1250452773897059,-0.020577727080671716,-0.020574321587474437,3.4054931972785714e-06,-0.0009144837516718313,0,3.4054931972785714e-06,0.0,3.4054931972785714e-06,-0.020574321587474437,3.4054931972785714e-06,131.9089747113833,130.53117657562368,145.55295093314987,101.56394068051111
2021-09-28,0.11475921433168848,0.0015645942587925066,0.001567936373304978,3.3421145124714287e-06,0.0001912106100385412,1,0.001567936373304978,1.0,0.001467936373304978,0.001567936373304978,3.3421145124714287e-06,132.11596181970145,130.72292874312708,145.78134770817405,101.56428011939845
2021-09-29,0.11881410315680341,-0.011984533037306741,-0.011981220973814677,3.312063492063492e-06,-0.0002552969375518334,0,3.312063492063492e-06,1.0,-9.668793650793651e-05,-0.011981220973814677,3.312063492063492e-06,132.11639939687996,130.71029002390836,144.04513093522317,101.56461650729977
2021-09-30,0.09755408473481036,0.011422689903434384,0.011425952216359555,3.2623129251698414e-06,0.0020869031075709064,1,0.011425952216359555,1.0,0.011325952216359556,0.011425952216359555,3.2623129251698414e-06,133.63461205889715,132.19912383797248,145.70042235011277,101.56494784340143
2021-10-01,0.11548407203439229,-0.013074067452318478,-0.013070933999937525,3.133452380952381e-06,0.00010729349206094023,1,-0.013070933999937525,0.0,-0.013070933999937525,-0.013070933999937525,3.133452380952381e-06,131.89924897976718,130.48240183708367,143.80837410254804,101.56526609282767
2021-10-04,0.1000523019842437,0.010465839609348004,0.010469458977261837,3.619367913832143e-06,0.0018157742160386584,1,0.010469458977261837,0.0,0.010469458977261837,0.010469458977261837,3.619367913832143e-06,133.28741675921967,131.85565807179958,145.32187893967742,101.56563369555818
2021-10-05,0.10591591137826895,0.004090877119063812,0.004094493547635241,3.6164285714285714e-06,0.001171900683509263,1,0.004094493547635241,0.0,0.004094493547635241,0.004094493547635241,3.6164285714285714e-06,133.83428002717454,132.39664699502063,145.91811825134369,101.5660010010819
2021-10-06,0.10865615718101501,0.008260339276966663,0.00826404773501655,3.708458049886508e-06,0.0008679768137134936,1,0.00826404773501655,0.0,0.00826404773501655,0.00826404773501655,3.708458049886508e-06,134.94487559266227,133.49531266579092,147.1289890015084,101.56637765503432
2021-10-07,0.11522904157004268,-0.0019192530395618504,-0.0019155742909790841,3.67874858276627e-06,0.00013793950068718454,1,-0.0019155742909790841,0.0,-0.0019155742909790841,-0.0019155742909790841,3.67874858276627e-06,134.68662608530502,133.23983724607575,146.84742225982413,101.56675129288944
2021-10-08,0.10793408320604417,-0.00689314851694209,-0.006889463790468167,3.684726473922619e-06,0.0009537720234712929,1,-0.006889463790468167,0.0,-0.006889463790468167,-0.006889463790468167,3.684726473922619e-06,133.76189655480363,132.3250410579033,145.83919930711863,101.56712553927629
2021-10-11,0.10348102282929592,-0.002423038699272253,-0.0024196966754627294,3.3420238095238096e-06,0.0014452730532614182,1,-0.0024196966754627294,0.0,-0.0024196966754627294,-0.0024196966754627294,3.3420238095238096e-06,133.43862460616398,132.00524166077767,145.48673927655426,101.56746497959533
2021-10-12,0.10164876817591689,0.0030145951092203174,0.0030179781813102643,3.3830720899468254e-06,0.001645825672237651,1,0.0030179781813102643,0.0,0.0030179781813102643,0.0030179781813102643,3.3830720899468254e-06,133.8419477678918,132.40423236971526,145.92647830899463,101.56780859023256
2021-10-13,0.1082070871559633,0.01691577565359336,0.016919170336133042,3.394682539682143e-06,0.0009138034635358394,1,0.016919170336133042,0.0,0.016919170336133042,0.016919170336133042,3.394682539682143e-06,136.12570766312012,134.66346036876402,148.41643787975585,101.5681533812842
2021-10-14,0.1203288432988038,0.007429178798500737,0.007432441620921371,3.2628224206349206e-06,-0.0004311072578595341,0,3.2628224206349206e-06,1.0,-9.673717757936509e-05,0.007432441620921371,3.2628224206349206e-06,136.12615181785569,134.65043403576038,149.52364391504867,101.56848478067293
2021-10-15,0.11965887805166503,0.003365981007311005,0.00336912271696709,3.141709656084524e-06,-0.0003474026804000333,0,3.141709656084524e-06,0.0,3.141709656084524e-06,0.00336912271696709,3.141709656084524e-06,136.1265794873731,134.6508570689937,150.02825699486047,101.56880387986358
2021-10-18,0.11538292183238805,0.007362831859784781,0.007366160006043284,3.3281462585031747e-06,0.000134355580475436,1,0.007366160006043284,1.0,0.007266160006043284,0.007366160006043284,3.3281462585031747e-06,137.13301187317307,135.63281495258656,151.1374694439895,101.56914191626069
2021-10-19,0.12291343075340047,0.0036539986960792987,0.0036573205869523144,3.321890873015873e-06,-0.0006999874091010161,0,3.321890873015873e-06,1.0,-9.667810912698413e-05,0.0036573205869523144,3.321890873015873e-06,137.13346741483022,135.6197028623376,151.69123966278892,101.56947931842662
2021-10-20,0.12654520872612257,0.0029881552122823733,0.0029914274720985803,3.2722598162071427e-06,-0.001099004741579446,0,3.2722598162071427e-06,0.0,3.2722598162071427e-06,0.0029914274720985803,3.2722598162071427e-06,137.1339161518993,135.62014664596768,152.145692396695,101.56981168069615
2021-10-21,0.12020494244574118,-0.0010764912017448406,-0.0010731549583585973,3.336243386243254e-06,-0.0003870575962575534,0,3.336243386243254e-06,0.0,3.336243386243254e-06,-0.0010731549583585973,3.336243386243254e-06,137.13437366478328,135.6205991085397,151.9825040713483,101.57015054287386
2021-10-22,0.12430251066679271,0.0047336183117133255,0.0047369422309476855,3.3239192343603174e-06,-0.0008435713808161698,0,3.3239192343603174e-06,0.0,3.3239192343603174e-06,0.0047369422309476855,3.3239192343603174e-06,137.13482948912318,135.62104990120685,152.70414424777894,101.57048815441199
2021-10-25,0.12184621248727207,0.0018142310229725884,0.001818128616510003,3.897593537414682e-06,-0.0005630246668799094,0,3.897593537414682e-06,0.0,3.897593537414682e-06,0.001818128616510003,3.897593537414682e-06,137.13536398598995,135.6215784979646,152.98203256409678,101.5708840356617
2021-10-26,0.12403144824490528,-0.005068362306602579,-0.005064400451443849,3.961855158730159e-06,-0.0008023726020346695,0,3.961855158730159e-06,0.0,3.961855158730159e-06,-0.005064400451443849,3.961855158730159e-06,137.13590729751544,135.6221158120794,152.20922883484226,101.57128644558975
2021-10-27,0.12477937650471582,0.009777403413672317,0.00978134404008955,3.9406264172333335e-06,-0.0008914464358882445,0,3.9406264172333335e-06,0.0,3.9406264172333335e-06,0.00978134404008955,3.9406264172333335e-06,137.13644769995926,135.62265024922473,153.70534475205764,101.57168670087296
2021-10-28,0.12573927012984343,0.0019434848330713013,0.00194744568057697,3.9608475056686505e-06,-0.0009817252442362971,0,3.9608475056686505e-06,0.0,3.9608475056686505e-06,0.00194744568057697,3.9608475056686505e-06,137.1369908775918,135.62318743092453,154.00496921826797,101.57208901163162
2021-10-29,0.1213883546131288,0.0017944251642188931,0.0017984504334932693,4.025269274376191e-06,-0.0004969749904813591,0,4.025269274376191e-06,0.0,4.025269274376191e-06,0.0017984504334932693,4.025269274376191e-06,137.13754289201856,135.62373335187254,154.2821887299737,101.57249786746354
2021-11-01,0.12647907905656258,0.0036695529399485664,0.003673611276116367,4.058336167800396e-06,-0.00105560630487566,0,4.058336167800396e-06,0.0,4.058336167800396e-06,0.003673611276116367,4.058336167800396e-06,137.13809944339818,135.62428375969168,154.85000384562676,101.57291008364173
2021-11-02,0.12501597327900746,0.006436458483954294,0.0064405112404735685,4.0527565192742065e-06,-0.0008868344606438178,0,4.0527565192742065e-06,0.0,4.0527565192742065e-06,0.0064405112404735685,4.0527565192742065e-06,137.13865523185098,135.62483341300566,155.85053554529333,101.57332173474943
2021-11-03,0.12419575718518519,0.004169222836135462,0.004173172106260179,3.94927012471627e-06,-0.0007859706269019578,0,3.94927012471627e-06,0.0,3.94927012471627e-06,0.004173172106260179,3.94927012471627e-06,137.1391968305145,135.6253690331661,156.502285639762,101.57372287602652
2021-11-04,0.13441069356423097,0.003721949865254111,0.0037259083006282606,3.958435374149603e-06,-0.0018961495774859356,0,3.958435374149603e-06,0.0,3.958435374149603e-06,0.0037259083006282606,3.958435374149603e-06,137.13973968823686,135.62590589848708,157.0864864684109,101.57412494984004
2021-11-05,0.13121173211586035,0.0008834260927949158,0.0008873067844048929,3.880691609976984e-06,-0.0015320633105985401,0,3.880691609976984e-06,0.0,3.880691609976984e-06,0.0008873067844048929,3.880691609976984e-06,137.1402718863067,135.62643222182342,157.22593223002886,101.57451912845936
2021-11-08,0.1292374362088964,-0.0035083706295365954,-0.003504869385575243,3.501243961352381e-06,-0.0013119864539021774,0,3.501243961352381e-06,0.0,3.501243961352381e-06,-0.003504869385575243,3.501243961352381e-06,137.14075204869607,135.62690708388155,156.67584043659585,101.57487476625366
2021-11-09,0.13142567329109894,-0.008263243446816554,-0.008259833757375561,3.4096894409936505e-06,-0.0015545055831314072,0,3.4096894409936505e-06,0.0,3.4096894409936505e-06,-0.008259833757375561,3.4096894409936505e-06,137.14121965686746,135.62736953030296,155.38705394912424,101.57522110562209
2021-11-10,0.12447112106470165,0.0005473655909996525,0.0005507757255752215,3.4101345755690477e-06,-0.0008095111543429331,0,3.4101345755690477e-06,0.0,3.4101345755690477e-06,0.0005507757255752215,3.4101345755690477e-06,137.14168732767976,135.6278320386738,155.47266093947007,101.57556749138621
2021-11-11,0.12385060692111957,0.007193298668112307,0.007196680911038463,3.3822429261559524e-06,-0.0007397688521972555,0,3.3822429261559524e-06,0.0,3.3822429261559524e-06,0.007196680911038463,3.3822429261559524e-06,137.14215117496605,135.62829076572504,156.59558388314673,101.57591104521183
2021-11-12,0.12198165874740133,-1.4056551189228427e-05,-1.0677315509449458e-05,3.379235679778968e-06,-0.0005254100804510855,0,3.379235679778968e-06,0.0,3.379235679778968e-06,-1.0677315509449458e-05,3.379235679778968e-06,137.14261461139952,135.62874908645878,156.5939118716165,101.57625429473458
2021-11-15,0.1179459743349209,0.0038542393867592967,0.0038577581225869607,3.5187358276642855e-06,-8.535235011538148e-05,0,3.5187358276642855e-06,0.0,3.5187358276642855e-06,0.0038577581225869607,3.5187358276642855e-06,137.14309718088006,135.62922632903712,157.19918004554583,101.57661171536864
2021-11-16,0.11456460891909817,-0.0026084287729071535,-0.002605019594335725,3.4091785714285713e-06,0.00028627310107461404,1,-0.002605019594335725,1.0,-0.0027050195943357246,-0.002605019594335725,3.4091785714285713e-06,136.78630165693312,135.26284237554566,156.790206025261,101.57695800876697
2021-11-17,0.11450350272606277,0.0033756436299862665,0.003379039774514253,3.3961445279865078e-06,0.0002904987158352801,1,0.003379039774514253,0.0,0.003379039774514253,0.003379039774514253,3.3961445279865078e-06,137.24928979798284,135.72067397992387,157.32090248494376,101.57730297938285
2021-11-18,0.12249294434402946,-0.0014031141378528912,-0.0013996279870592404,3.4861507936507935e-06,-0.000576154460498168,0,3.4861507936507935e-06,1.0,-9.65138492063492e-05,-0.0013996279870592404,3.4861507936507935e-06,137.2497682705374,135.70757568735465,157.10086576757055,101.5776570937955
2021-11-19,0.12597764346902654,-0.0032057610383356572,-0.0032022541195681504,3.506918767506746e-06,-0.0009564231160234284,0,3.506918767506746e-06,0.0,3.506918767506746e-06,-0.0032022541195681504,3.506918767506746e-06,137.25024959516955,135.70805160363324,156.59859350390101,101.57801331901214
2021-11-22,0.1182597497943475,0.0016512268910719187,0.001655707232782677,4.480341710758333e-06,-0.00011905199246369132,0,4.480341710758333e-06,0.0,4.480341710758333e-06,0.001655707232782677,4.480341710758333e-06,137.25086452456517,135.7086596234394,156.85808969338675,101.57846842424163
2021-11-23,0.12322744940082792,0.0022867534369012546,0.0022912737234973743,4.520286596119841e-06,-0.0006583977528600293,0,4.520286596119841e-06,0.0,4.520286596119841e-06,0.0022912737234973743,4.520286596119841e-06,137.25148493921063,135.70927306686093,157.21790657468398,101.57892758906868
2021-11-24,0.1171068343929213,-0.022991473348504227,-0.022987044973283768,4.428375220458333e-06,1.1236195614796468e-05,1,-0.022987044973283768,1.0,-0.023087044973283767,-0.022987044973283768,4.428375220458333e-06,134.13246475167202,132.61203755471652,153.64515233697074,101.57937741967054
2021-11-26,0.11349797219407329,0.013109557181043587,0.013113857392683798,4.300211640211507e-06,0.00038459091105934665,1,0.013113857392683798,0.0,0.013113857392683798,0.013113857392683798,4.300211640211507e-06,135.90304294686314,134.36254577469848,155.67330232309305,101.57981423343092
2021-11-29,0.12604279999999998,-0.019147759629021086,-0.019143376992336782,4.382636684303175e-06,-0.0009744916554129106,0,4.382636684303175e-06,1.0,-9.561736331569683e-05,-0.019143376992336782,4.382636684303175e-06,135.90363856182987,134.34969899654047,152.72153316769294,101.58025942182671
2021-11-30,0.12317251152352182,-0.011889814467486255,-0.011885550113429818,4.2643540564373015e-06,-0.0006868117287509769,0,4.2643540564373015e-06,0.0,4.2643540564373015e-06,-0.011885550113429818,4.2643540564373015e-06,135.9042181042979,134.35027191244592,150.91709832431027,101.58069259694165
2021-12-01,0.1276736586188008,0.014090343740388388,0.014094625715697029,4.281975308641666e-06,-0.0011992729545668556,0,4.281975308641666e-06,0.0,4.281975308641666e-06,0.014094625715697029,4.281975308641666e-06,135.9048000440501,134.3508471982246,153.05927949679165,101.58112756389043
2021-12-02,0.14394118547255194,-0.0084887169578282,-0.008484472537634197,4.244420194003174e-06,-0.0029572561982024043,0,4.244420194003174e-06,0.0,4.244420194003174e-06,-0.008484472537634197,4.244420194003174e-06,135.90537688235204,134.35141744088372,151.76614577934154,101.58155871779459
2021-12-03,0.129952392091301,0.011657602893224669,0.011662655055923081,5.052162698412699e-06,-0.001439186027271458,0,5.052162698412699e-06,0.0,5.052162698412699e-06,0.011662655055923081,5.052162698412699e-06,135.9060635001621,134.352096207818,153.54650365668942,101.58207192565281
2021-12-06,0.13576567810361684,0.020491701042777373,0.020495586171745628,3.885128968253968e-06,-0.0020489820211781907,0,3.885128968253968e-06,0.0,3.885128968253968e-06,0.020495586171745628,3.885128968253968e-06,135.90659151377207,134.35261818405291,156.72600078250161,101.58246658586974
2021-12-07,0.13219077910225366,0.0030767232425085306,0.003080543895616996,3.820653108465476e-06,-0.0015979110036562216,0,3.820653108465476e-06,0.0,3.820653108465476e-06,0.003080543895616996,3.820653108465476e-06,135.90711076670533,134.3531314997818,157.20954651703303,101.5828546979779
2021-12-08,0.12702289061723596,-0.007227449928875115,-0.007207038387208448,2.0411541666666668e-05,-0.0010336797078734777,0,2.0411541666666668e-05,0.0,2.0411541666666668e-05,-0.007207038387208448,2.0411541666666668e-05,135.90988486867127,134.3558738823115,156.08060433184772,101.58492818181062
2021-12-09,0.1251514943006708,0.0094831290807837,0.009503806818878939,2.0677738095238095e-05,-0.0008429326437670512,0,2.0677738095238095e-05,0.0,2.0677738095238095e-05,0.009503806818878939,2.0677738095238095e-05,135.91269520673077,134.35865208660658,157.57103540986043,101.5870287500674
2021-12-10,0.1310004004694836,-0.009199080397566702,-0.009178200213042893,2.0880184523809125e-05,-0.0014531120786103347,0,2.0880184523809125e-05,0.0,2.0880184523809125e-05,-0.009178200213042893,2.0880184523809125e-05,135.91553311851376,134.3614575493437,156.13143348236557,101.58914992811813
2021-12-13,0.11096761425921242,-0.00751965110798551,-0.007498643121874399,2.100798611111111e-05,0.0006826115509686991,1,-0.007498643121874399,1.0,-0.007598643121874399,-0.007498643121874399,2.100798611111111e-05,134.90016274878045,133.34436195119443,154.96503823890393,101.59128413398648
2021-12-14,0.11719818901482751,0.016195000372126254,0.016216212899904034,2.1212527777777776e-05,6.768406827272269e-06,1,0.016216212899904034,0.0,0.016216212899904034,0.016216212899904034,2.1212527777777776e-05,137.1055658224902,135.5243301566938,157.49847010945012,101.5934391647799
2021-12-15,0.12477445992414668,-0.008803277128467643,-0.008781825842753357,2.1451285714285715e-05,-0.000790153192371577,0,2.1451285714285715e-05,1.0,-7.85487142857143e-05,-0.008781825842753357,2.1451285714285715e-05,137.108506944701,135.51368531288043,156.1214014131844,101.59561849804479
2021-12-16,0.11842527714705162,-0.010362669938391324,-0.010341010906645293,2.1659031746031748e-05,-0.00011896039515775156,0,2.1659031746031748e-05,0.0,2.1659031746031748e-05,-0.010341010906645293,2.1659031746031748e-05,137.11147661436553,135.51662043987852,154.51526713728242,101.5978189846012
2021-12-17,0.11313194667133539,-0.011475061057820847,-0.011453373010201799,2.1688047619047617e-05,0.0004416158599096099,1,-0.011453373010201799,1.0,-0.011553373010201798,-0.011453373010201799,2.1688047619047617e-05,135.5500466177746,133.95995605232906,152.7556422029089,101.60002246683186
2021-12-20,0.09741061554635103,0.01759978275069764,0.01762176386180875,2.198111111111111e-05,0.0021262996517050076,1,0.01762176386180875,0.0,0.01762176386180875,0.01762176386180875,2.198111111111111e-05,137.9598476444403,136.34148853927297,155.47132333024592,101.60225577275979
2021-12-21,0.11476786091846608,0.010106534630054545,0.010128711352276767,2.2176722222221825e-05,0.0002659334205363413,1,0.010128711352276767,0.0,0.010128711352276767,0.010128711352276767,2.2176722222221825e-05,139.36430377782398,137.72946948505623,157.0540494447252,101.60450900274773
2021-12-22,0.11833901770730601,0.006181838202863958,0.006204416895324275,2.257869246031746e-05,-0.00011372969839757059,0,2.257869246031746e-05,1.0,-7.742130753968254e-05,0.006204416895324275,2.257869246031746e-05,139.36745047710298,137.71880670221054,158.03150738527515,101.60680312560815
2021-12-23,0.1139481158883004,0.013721876029214684,0.013744072068897223,2.2196039682539683e-05,0.00036828565628530853,1,0.013744072068897223,1.0,0.013644072068897223,0.013744072068897223,2.2196039682539683e-05,141.29615049576705,139.61072944114966,160.21849846676565,101.60905841927155
2021-12-27,0.1131629423076923,-0.0010329438779987116,-0.0010106980314378653,2.2245846560846426e-05,0.0004641389210533215,1,-0.0010106980314378653,0.0,-0.0010106980314378653,-0.0010106980314378653,2.2245846560846426e-05,141.15341489805553,139.46969643463248,160.05664775064312,101.61131882393654
2021-12-28,0.11979773833796725,0.0013789091384256364,0.001400921580224578,2.2012441798941667e-05,-0.00025595012967680186,0,2.2012441798941667e-05,1.0,-7.798755820105833e-05,0.001400921580224578,2.2012441798941667e-05,141.1565220635837,139.45881995768497,160.28103169799482,101.6135555617962
2021-12-29,0.11167089466561902,-0.0030157772126166256,-0.002994217530076943,2.155968253968254e-05,0.0006258772358782062,1,-0.002994217530076943,1.0,-0.0030942175300769426,-0.002994217530076943,2.155968253968254e-05,140.7345008576795,139.02797094628218,159.8018331934419,101.61574634141202
